-- MySQL dump 10.13  Distrib 5.5.29, for debian-linux-gnu (x86_64)
--
-- Host: localhost    Database: ddhhdb
-- ------------------------------------------------------
-- Server version	5.5.29-0ubuntu0.12.04.2

/*!40101 SET @OLD_CHARACTER_SET_CLIENT=@@CHARACTER_SET_CLIENT */;
/*!40101 SET @OLD_CHARACTER_SET_RESULTS=@@CHARACTER_SET_RESULTS */;
/*!40101 SET @OLD_COLLATION_CONNECTION=@@COLLATION_CONNECTION */;
/*!40101 SET NAMES utf8 */;
/*!40103 SET @OLD_TIME_ZONE=@@TIME_ZONE */;
/*!40103 SET TIME_ZONE='+00:00' */;
/*!40014 SET @OLD_UNIQUE_CHECKS=@@UNIQUE_CHECKS, UNIQUE_CHECKS=0 */;
/*!40014 SET @OLD_FOREIGN_KEY_CHECKS=@@FOREIGN_KEY_CHECKS, FOREIGN_KEY_CHECKS=0 */;
/*!40101 SET @OLD_SQL_MODE=@@SQL_MODE, SQL_MODE='NO_AUTO_VALUE_ON_ZERO' */;
/*!40111 SET @OLD_SQL_NOTES=@@SQL_NOTES, SQL_NOTES=0 */;

--
-- Table structure for table `autoridades`
--

DROP TABLE IF EXISTS `autoridades`;
/*!40101 SET @saved_cs_client     = @@character_set_client */;
/*!40101 SET character_set_client = utf8 */;
CREATE TABLE `autoridades` (
  `id_autoridad` int(11) NOT NULL AUTO_INCREMENT,
  `nombre` varchar(255) DEFAULT NULL,
  PRIMARY KEY (`id_autoridad`)
) ENGINE=InnoDB AUTO_INCREMENT=20 DEFAULT CHARSET=latin1;
/*!40101 SET character_set_client = @saved_cs_client */;

--
-- Dumping data for table `autoridades`
--

LOCK TABLES `autoridades` WRITE;
/*!40000 ALTER TABLE `autoridades` DISABLE KEYS */;
INSERT INTO `autoridades` VALUES (1,'Patrulla Fronteriza'),(2,'Policía'),(3,'Grupo Beta'),(4,'Agente del instituto nacional de migración'),(5,'El Ejército'),(6,'Marina'),(7,'Migración'),(8,'Policía Federal'),(9,'Policía Preventiva y Transito Municipal'),(10,'Otro actor / Coyote'),(11,'Otro actor / Mafia'),(13,'Policía Estatal de Seguridad'),(14,'Policía Estatal Investigadora'),(16,'Otro actor/ taxista'),(17,'Policia Turística'),(18,'PGR'),(19,'Ministerio Público Federal');
/*!40000 ALTER TABLE `autoridades` ENABLE KEYS */;
UNLOCK TABLES;

--
-- Table structure for table `autoridades2denuncias`
--

DROP TABLE IF EXISTS `autoridades2denuncias`;
/*!40101 SET @saved_cs_client     = @@character_set_client */;
/*!40101 SET character_set_client = utf8 */;
CREATE TABLE `autoridades2denuncias` (
  `id_autoridad` int(11) NOT NULL,
  `id_denuncia` int(11) DEFAULT NULL
) ENGINE=InnoDB DEFAULT CHARSET=latin1;
/*!40101 SET character_set_client = @saved_cs_client */;

--
-- Dumping data for table `autoridades2denuncias`
--

LOCK TABLES `autoridades2denuncias` WRITE;
/*!40000 ALTER TABLE `autoridades2denuncias` DISABLE KEYS */;
INSERT INTO `autoridades2denuncias` VALUES (1,1),(2,2),(4,3),(2,3),(2,4),(2,5),(2,6),(2,7),(5,9),(3,9),(2,9),(5,10),(3,10),(2,10),(1,11),(2,11),(4,12),(5,12),(5,13),(2,13),(2,14),(1,15),(2,16),(11,17),(1,19),(1,20),(2,20),(3,21),(1,21),(2,21),(1,22),(3,23),(2,23),(4,24),(3,24),(1,24),(2,24),(9,25),(4,26),(5,26),(3,26),(7,26),(2,26),(3,27),(1,27),(2,27),(2,28),(4,29),(5,29),(3,29),(2,29),(5,30),(3,30),(2,30),(4,31),(3,31),(1,31),(4,32),(3,32),(1,32),(2,32),(2,33),(4,34),(5,34),(3,34),(2,34),(3,35),(2,35),(4,36),(3,36),(1,36),(2,36),(4,37),(5,37),(3,37),(2,37),(2,38),(1,39),(2,39),(3,40),(1,40),(4,41),(3,41),(2,41),(1,43),(2,43),(5,44),(3,44),(2,44),(5,45),(3,45),(2,45),(2,46),(1,47),(2,47),(4,48),(5,48),(3,48),(2,48),(5,49),(3,49),(2,49),(5,50),(3,50),(2,50),(3,51),(2,51),(4,52),(5,52),(2,52),(5,53),(3,53),(2,53),(2,56),(3,57),(1,57),(4,58),(1,58),(2,58),(5,61),(9,61),(1,62),(2,62),(1,63),(1,64),(2,64),(3,65),(1,65),(1,66),(2,66),(1,67),(4,68),(5,68),(9,68),(9,71),(3,72),(8,72),(9,72),(3,74),(7,74),(17,74),(3,75),(11,75),(13,75),(9,75),(8,76),(13,78),(3,79),(8,79),(3,80),(7,80),(16,80),(13,80),(13,81),(2,82),(3,84),(8,84),(17,84),(8,85),(9,85),(3,86),(11,86),(13,86),(9,87),(3,89),(1,89),(8,89),(8,90),(1,91),(2,91),(13,92),(8,92),(9,93),(8,94),(2,95),(8,96),(9,97),(2,98),(8,99),(9,99),(9,101),(8,102),(3,103),(7,103),(1,103),(17,103),(9,104),(8,105),(4,106),(5,106),(3,106),(1,106),(13,106),(3,107),(6,107),(1,107),(5,108),(3,108),(2,108),(3,110),(2,110),(4,111),(6,111),(1,111),(2,111),(3,112),(1,112),(2,112),(3,113),(1,113),(9,113),(4,114),(3,114),(2,114),(4,115),(5,115),(3,115),(6,115),(2,115),(5,116),(1,116),(18,116),(1,117),(18,117),(3,118),(7,118),(18,118),(2,118),(3,120),(6,120),(14,120),(8,120),(9,120),(9,121),(14,122),(5,123),(2,123),(3,124),(7,124),(18,124),(13,124),(8,125),(5,126),(1,126),(18,126),(1,129),(18,129),(19,129),(5,130),(1,130),(9,131),(2,132),(13,133),(17,134),(9,135),(9,136),(9,137),(5,138),(9,138),(7,139),(3,140),(9,140),(9,141),(13,142),(9,142),(2,143),(8,144),(19,145),(9,147),(13,148),(4,150),(5,150),(18,150),(2,150),(4,151),(5,151),(18,151),(9,152),(2,154),(8,154),(8,155),(8,156),(8,157),(4,158),(13,158),(8,158),(8,159),(8,160),(8,161),(8,162),(13,163),(8,163),(8,164),(5,165),(7,165),(8,166),(8,168),(9,169),(4,171),(2,172),(2,173);
/*!40000 ALTER TABLE `autoridades2denuncias` ENABLE KEYS */;
UNLOCK TABLES;

--
-- Table structure for table `autoridades_responables2denuncias`
--

DROP TABLE IF EXISTS `autoridades_responables2denuncias`;
/*!40101 SET @saved_cs_client     = @@character_set_client */;
/*!40101 SET character_set_client = utf8 */;
CREATE TABLE `autoridades_responables2denuncias` (
  `id_autoridad` int(11) NOT NULL,
  `id_denuncia` int(11) NOT NULL
) ENGINE=InnoDB DEFAULT CHARSET=latin1;
/*!40101 SET character_set_client = @saved_cs_client */;

--
-- Dumping data for table `autoridades_responables2denuncias`
--

LOCK TABLES `autoridades_responables2denuncias` WRITE;
/*!40000 ALTER TABLE `autoridades_responables2denuncias` DISABLE KEYS */;
INSERT INTO `autoridades_responables2denuncias` VALUES (8,2),(2,3),(9,4),(9,5),(8,6),(9,7),(2,9),(5,10),(8,10),(9,11),(7,12),(11,13),(8,14),(2,15),(9,16),(11,17),(8,18),(8,19),(9,20),(9,21),(9,22),(2,24),(9,25),(8,26),(9,27),(8,28),(9,28),(9,29),(7,30),(4,31),(8,32),(2,33),(8,34),(9,34),(9,35),(8,36),(11,37),(8,40),(2,42),(8,43),(9,44),(8,45),(8,47),(9,48),(8,49),(2,50),(8,51),(4,52),(8,56),(2,57),(8,58),(9,61),(9,62),(14,64),(8,64),(13,65),(13,66),(13,67),(9,68),(9,71),(9,72),(8,74),(13,75),(8,76),(13,78),(13,80),(13,81),(2,82),(8,84),(8,85),(13,86),(9,87),(8,89),(8,90),(9,91),(8,92),(11,93),(2,93),(8,94),(2,95),(8,96),(9,97),(2,98),(8,99),(9,101),(8,102),(9,104),(8,105),(13,106),(11,107),(9,108),(9,110),(8,111),(8,112),(9,113),(13,114),(9,115),(18,116),(18,117),(2,118),(9,120),(8,121),(14,122),(2,123),(8,124),(18,125),(18,126),(19,129),(5,130),(9,131),(19,132),(13,133),(17,134),(9,135),(9,136),(9,137),(5,138),(9,138),(7,139),(9,140),(9,141),(13,142),(9,142),(2,143),(11,144),(8,144),(19,145),(9,147),(13,148),(2,150),(18,151),(9,152),(8,153),(8,155),(8,156),(8,157),(4,158),(8,159),(8,160),(8,161),(8,162),(8,163),(8,164),(11,165),(8,166),(2,167),(18,168),(9,169),(4,171),(2,172),(2,173);
/*!40000 ALTER TABLE `autoridades_responables2denuncias` ENABLE KEYS */;
UNLOCK TABLES;

--
-- Table structure for table `denuncias`
--

DROP TABLE IF EXISTS `denuncias`;
/*!40101 SET @saved_cs_client     = @@character_set_client */;
/*!40101 SET character_set_client = utf8 */;
CREATE TABLE `denuncias` (
  `id_denuncia` int(11) NOT NULL AUTO_INCREMENT,
  `numero_queja` varchar(255) DEFAULT NULL,
  `fecha_creada` timestamp NOT NULL DEFAULT CURRENT_TIMESTAMP,
  `id_lugar_denuncia` int(11) DEFAULT NULL,
  `id_tipo_queja` int(11) DEFAULT NULL,
  `intentos` int(11) DEFAULT NULL,
  `motivo_migracion` varchar(50) NOT NULL DEFAULT 'Dato no disponible',
  `viaja_solo` tinyint(1) DEFAULT NULL,
  `con_quien_viaja` varchar(50) NOT NULL DEFAULT 'Dato no disponible',
  `deportado` tinyint(1) DEFAULT NULL,
  `momento_deportado` varchar(50) NOT NULL DEFAULT 'Dato no disponible',
  `separacion_familiar` tinyint(1) DEFAULT NULL,
  `familiar_separado` varchar(50) NOT NULL DEFAULT 'Dato no disponible',
  `situacion_familiar` varchar(50) NOT NULL DEFAULT 'Dato no disponible',
  `acto_siguiente` varchar(50) NOT NULL DEFAULT 'Dato no disponible',
  `acto_siguiente_homologada` varchar(255) DEFAULT NULL,
  `dano_autoridad` tinyint(1) DEFAULT NULL,
  `id_autoridad_dano` int(11) DEFAULT NULL,
  `coyote_guia` tinyint(1) DEFAULT NULL,
  `tiempo_contrato_coyote` varchar(50) NOT NULL DEFAULT 'Dato no disponible',
  `monto_coyote` varchar(50) NOT NULL DEFAULT 'Dato no disponible',
  `conocimineto_punto_fronterizo` tinyint(1) DEFAULT NULL,
  `nombre_punto_fronterizo` varchar(50) NOT NULL DEFAULT 'Dato no disponible',
  `lugar_de_usa` varchar(50) NOT NULL DEFAULT 'Dato no disponible',
  `fecha_injusticia` timestamp NULL DEFAULT NULL,
  `hora_injusticia` varchar(50) NOT NULL DEFAULT 'Dato no disponible',
  `municipio_injusticia` varchar(50) NOT NULL DEFAULT 'Dato no disponible',
  `id_estado_injusticia` int(11) DEFAULT NULL,
  `id_pais_injusticia` int(11) DEFAULT NULL,
  `espacio_fisico_injusticia` varchar(50) NOT NULL DEFAULT 'Dato no disponible',
  `espacio_fisico_injusticia_homologada` varchar(255) DEFAULT NULL,
  `detonante_injusticia` varchar(50) NOT NULL DEFAULT 'Dato no disponible',
  `detonante_injusticia_homologada` varchar(255) DEFAULT NULL,
  `migrantes_injusticia` tinyint(1) DEFAULT NULL,
  `numero_migrantes_injusticia` int(11) DEFAULT NULL,
  `id_transporte_viaje_injusticia` int(11) DEFAULT NULL,
  `lugar_abordaje_transporte` varchar(50) NOT NULL DEFAULT 'Dato no disponible',
  `destino_transporte` varchar(50) NOT NULL DEFAULT 'Dato no disponible',
  `numero_oficiales_responsables` varchar(50) NOT NULL DEFAULT 'Dato no disponible',
  `algun_nombre_responsables` varchar(50) NOT NULL DEFAULT 'Dato no disponible',
  `apodos_responsables` varchar(50) NOT NULL DEFAULT 'Dato no disponible',
  `color_uniforme_responsables` varchar(50) NOT NULL DEFAULT 'Dato no disponible',
  `insignias_responsables` varchar(50) NOT NULL DEFAULT 'Dato no disponible',
  `responsables_abordo_vehiculos_responsables` varchar(50) NOT NULL DEFAULT 'Dato no disponible',
  `id_tipo_transporte_responsables` int(11) DEFAULT NULL,
  `numero_vehiculos_responsables` int(11) DEFAULT NULL,
  `placas_vehiculos_responsables` varchar(50) NOT NULL DEFAULT 'Dato no disponible',
  `descripcion_evento` text,
  `monto_extorsion` varchar(50) NOT NULL DEFAULT 'Dato no disponible',
  `id_estado_caso` int(11) DEFAULT NULL,
  `estado_seguimiento` varchar(50) NOT NULL DEFAULT 'Dato no disponible',
  `nombre_persona_atendio_seguimiento` varchar(50) NOT NULL DEFAULT 'Dato no disponible',
  `descripcion_seguimiento` varchar(50) NOT NULL DEFAULT 'Dato no disponible',
  `telefono_seguimiento` varchar(50) NOT NULL DEFAULT 'Dato no disponible',
  `documento1_seguimiento` varchar(255) NOT NULL DEFAULT 'NO SABE',
  `documento2_seguimiento` varchar(255) NOT NULL DEFAULT 'NO SABE',
  `carcteristicas_ficias_policia_responsable` varchar(50) NOT NULL DEFAULT 'Dato no disponible',
  `notas_seguimiento` varchar(255) NOT NULL DEFAULT '',
  `documento3_seguimiento` varchar(255) DEFAULT NULL,
  `documento4_seguimiento` varchar(255) DEFAULT NULL,
  `documento5_seguimiento` varchar(255) DEFAULT NULL,
  `documento6_seguimiento` varchar(255) DEFAULT NULL,
  `documento7_seguimiento` varchar(255) DEFAULT NULL,
  `documento8_seguimiento` varchar(255) DEFAULT NULL,
  `documento9_seguimiento` varchar(255) DEFAULT NULL,
  `documento10_seguimiento` varchar(255) DEFAULT NULL,
  `uniformado_responsables` varchar(50) NOT NULL DEFAULT 'Dato no disponible',
  `lugar_contrato_coyote` varchar(50) NOT NULL DEFAULT 'Dato no disponible',
  `carcteristicas_ficias_policia_responsable2` varchar(50) NOT NULL DEFAULT 'Dato no disponible',
  `carcteristicas_ficias_policia_responsable3` varchar(50) NOT NULL DEFAULT 'Dato no disponible',
  PRIMARY KEY (`id_denuncia`)
) ENGINE=InnoDB AUTO_INCREMENT=174 DEFAULT CHARSET=latin1;
/*!40101 SET character_set_client = @saved_cs_client */;

--
-- Dumping data for table `denuncias`
--

LOCK TABLES `denuncias` WRITE;
/*!40000 ALTER TABLE `denuncias` DISABLE KEYS */;
INSERT INTO `denuncias` VALUES (1,'Q-05-14','2014-02-16 12:00:00',1,1,1,'Falta de trabajo',2,'Dato no disponible',1,'Dato no disponible',1,'amigo','Dato no disponible','Regresar a mi comunidad',NULL,1,10,1,'Dato no disponible','6000 dolares',1,'Sonoita','Dato no disponible','2014-02-06 12:00:00','Dato no disponible','Sonora',26,1,'Desierto','Otro','Cansancio','Detectaron su aspecto de migrante',NULL,2,3,'Dato no disponible','Dato no disponible','Dato no disponible','Dato no disponible','Dato no disponible','Dato no disponible','Dato no disponible','Dato no disponible',NULL,NULL,'Dato no disponible',NULL,'Dato no disponible',NULL,'Dato no disponible','Engracia Robles','Dato no disponible','Dato no disponible','','','Dato no disponible','',NULL,NULL,NULL,NULL,NULL,NULL,NULL,NULL,'Dato no disponible','Dato no disponible','No aplica','No aplica'),(2,'Q-01-14','2014-02-28 00:00:00',2,2,NULL,'Falta de trabajo',NULL,'Dato no disponible',1,'Al cruzar la frontera',2,'Dato no disponible','Dato no disponible','regresar a mi comunidad',NULL,1,8,NULL,'Dato no disponible','Dato no disponible',NULL,'Dato no disponible','Dato no disponible','2014-02-26 09:00:00','Dato no disponible','Agua Prieta',26,1,'carretera','Reten','Retén','Revisión',NULL,11,1,'Torreón','Naco, Sonora','Dato no disponible','4','Dato no disponible','azul marino','Dato no disponible','Dato no disponible',8,NULL,'Dato no disponible','<div>\n	Mi nombre es Juan Manuel Gonz&aacute;lez S&aacute;nchez, ven&iacute;amos en el autob&uacute;s An&aacute;huac y se detuvo en un ret&eacute;n que tiene un cuartito con una virgen y ah&iacute; se subieron los polic&iacute;as, una mujer nos dijo que baj&aacute;ramos para chequear y nos metieron al cuartito donde est&aacute; la virgen y adentro estaba un polic&iacute;a gordito y chaparro, era el que nos dec&iacute;a que d&oacute;nde tra&iacute;amos el dinero, y yo saqu&eacute; 1200 pesos y me dijo que cu&aacute;nto le iba a dejar, que si quinientos, yo le dije que los quer&iacute;a para un hotel y &eacute;l dijo que le dejara 200 y a otros diez que ven&iacute;an les hizo lo mismo. Eran una mujer, el gordito y otros dos, uno de ellos tra&iacute;a una van guinda y la ten&iacute;a estacionada a un lado del cuarto donde estaba la virgen, despu&eacute;s que nos chequearon nos dejaron ir, esto fue el d&iacute;a mi&eacute;rcoles 26 de febrero a las 9:15 de la noche. &nbsp; &nbsp; &nbsp; &nbsp; &nbsp; &nbsp; &nbsp; &nbsp; &nbsp; &nbsp; &nbsp; &nbsp; &nbsp; &nbsp;&nbsp;</div>\n<div>\n	&nbsp;</div>\n','200 pesos cada uno eran 10',2,'Dato no disponible','Dato no disponible','Dato no disponible','Dato no disponible','','','Dato no disponible','',NULL,NULL,NULL,NULL,NULL,NULL,NULL,NULL,'Dato no disponible','Dato no disponible','No aplica','No aplica'),(3,'Q-02-14','2014-02-11 12:00:00',1,1,1,'Dato no disponible',1,'Dato no disponible',2,'Dato no disponible',NULL,'Dato no disponible','Dato no disponible','esperar en esta ciudad',NULL,1,2,NULL,'Dato no disponible','Dato no disponible',NULL,'Dato no disponible','Dato no disponible','2014-01-12 11:00:00','Dato no disponible','Hermosillo',26,1,'A lado de la estación del ferrocarril','Afuera de la terminal de transporte','verme sucio','Detectaron su aspecto de migrante',NULL,NULL,4,'Dato no disponible','Dato no disponible','3','Dato no disponible','Dato no disponible','Dato no disponible','Dato no disponible','Dato no disponible',9,NULL,'Dato no disponible',NULL,'Dato no disponible',NULL,'Dato no disponible','Engracia Robles','Dato no disponible','Dato no disponible','','','Dato no disponible','',NULL,NULL,NULL,NULL,NULL,NULL,NULL,NULL,'Dato no disponible','Dato no disponible','No aplica','No aplica'),(4,'Q-04-14','2014-02-14 12:00:00',1,2,1,'Dato no disponible',2,'Amigos',2,'Dato no disponible',2,'Dato no disponible','Dato no disponible','intentar cruzar otra vez',NULL,1,2,NULL,'Dato no disponible','Dato no disponible',NULL,'Dato no disponible','Dato no disponible','2014-02-04 12:00:00','Dato no disponible','Celaya',11,1,'a bordo del tren ','A bordo del propio transporte','Hacer parada en la estación','Revisión',NULL,2,4,'Dato no disponible','Dato no disponible','1','Dato no disponible','Dato no disponible','Dato no disponible','Dato no disponible','Dato no disponible',9,1,'Dato no disponible','<p>\n	Y Hector Mejia</p>\n','Dato no disponible',NULL,'Dato no disponible','Engracia Robles','Dato no disponible','Dato no disponible','','','Dato no disponible','',NULL,NULL,NULL,NULL,NULL,NULL,NULL,NULL,'Dato no disponible','Dato no disponible','No aplica','No aplica'),(5,'Q-06-14','2014-02-26 12:00:00',1,1,1,'Dato no disponible',1,'Dato no disponible',2,'Dato no disponible',NULL,'Dato no disponible','Dato no disponible','esperar en esta ciudad',NULL,1,2,2,'Dato no disponible','Dato no disponible',NULL,'Dato no disponible','Dato no disponible','2014-02-23 05:00:00','Dato no disponible','Benjamín Gil',26,1,'calle','Vía pública','bajar a comer','Detectaron su aspecto de migrante',NULL,NULL,4,'Dato no disponible','Dato no disponible','4','Dato no disponible','Dato no disponible','Dato no disponible','Dato no disponible','Dato no disponible',9,1,'Dato no disponible','<div>\n	Yo estaba sentado en la estaci&oacute;n. Lleg&oacute; uno y me orden&oacute; subir a la Patrulla. Yo me negu&eacute; a subir. Me agarr&oacute; a patadas y me subi&oacute; y me llevaron a Benjam&iacute;n Gil. Me tuvieron encerrado hasta a otro d&iacute;a. Cuando me detuvieron me quitaron $ 100.00</div>\n<div>\n	&nbsp;</div>\n<div>\n	&nbsp;</div>\n','Dato no disponible',NULL,'Dato no disponible','Engracia Robles','Dato no disponible','Dato no disponible','','','Dato no disponible','',NULL,NULL,NULL,NULL,NULL,NULL,NULL,NULL,'Dato no disponible','Dato no disponible','No aplica','No aplica'),(6,'Q-07-14','2014-02-27 12:00:00',1,2,9,'Dato no disponible',2,'sobrino',1,'Al cruzar la frontera',1,'sobrino','si','intentar cruzar otra vez',NULL,1,8,1,'Dato no disponible','Dato no disponible',1,'Naco','Dato no disponible','2014-01-15 06:00:00','Dato no disponible','Casas Grandes',8,1,'retén ','Reten','revisión','Revisión',NULL,1,1,'Dato no disponible','Dato no disponible','varios','Dato no disponible','Dato no disponible','Dato no disponible','Dato no disponible','Dato no disponible',7,NULL,'Dato no disponible','<div>\n	en&iacute;amos en el bus. Subieron y nos bajaron a todos so pretexto de revisi&oacute;n. Iban de uno en uno a una especie de capilla- ten-ia imagen y veladoras-chica como para 4 personas. Me dijeron que sacara todo de las bolsas y uno abri&oacute; mi cartera, sac&oacute; todos los billetes, luego hizo como que me revisaba la cintura con los billetes en la mano. Otro polic&iacute;a le jal&oacute; los billetes y los guard&oacute;. M&aacute;s o menos era $ 1 400.00 Me robaron 800.00.</div>\n<div>\n	&nbsp;</div>\n','Dato no disponible',NULL,'Dato no disponible','Engracia Robles','Dato no disponible','Dato no disponible','','','Dato no disponible','',NULL,NULL,NULL,NULL,NULL,NULL,NULL,NULL,'Dato no disponible','Dato no disponible','No aplica','No aplica'),(7,'Q-08-14','2014-02-28 12:00:00',1,2,2,'Dato no disponible',NULL,'Dato no disponible',1,'Al cruzar la frontera',2,'Dato no disponible','Dato no disponible','regresar a mi comunidad',NULL,1,9,NULL,'Dato no disponible','Dato no disponible',NULL,'Dato no disponible','Dato no disponible','2014-02-25 12:00:00','Dato no disponible','Santa Cruz',26,1,'Calle','Vía pública','Caminando','Detectaron su aspecto de migrante',NULL,5,10,'Dato no disponible','Dato no disponible','3','Dato no disponible','Dato no disponible','azul','Dato no disponible','Dato no disponible',9,1,'Dato no disponible','<div>\n	Nos bajamos del autob&uacute;s para ir caminando a Santa Cruz. La polic&iacute;a, antes de llegar a Santa Cruz nos agarraron- &eacute;ramos cinco- nos encerraron toda la noche y en la ma&ntilde;ana nos subieron a un camioncito y nos mandaron a Nogales. Esa noche nos hab&iacute;an dicho que sac&aacute;ramos todo lo que tra&iacute;amos y nos robaron. A m&iacute; mil pesos, a otro tambi&eacute;n mil y a otro 20000. Papeles de identificaci&oacute;n y credenciales nos las regresaron pero el dinero no.</div>\n<div>\n	&nbsp;</div>\n','Dato no disponible',NULL,'Dato no disponible','Engracia Robles','Dato no disponible','Dato no disponible','','','Dato no disponible','',NULL,NULL,NULL,NULL,NULL,NULL,NULL,NULL,'Dato no disponible','Dato no disponible','No aplica','No aplica'),(9,'Q-30-14','2014-03-27 00:00:00',1,2,NULL,'Dato no disponible',2,'Dato no disponible',2,'Dato no disponible',2,'Dato no disponible','Dato no disponible','Intentar cruzar otra vez ',NULL,1,2,2,'Dato no disponible','Dato no disponible',NULL,'Dato no disponible','Dato no disponible','2014-03-19 20:00:00','Dato no disponible','Estado de Mèxico',15,1,'En el metro','A bordo del propio transporte','Dato no disponible','Revisión',NULL,3,4,'Dato no disponible','Dato no disponible','7','Dato no disponible','no escucho','azul','no vio','Si',NULL,NULL,'no vio','<p>\n	Se llevaron a dos. Los custodiaba, a la Che vi, dos polic&iacute;as dentro y los 7 de la patrulla fuera. Los llevaron a ese lugar, los desnudaron totalmente y se quedaron custodi&aacute;ndolos. Como no era un local, sino &aacute;rea, se les escaparon as&iacute; desnudos y un Sr. los auxili&oacute;. El &nbsp;otro Sr. dijo que iba a poner la denuncia en su pueblo y &eacute;ste la puso en el F.M.4 pero no quiso esperar. Eran 6 meses de espera y ten&iacute;a que ir al Ministerio P. No quiso. Aqu&iacute; tambi&eacute;n lo document&oacute;. Los otros dos que dieron sus nombres en este documento, s&oacute;lo eran compa&ntilde;eros en M&eacute;xico, Lecher&iacute;a, pero ellos no fueron secuestrados porque corrieron.</p>\n','2000',2,'Dato no disponible','Engracia Robles ','Dato no disponible','Dato no disponible','','','Dato no disponible','',NULL,NULL,NULL,NULL,NULL,NULL,NULL,NULL,'Si','Dato no disponible','No aplica','No aplica'),(10,'Q-31-14','2014-03-27 00:00:00',1,2,NULL,'Dato no disponible',1,'Dato no disponible',2,'Dato no disponible',2,'Dato no disponible','Dato no disponible','Intentar Cruzar otra vez ',NULL,1,8,2,'Dato no disponible','Dato no disponible',NULL,'Dato no disponible','Dato no disponible','2014-03-07 15:00:00','Dato no disponible','Palenque',7,1,'Carretera','Reten','Pararon la combi ',NULL,NULL,8,NULL,'Dato no disponible','Dato no disponible','5','Dato no disponible','no','Azul y Verde ','No vio','Si',7,3,'No vio','<p>\n	Ven&iacute;amos y pararon la Combi cerca de Palenque. Nos bajaron de la combi a todos y nos metieron a un cuarto. Y ah&iacute; nos registraron y nos quitaron todo el dinero que tra&iacute;amos. A m&iacute; me quitaron $ 1000.00 y $ 400 quetzales. Nos quitan la mochila y nos quitaron la ropa que tra&iacute;amos puesta con pistola en mano. Nos quitan el dinero que tra&iacute;amos en las pretinas del pantal&oacute;n y ya nos regresaron la ropa pero sin dinero. &nbsp;Unos tra&iacute;an hasta $ 5 000.00 y se los quitaron. Otros 3000.00. Despu&eacute;s entregan la ropa y la combi ya se fue. Uno tiene que caminar. Despu&eacute;s hay que caminar para llegar a la ciudad. Nos dejan con la amenaza de que, si los denunciamos, nos van a entregar a migraci&oacute;n.</p>\n','9000',2,'Dato no disponible','Engracia Robles','Dato no disponible','Dato no disponible','','','no','',NULL,NULL,NULL,NULL,NULL,NULL,NULL,NULL,'Si','Dato no disponible','No aplica','No aplica'),(11,'Q-32-14','2014-03-31 00:00:00',2,1,NULL,'Dato no disponible',2,'Tío ',1,'Al cruzar la frontera',1,'Tío','Fue repratriado','Regresar a mi comunidad',NULL,1,9,1,'Dato no disponible','10,000',1,'Dato no disponible','Dato no disponible','2014-03-30 18:34:00','Dato no disponible','Agua Prieta',26,1,'Vía Publica','Vía pública','viajaban en taxi',NULL,NULL,0,3,'Elektra','CAME','3','Dato no disponible','no escucho','Azul Marino','Policía','Si',9,2,'no vio','<p>\n	Llegu&eacute; a la Casa del Migrante y a mi t&iacute;o Exal M&eacute;ndez en ese momento le iban a enviar dinero desde los Estados Unidos, pero por la lesi&oacute;n que &eacute;l tiene no puede caminar mucho, as&iacute; que mi t&iacute;a Loli P&eacute;rez Rodr&iacute;guez envi&oacute; $4,008.00 (cuatro mil ocho pesos 00/100 m.n.) a mi nombre para que se los cobrara a mi t&iacute;o Exal M&eacute;ndez&hellip;.. Sal&iacute; de Ley y fui a la tienda Coppel, de ah&iacute; afuera llam&eacute; al taxista para que me fuera por m&iacute;, eran las 17:58 horas y me dijo que lo esperara cinco minutos; as&iacute; fue, el taxista lleg&oacute; muy r&aacute;pido. Cuando me sub&iacute; al taxi le dije que me llevara al otro Elektra, donde hab&iacute;a tomado el taxi. El taxista me llev&oacute; &nbsp;y le ped&iacute; que me esperara. En Elektra tard&eacute; como veinte minutos y cobr&eacute; $4008.00 (cuatro mil ocho pesos 00/100 m.n.) que envi&oacute; mi t&iacute;a Loli P&eacute;rez Rodr&iacute;guez. Sal&iacute; y me sub&iacute; al taxi y le dije al taxista que me llevara a la Casa del Migrante. En el camino, despu&eacute;s de pasar las v&iacute;as, sobre la calle 6, como a una cuadra y media antes de llegar a la Casa del Migrante, donde est&aacute; un tope, dos patrullas de la Polic&iacute;a Estatal pararon al taxi encendiendo las torretas, esto como a las 18:30 horas. El taxi se detuvo y se baj&oacute; un polic&iacute;a de una patrulla y otros dos, una mujer y un hombre con armas largas, de otra patrulla. Este &uacute;ltimo hombre me dijo que me sacara todo de las bolsas, saqu&eacute; mi cartera, mis compras y los tickets que tra&iacute;a, despu&eacute;s este polic&iacute;a y su compa&ntilde;era mujer detuvieron otro carro. Conmigo se qued&oacute; el primer polic&iacute;a que ven&iacute;a solo en la otra patrulla, al taxista le pidi&oacute; una identificaci&oacute;n y a m&iacute; me dijo que me bajara, yo me baj&eacute; y me empez&oacute; a preguntar que de d&oacute;nde era, que si tra&iacute;a identificaci&oacute;n, que cu&aacute;nto dinero tra&iacute;a, yo le respond&iacute; que era de Chiapas, le mostr&eacute; mi identificaci&oacute;n y le dije cu&aacute;nto tra&iacute;a, el polic&iacute;a me pregunt&oacute; que por qu&eacute; tanto dinero, yo le dije que tra&iacute;a $4,008.00 (cuatro mil ocho pesos 00/100 m.n.) que acaba de cobrar y que eran de mi t&iacute;o y yo tra&iacute;a aparte $1,900.00 (mil novecientos pesos 00/100 m.n.), incluso me pidi&oacute; el recibo de Elektra para ver que si fueran los $4,008.00 (cuatro mil ocho pesos 00/100 m.n.). Despu&eacute;s me pregunt&oacute; que a qu&eacute; me dedicaba y yo le dije que en Chiapas me dedico al mango y me dijo palabras groseras. El polic&iacute;a me dijo que me subiera a la cabina trasera de la patrulla, me sub&iacute; y &eacute;l tambi&eacute;n, se sent&oacute; a un lado y me pregunt&oacute; que cu&aacute;nto le iba a dejar, yo le dije que no era mi dinero, que era de mi t&iacute;o, entonces grit&aacute;ndome me dijo que soltara $500.00 (quinientos pesos 00/100 m.n.) sino me iba a llevar a migraci&oacute;n para que me deportaran a Chiapas, &eacute;l sac&oacute; las esposas y me quer&iacute;a esposar, entonces por miedo le di los $500.00 (quinientos pesos 00/100 m.n.), &eacute;l me dijo que los metiera en la bolsa del respaldo del asiento de enfrente y ah&iacute; los met&iacute;. Despu&eacute;s me dijo &ldquo;j&aacute;lale ya, ah&iacute; estamos bien&rdquo;, yo me baj&eacute; de la patrulla y me sub&iacute; al taxi y este me llev&oacute; a la Casa del Migrante y le pagu&eacute; $50.00 (cincuenta pesos 00/100 m.n.). Con el polic&iacute;a creo que tard&eacute; como media hora.</p>\n','500',2,'Dato no disponible','Perla Del Ángel','Dato no disponible','Dato no disponible','','','No recuerda','',NULL,NULL,NULL,NULL,NULL,NULL,NULL,NULL,'Si','Dato no disponible','No aplica','No aplica'),(12,'Q-33-14','2014-03-26 00:00:00',1,2,NULL,'Dato no disponible',2,'Hermana',2,'Dato no disponible',2,'Dato no disponible','Dato no disponible','Intentar Cruzar otra vez',NULL,1,7,2,'Dato no disponible','Dato no disponible',NULL,'Dato no disponible','Dato no disponible','2014-02-28 00:00:00','Dato no disponible','Tonalá',7,1,'Carretera','Reten','pararon el camión ','Revisión',NULL,3,1,'Central','Dato no disponible','2','Dato no disponible','No scucho','Blanco','INM','Si',8,1,'Si traía pero no las vio ','<p>\n	Ven&iacute;amos en el bus. Lo para Migraci&oacute;n sube migraci&oacute;n y solo me bajaron a m&iacute;. Me preguntaron con qui&eacute;n andaba. Les dije que con una compa&ntilde;era y mi hermana. Las bajaron a ellas tambi&eacute;n. Me preguntaron de d&oacute;nde ven&iacute;amos, cu&aacute;ntos &eacute;ramos. Solo ven&iacute;amos los tres. Nos dijeron que nos iban a deportar para Honduras. Nos preguntaron cu&aacute;nto and&aacute;bamos. Les dije que $ 1 100.00 . Dijeron que era muy poquito. Ellos ped&iacute;an $ 1 500.00 Se subieron a la camioneta y hablaron entre ellos. Nos volvieron a preguntar que cu&aacute;nto tra&iacute;amos. Les volv&iacute; a decir la cantidad y ya dijeron que se los di&eacute;ramos, pero que no le dij&eacute;ramos a nadie porque nos iban a hacer el favor. El autob&uacute;s ya se hab&iacute;a ido y nos dejaron en una parte sola, muy s&oacute;la, zona de riesgo. Ah&iacute; nos pod&iacute;an asaltar, matar, violar a mi hermana. En ese cerro han violado a muchas mujeres. &nbsp;Esperamos como una hora y pas&oacute; otro autob&uacute;s. Seguimos el camino. Despu&eacute;s entre Arriaga, Huistepec, Huehuetoca, Lecher&iacute;a volvieron a asaltar el tren, pero a nosotros no nos llegaron.</p>\n','1100',2,'Dato no disponible','Engracia Robles','Dato no disponible','Dato no disponible','','','No vio ','',NULL,NULL,NULL,NULL,NULL,NULL,NULL,NULL,'Si','Dato no disponible','No aplica','No aplica'),(13,'Q-34-14 ','2014-03-26 00:00:00',1,2,NULL,'Dato no disponible',1,'Dato no disponible',2,'Dato no disponible',2,'Dato no disponible','Dato no disponible','Intentar Cruzar otra vez ',NULL,2,11,2,'Dato no disponible','Dato no disponible',NULL,'Dato no disponible','Dato no disponible','2014-02-07 08:00:00','Dato no disponible','Medias Aguas ',7,1,'Estación del Tren ','Afuera de la terminal de transporte','Esperando el Tren','Intentar viajar',NULL,40,4,'Dato no disponible','Dato no disponible','20','Dato no disponible','Perro','Dato no disponible','Dato no disponible','Si',8,2,'No vio ','<p>\n	Esper&aacute;bamos el tren. En eso apareci&oacute; el grupo. Llegaron como amigos: Hola, c&oacute;mo est&aacute;s, qui&eacute;n es el gu&iacute;a, cu&aacute;ntos llevas? No llegaron todos a la vez, iban llegando poco a poco. Cuando ya llegaron el grupo, nos dijeron: Saben qu&eacute;, esto es un asalto, t&iacute;rense todos. Qu&iacute;tense los zapatos, dejen todo lo que traen en las mochilas y d&eacute;jenlas afuera, a ver si llev&aacute;bamos armas. Ellos fueron a ver las cosas buenas que tra&iacute;amos. Tenis y otras propiedades. Todos tirados con la cabeza hacia abajo. El dinero, nos ordenaron que lo pusi&eacute;ramos en las manos al frente y ellos fueron pasando y tomaban el dinero de la s manos. Tambi&eacute;n dijeron que si no sac&aacute;bamos el dinero y nos registraban y encontraban dinero en las bolsas, ellos nos llevaban con ellos. Todos sacamos todo. Yo saqu&eacute; mis $ 480.00 que tra&iacute;a.&nbsp;</p>\n','480 ',2,'Dato no disponible','Engracia Robles','Dato no disponible','Dato no disponible','','','Dato no disponible','',NULL,NULL,NULL,NULL,NULL,NULL,NULL,NULL,'No','Dato no disponible','No aplica','No aplica'),(14,'Q-35-14 ','2014-04-02 00:00:00',1,2,NULL,'Dato no disponible',2,'2 amigos ',2,'Dato no disponible',2,'Dato no disponible','Dato no disponible','Intentar Cruzar otra vez ',NULL,1,8,2,'Dato no disponible','Dato no disponible',NULL,'Dato no disponible','Dato no disponible','2014-03-14 16:00:00','Dato no disponible','Córdoba ',30,1,'Carretera ','Reten','Intervenciòn de la Policía Federal','Revisión',NULL,2,4,'Coatzacoalco Veracuz','Córdoba Veracruz ','7','Dato no disponible','No escucho','Dato no disponible','No vio ','Si',NULL,2,'No vio ','<p>\n	Salio de coaxacoalcos &nbsp;e iba llegando a c&oacute;rdoba. Entrando a c&oacute;rdoba &nbsp;salieron polic&iacute;as federales. Eran 2 patrullas de federales con &nbsp;varios polic&iacute;as. Ellos iban a rodear la estaci&oacute;n de tren y los llamaron. Dos polic&iacute;as se le acercaron &nbsp;les dijeron que ten&iacute;an que dar 500 cada uno, y que como no ten&iacute;an clave los ten&iacute;an que dar o los devolver&iacute;an. Uno de los dos muchachos se enojo y entonces se acercaron 7 polic&iacute;as &nbsp;a robarles &nbsp;y uno de estos le pego. Despu&eacute;s &nbsp;les sacaron 750 pesos, y era todo lo que ten&iacute;an., iban Ever con su primo. &nbsp;Despu&eacute;sles dijo que ac&aacute; era Mexico y ten&iacute;an que hacer lo que ellos quer&iacute;an.</p>\n','750',2,'Dato no disponible','Natalia Serna','Dato no disponible','Dato no disponible','','','No vio ','',NULL,NULL,NULL,NULL,NULL,NULL,NULL,NULL,'No','Dato no disponible','No aplica','No aplica'),(15,'Q-36-14','2014-04-03 00:00:00',3,1,NULL,'Dato no disponible',1,'Dato no disponible',NULL,'Al cruzar la frontera',2,'Dato no disponible','Dato no disponible','Intentar cruzar otra vez',NULL,1,1,2,'Dato no disponible','Dato no disponible',NULL,'Dato no disponible','Dato no disponible','2014-04-01 06:30:00','Dato no disponible','Santa Ana ',26,1,'Autobus','A bordo del propio transporte','Viajar en autobus','Revisión',NULL,NULL,1,'Elite','Altar','3','Dato no disponible','No scucho ','Negro','No vio ','Si',8,1,'No vio ','<p>\n	Rafael Mada Lastra intento cruzar el desierto de Arizona el cual no logro llegar a su destino y fue deportado por Nogales, Arizona; el mismo d&iacute;a tomo un autob&uacute;s de elite hacia Altar y en el tramo de la carretera de Santa Ana-Altar fue detenido el autob&uacute;s para una revisi&oacute;n en la cual se dice solo bajaron a los migrantes, para as&iacute; llevarlos a la parte de atr&aacute;s del autob&uacute;s. Rafael y dos compa&ntilde;eros m&aacute;s fueron maltratados y despojados de sus pertenencias brutalmente solo para registrar su equipaje, al no encontrarles nada les amenazaron con que ten&iacute;an que sacar todo el dinero que ten&iacute;an, a lo que ellos contestaron que no tra&iacute;an nada solo hab&iacute;an completado para el pasaje y que una organizaci&oacute;n les hab&iacute;a ayudado y los oficiales contestaron que no seguir&iacute;an su camino si no dejaban una cuota, al no tener nada los maltrataron y despojaron a Rafael de un tel&eacute;fono celular y 200 pesos que era lo &uacute;nico de valor con lo que viajaba.</p>\n','200',2,'Dato no disponible','Dato no disponible','Dato no disponible','Dato no disponible','','','No vio ','',NULL,NULL,NULL,NULL,NULL,NULL,NULL,NULL,'Si','Dato no disponible','No aplica','No aplica'),(16,'Q-37-14','2014-04-02 00:00:00',1,2,NULL,'Dato no disponible',1,'Dato no disponible',1,'Vivías en USA',2,'Dato no disponible','Dato no disponible','Regresar a casa',NULL,1,9,2,'Dato no disponible','Dato no disponible',NULL,'Dato no disponible','Dato no disponible','2014-03-01 19:00:00','Dato no disponible','Dato no disponible',NULL,1,'Dato no disponible','Otro','Los para la Policía por estar caminando','Detectaron su aspecto de migrante',NULL,2,10,'Dato no disponible','Dato no disponible','4','Dato no disponible','No escucho','Dato no disponible','Dato no disponible','No',NULL,NULL,'Dato no disponible','<p>\n	Toribio iba caminando por el centro de Nogales a la altura de calle obregon y vasquez y la Policia les dijo que pararan. Les preguntaron que hac&iacute;an, ellos dijeron que iban para el albergue. Les pidieron documentos. Despu&eacute;s de pedirles los documentos los dejaron seguir.</p>\n','Dato no disponible',NULL,'Dato no disponible','Dato no disponible','Dato no disponible','Dato no disponible','','','No vio','',NULL,NULL,NULL,NULL,NULL,NULL,NULL,NULL,'No','Dato no disponible','No aplica','No aplica'),(17,'Q-38-14','2014-04-03 00:00:00',1,2,NULL,'Falta de trabajo',2,'Con su pareja ',2,'Dato no disponible',2,'Dato no disponible','Dato no disponible','Intentar cruzar Otra vez ',NULL,1,11,2,'Dato no disponible','Dato no disponible',NULL,'Dato no disponible','Dato no disponible','2014-02-01 00:00:00','Dato no disponible','Palenque',7,1,'Vía publica','Vía pública','Dato no disponible','Revisión',NULL,2,10,'Dato no disponible','Dato no disponible','6','Dato no disponible','No escucho ','Dato no disponible','Dato no disponible','No',NULL,NULL,'Dato no disponible','<p>\n	En palenque chiapas un hombre se le acerco a willmer acus&aacute;ndolo de &nbsp;gu&iacute;a y diciendo que tenia que &nbsp;pagar 300 dolares. El dijo que no era gu&iacute;a y &nbsp;la persona se alejo. Se movieron hacia un parque &nbsp;y los siguieron 6 personas. Estos individuos se hac&iacute;an pasar por la mara. &nbsp;Ellos se subieron y se escondieron en una iglesia.&nbsp;</p>\n','Dato no disponible',2,'Dato no disponible','Dato no disponible','Dato no disponible','Dato no disponible','','','No vio ','',NULL,NULL,NULL,NULL,NULL,NULL,NULL,NULL,'No','Dato no disponible','No aplica','No aplica'),(18,'Q-39-14','2014-04-06 00:00:00',1,2,NULL,'Dato no disponible',2,'Amigos ',2,'Dato no disponible',NULL,'Dato no disponible','Dato no disponible','Intentar Cruzar otra vez',NULL,1,8,2,'Dato no disponible','Dato no disponible',NULL,'Dato no disponible','Dato no disponible','2014-04-02 10:00:00','Dato no disponible','Nogales',26,1,'Vías del Tren','Afuera de la terminal de transporte','Viajar en Tren','Revisión',NULL,6,4,'Empalme ','Nogales','2','Dato no disponible','No escucho','Azul Obscuro','Policía Federal','No',NULL,NULL,'Dato no disponible','<p>\n	Despu&eacute;s el 3 de Abril jesus llego entre 9 y 10 am a Nogales en tren. La polic&iacute;a los bajo del tren, eran polic&iacute;as federales, a todos los migrantes les pidieron nombre y documentos. Les revisaron todas las pertenencias y uno de ellos jalo bruscamente a Jose &quot;quien solo tiene 14 anos.&quot; De ah&iacute; los registraron a todos y despu&eacute;s los dejaron salir. &nbsp;</p>\n','Dato no disponible',2,'Dato no disponible','Dato no disponible','Dato no disponible','Dato no disponible','','','No vio','',NULL,NULL,NULL,NULL,NULL,NULL,NULL,NULL,'Si','Dato no disponible','No aplica','No aplica'),(19,'Q-40-14','2014-04-07 00:00:00',3,1,NULL,'Dato no disponible',1,'Dato no disponible',NULL,'Al cruzar la frontera',2,'Dato no disponible','Dato no disponible','Intentar Cruzar otra vez ',NULL,1,8,1,'Dato no disponible','5000',1,'Sasabe, Sonora','Dato no disponible','2014-04-06 06:00:00','Dato no disponible','Santa Ana ',26,1,'carretera ','Reten','Extorsión','Revisión',NULL,1,1,'Nogales','Tijuana ','2','Dato no disponible','No esucho','Azul Marino ','No vio ','Si',8,1,'Si pero no las identificó ','<p>\n	Mois&eacute;s Rivera intento cruzar la frontera por Tecate Baja California la cual no logro cruzar ya que fue detenido por agentes de la patrulla fronteriza y despu&eacute;s deportado por la frontera de Nogales, Arizona. Ah&iacute; estuvo detenido tres D&iacute;as y despu&eacute;s lo pasaron a Nogales Sonora, no contando con nada de dinero busco ayuda en alguna organizaci&oacute;n para migrantes solo encontr&oacute; un comedor pero ah&iacute; le informaron a donde pod&iacute;a ir y como regresar a su lugar de origen. As&iacute; es como consigui&oacute; dinero solo para el autob&uacute;s, ya en el camino saliendo de Santa Ana los detuvo un ret&eacute;n donde bajaron a Mois&eacute;s y tres personas m&aacute;s que ven&iacute;an deportados; ah&iacute; &nbsp;les dijeron que para seguir su camino tendr&iacute;an que dejar una cuota de 200 pesos cada uno. Ya que ninguno contaba con nada de dinero los insultaron y amenazaron, pero los dejaron continuar su viajes</p>\n','Dato no disponible',2,'Dato no disponible','Dato no disponible','Dato no disponible','Dato no disponible','','','No vio','',NULL,NULL,NULL,NULL,NULL,NULL,NULL,NULL,'Si','Dato no disponible','No aplica','No aplica'),(20,'Q-41-14','2014-04-07 00:00:00',3,2,NULL,'Dato no disponible',1,'Dato no disponible',1,'Vivías en USA',NULL,'Dato no disponible','Dato no disponible','Intentar Cruzar otra vez ',NULL,NULL,9,2,'Dato no disponible','Dato no disponible',NULL,'Sasabe','Dato no disponible','2014-04-07 15:00:00','Dato no disponible','Santa Ana ',26,1,'Carretera ','Reten','Extorsión ',NULL,NULL,9,1,'Nogales','Altar ','4','Dato no disponible','No escucho ','Blanco','No vio ','Si',8,1,'No vio ','<p>\n	Anselmo Caly intento cruzar a estados unidos por el desierto de Sasabe Sonora; camino 4 d&iacute;as y lo encontr&oacute; la patrulla fronteriza &nbsp;despu&eacute;s estuvo detenido 2 d&iacute;as y fue deportado por la ciudad de Nogales Arizona, ya deportado busco ayuda ya que no contaba con dinero para comida ni hospedaje, preguntando llego a un albergue ah&iacute; los voluntarios le ayudaron para completar su pasaje para que viajara a Altar. Ese mismo d&iacute;a tomo el autob&uacute;s el cual alrededor de las 3:00 de la tarde hizo una parada en dicho ret&eacute;n que se encuentra a pocos minutos saliendo de la ciudad de Santa Ana, subieron dos oficiales y bajaron a un total de 9 personas &uacute;nicamente migrantes, los llevaron a un costado del autob&uacute;s y ah&iacute; le oficiales en los que tambi&eacute;n se encontraban dos mujeres les explicaron que todo migrante que pasara por esta ruta ten&iacute;a que dejar una cuota de 300 pesos si quer&iacute;an seguir su camino. Anselmo solo contaba con 50 pesos que le hab&iacute;an sobrado de la compra del boleto y le dijo que solo eso e hab&iacute;a quedado a lo que los oficiales le dijeron que se los quedaban pero tambi&eacute;n lo registraron para ver si ten&iacute;a algo m&aacute;s de valor que pudiera dejar; al no encontrarle nada lo maltrataron y lo jalonearon los oficiales, a las dem&aacute;s personas si lograron robarle poco m&aacute;s de 300 pesos a cada uno, as&iacute; continuaron su camino.</p>\n','300 pesos cada uno ',2,'Dato no disponible','Dato no disponible','Dato no disponible','Dato no disponible','','','No vio','',NULL,NULL,NULL,NULL,NULL,NULL,NULL,NULL,'Si','Dato no disponible','No aplica','No aplica'),(21,'Q-42-14 ','2014-04-11 00:00:00',1,1,NULL,'Dato no disponible',2,'Mujer e hija',1,'Vivías en USA',1,'Mujer e hija','Dato no disponible','intentar cruzar otra vez',NULL,1,9,2,'Dato no disponible','Dato no disponible',NULL,'Dato no disponible','Dato no disponible','2014-04-08 21:00:00','Dato no disponible','Nogales',26,1,'Al Salir de Migración ','Cerca de oficina de gobierno','caminar','Detectaron su aspecto de migrante',NULL,1,10,'Dato no disponible','Dato no disponible','2','Dato no disponible','No escucho ','Verde con negro ','Policía Estatal ','Si',7,1,'Si pero no las distinguió ','<p>\n	$ &nbsp;3 600.00 y feria, lo mismo que cambi&eacute;. Sal&iacute; de Migraci&oacute;n, reci&eacute;n deportado despu&eacute;s de estar 8 meses en CCA. Sal&iacute; con 300.00 d&oacute;lares. Los feri&eacute; en las casa de cambio que hay ah&iacute; alrededor, sal&iacute; de la casa de cambio y como a 100 mts. me agarr&oacute; el polic&iacute;a. Dijo que me miraba sospechosos, que me iba a hacer una revisi&oacute;n y que si no ten&iacute;a documentos me iba a tener que detener. Me empez&oacute; a buscar, y como me vi&oacute; el dinero, empez&oacute; a contar y dijo: Nos vas a tener que acompa&ntilde;ar y el dinero se lo ech&oacute; a la bolsa. La mujer solo me pregunt&oacute; si ten&iacute;a familiares en Nogales, le dije que no. Me subieron a la patrulla y me llevaron a la delegaci&oacute;n. Ah&iacute; me detuvieron toda la noche y un d&iacute;a. Sin comer, solo me daban agua. &nbsp;Y dijeron que me hab&iacute;an encontrado droga. Yo les dije que me entregaran el dinero, pero dijeron: aqu&iacute; no llegaste con dinero. C&oacute;mo no, les dije, el que me quit&oacute; el polic&iacute;a, pero ellos ya lo hab&iacute;an hecho perdedizo.</p>\n','3600',2,'Dato no disponible','Engracia Robles','Dato no disponible','Dato no disponible','','','No vio ','',NULL,NULL,NULL,NULL,NULL,NULL,NULL,NULL,'Si','Dato no disponible','No aplica','No aplica'),(22,'Q-43-14','2014-04-11 00:00:00',3,1,NULL,'Dato no disponible',1,'Dato no disponible',1,'Al cruzar la frontera',2,'Dato no disponible','Dato no disponible','Intentar cruzar otra vez ',NULL,2,NULL,1,'Dato no disponible','7000',1,'Sasabe','Dato no disponible','2014-04-11 06:00:00','Dato no disponible','Santa Ana',26,1,'Carretera ','Reten','Retén','Revisión',NULL,2,1,'Nogales','Altar','5','Dato no disponible','No escucho ','Blanco','No vio ','Si',8,1,'Si pero no las identifico','<p>\n	Juan Ram&iacute;rez intento cruzar el Desierto de Arizona y no lo logro ya que fue encontrado por la patrulla fronteriza y despu&eacute;s deportado por Nogales, Sonora: ah&iacute; logro comunicarse con sus familiares en E.U para pedirles dinero para el pasaje y para volver a intentar cruzar. Ya que le entregaron el env&iacute;o de dinero tomo un autob&uacute;s hacia Altar; saliendo de Santa Ana los detuvo un ret&eacute;n el cual desconoc&iacute;an de que era ya que no contaban con insignias ni los Agentes ni los veh&iacute;culos. Ya en el ret&eacute;n bajaron solamente a las personas que ven&iacute;an deportadas y les pidieron una cuota de 500 pesos a cada uno de ellos, Juan como es Huatemalteco decidi&oacute; pagar sin ning&uacute;n problema pero el compa&ntilde;ero que ven&iacute;a sentado a su lado era de Guerrero y no tra&iacute;a para pagar su cuota en dicho reten, as&iacute; que le dijeron a Juan que el ten&iacute;a que pagar tambi&eacute;n la de su compa&ntilde;ero por que insistieron en que ven&iacute;an juntos y que eran compa&ntilde;ero, aparte que ya hab&iacute;an visto los agentes que &eacute;l contaba con &nbsp;mas dinero, y as&iacute; fue que Juan tuvo que pagarles 1200 pesos para poder continuar su camino.</p>\n','1200',2,'Dato no disponible','Dato no disponible','Dato no disponible','Dato no disponible','','','No vio','',NULL,NULL,NULL,NULL,NULL,NULL,NULL,NULL,'Si','Dato no disponible','No aplica','No aplica'),(23,'Q-44-14','2014-04-12 00:00:00',2,2,NULL,'Falta de trabajo',1,'Dato no disponible',2,'Dato no disponible',NULL,'Dato no disponible','Dato no disponible','Regresar a mi comunidad ',NULL,1,9,1,'Dato no disponible','5000',1,'Agua Prieta','Dato no disponible','2014-04-10 18:30:00','Dato no disponible','Agua Prieta',26,1,'Calle','Vía pública','Petición de Auxilio ','Detectaron su aspecto de migrante',NULL,2,3,'calle','Dato no disponible','Dato no disponible','Dato no disponible','Dato no disponible','Dato no disponible','Dato no disponible','Dato no disponible',NULL,NULL,'Dato no disponible','<p>\n	Marco Antonio (MA) lleg&oacute; a Agua Prieta el s&aacute;bado 5 de abril. Leoncio Mart&iacute;nez (LM) lleg&oacute; el mi&eacute;rcoles 2 de abril a AP. &nbsp;Cuando llegaron, a ambos, en distinto tiempo, los llevaron &nbsp;a la casa de hu&eacute;spedes que est&aacute; enfrente de la central; a MA, que ven&iacute;a de Tijuana, lo esper&oacute; en la central un hombre de nombre &quot;Miguel R.&quot; y ah&iacute; le dijeron que se alistara y comprara tres litros de agua y galletas porque supuestamente iba a cruzar ese mismo s&aacute;bado por la tarde, &quot;despu&eacute;s me fue avisar que nos fu&eacute;ramos que &iacute;bamos a alcanzar al gu&iacute;a, salimos de la casa de hu&eacute;spedes, cruzamos la central y en la calle del frente iba caminando un jovencito y Miguel me dijo que ese era el gu&iacute;a, que lo siguiera y me llevar&iacute;a &nbsp;a una casa; ah&iacute; ese Miguel se qued&oacute;, yo segu&iacute; al gu&iacute;a, nunca cruc&eacute; palabra con &eacute;l, hasta por enfrente del Elektra, ah&iacute; ya estaba un taxi y nos subimos, de ah&iacute; avanzamos recto, y llegamos a la primera casa, creo que de color azul fuerte, es como de infonavit, de dos pisos, nos metimos en la casa de la planta baja, tiene de protecci&oacute;n una reja negra, ah&iacute; conoc&iacute; a Leoncio, a esa casa llegu&eacute; el s&aacute;bado y estuve hasta la madrugada del lunes, cuando nos sacaron a m&iacute; y a Leoncio, en esa casa ya estaba el tal Iv&aacute;n</p>\n','Dato no disponible',NULL,'Dato no disponible','Perla del Angel','Dato no disponible','Dato no disponible','','','Dato no disponible','',NULL,NULL,NULL,NULL,NULL,NULL,NULL,NULL,'Dato no disponible','Dato no disponible','No aplica','No aplica'),(24,'Q-45-14','2014-04-12 00:00:00',1,2,NULL,'Dato no disponible',1,'Dato no disponible',1,'Al cruzar la frontera',2,'Dato no disponible','Dato no disponible','Regresar a mi comunidad ',NULL,1,2,1,'Dato no disponible','3700',1,'La Mascareña','Dato no disponible','2014-04-02 00:00:00','Dato no disponible','Nogales',26,1,'calle','Vía pública','Dijeron que nos iban a revisar que nos mirabamos c','Detectaron su aspecto de migrante',NULL,2,10,'Dato no disponible','Dato no disponible','3','Dato no disponible','No escucho ','Negro','Policía Turística ','No',NULL,NULL,'Dato no disponible','<p>\n	Ibamos los dos caminando, ven&iacute;amos de con un amigo que fue a jugar al casino. Estaba una taquer&iacute;a. Ibamos a comer unos tacos y ah&iacute; llegaron y que nos paran. Pidieron documentos y que si no, nos iban a llevar a la c&aacute;rcel, Nos revisaron y esculcaron todo para ver si tra&iacute;amos dinero para sacarnos. A m&iacute; me quitaron la credencial y ya no nos la quer&iacute;an regresar. El muchacho con el que iba, les dijo que iba a hablar con un cu&ntilde;ado que era licenciado y que con &eacute;l se iban a entender. Le llamamos a un se&ntilde;or, que era el gu&iacute;a que nos iba a llevar. Se asustaron y nos soltaron de volada.</p>\n','Dato no disponible',2,'Dato no disponible','Engracia Robles','Dato no disponible','Dato no disponible','','','No vio','',NULL,NULL,NULL,NULL,NULL,NULL,NULL,NULL,'Si','Dato no disponible','No aplica','No aplica'),(25,'Q-46-14','2014-04-15 00:00:00',1,2,NULL,'Dato no disponible',2,'Amigos',2,'Dato no disponible',2,'Dato no disponible','Dato no disponible','Quedarse un tiempo en Nogales',NULL,1,9,2,'Dato no disponible','Dato no disponible',NULL,'Dato no disponible','Dato no disponible','2014-01-13 08:00:00','Dato no disponible','Matamoros',28,1,'calle','Vía pública','Iban caminando ','Detectaron su aspecto de migrante',NULL,6,10,'Dato no disponible','Dato no disponible','2','Dato no disponible','No escucho','Negro ','No vio ','Si',9,1,'No vio ','<p>\n	Lo deportaron por matamoros. EL consulado los llevo a la terminal, era &nbsp; un 13 de enero como a las 8pm. El consulado los llevo a la terminal &nbsp;los dejo como a una cuadra. Iban seis migrantes. Caminando hacia la terminal los interceptaron unas camionetas eran como 14 personas armadas entre ellos hab&iacute;an polic&iacute;as uniformados. Les dijeron que se tiraran al piso y los metieron en las camionetas. De ah&iacute; los llevaron a una galera &quot;un edificio abandonado con cuartos separados&quot; se escuchaba mucha gente gritando incluyendo ni&ntilde;os. Lo tuvieron desde el 14 de enero hasta el 28 de febrero. Cada d&iacute;a entraban amenazando o matarlo. Estas personas llamaban a las familias para sacar dinero. Tambi&eacute;n vieron como para amenzar a los dem&aacute;s mataban a migrantes y dec&iacute;an que si ellos no pagaban tambi&eacute;n los matar&iacute;an. Con Jose iban 6 muchachos al momento del secuestro. El 28 de Febrero cuando la mafia ya los quer&iacute;a sacar de ah&iacute; los mandaron en una patrulla municipal la patrulla era &nbsp;numero 19 el no pudo ver mas. Ah&iacute; subieron a cuatro &nbsp;muchachos. Uno de ellos era de sinaloa Jose lu&iacute;s Aguirre, el ya iba muerto, tambi&eacute;n hab&iacute;a un hondure&ntilde;o Ernesto al cual le hab&iacute;an cortado la lengua un muchacho del D.F llamado seraf&iacute;n Aguilar y &nbsp;Jose. Salieron de la galera en una carretera de tierra despu&eacute;s pararon el carro y los tiraron cada uno en un lugar diferente. &nbsp; Iban 2 polic&iacute;as en el carro manejando. El que iba manejando no los quer&iacute;a matar, pero el otro dec&iacute;a que eran basura y que hab&iacute;a que matarlos. Uno de los dos polic&iacute;as el que los agredi&oacute; mas era gordo y &nbsp;moreno. &nbsp;Unas hermanas de un albergue guadalupano los encontraron los curaron y les consiguieron boletos para ir a Monterrey. &nbsp;Durante el secuestro Al muchacho de Sinaloa le quitaron 1500 d&oacute;lares. Le cortaron las manos los dedos los brazos y despu&eacute;s la cabeza. A Jose le quitaron 600 dd&oacute;lares. &nbsp;</p>\n','$2100 USD',2,'Dato no disponible','Natalia Serna','Dato no disponible','Dato no disponible','','','No vio ','',NULL,NULL,NULL,NULL,NULL,NULL,NULL,NULL,'No','Dato no disponible','No aplica','No aplica'),(26,'Q-47-14','2014-04-16 00:00:00',1,2,NULL,'Dato no disponible',2,'Amigos',2,'Dato no disponible',2,'Dato no disponible','Dato no disponible','No contestó',NULL,1,NULL,2,'Dato no disponible','Dato no disponible',NULL,'Dato no disponible','Dato no disponible','2014-05-04 17:00:00','Dato no disponible','Palenque',7,1,'Carretera','Reten','Retén','Revisión',NULL,15,NULL,'combi','Dato no disponible','10','No escuho','No escucho ','Negro','Policía Federal','Si',9,NULL,'Si pero no las identifico','<p>\n	La primera vez, lo primero fue pedir el documento de identificaci&oacute;n. Tra&iacute;amos la de elector de Guatemala. Como no tra&iacute;amos el documento, nos dijeron que nos iban a entregar a Migraci&oacute;n, en forma brusca y con amenaza y golpes. Despu&eacute;s piden que arrojes todo el dinero que traes. Nos rompieron el pantal&oacute;n y hasta la ropa interior para buscar el dinero. Igual con las mujeres. Nos quitaron todo el dinero que tra&iacute;amos. En total hemos perdido alrededor de $ 20 000.00 porque en cada vez nos registran hasta las partes &iacute;ntimas. Volvemos a pedir y es el que nos quitan enseguida. Todo el camino lo hemos hecho as&iacute;.</p>\n','20000 pesos',2,'Dato no disponible','Engracia Robles','Dato no disponible','Dato no disponible','','','No vio ','',NULL,NULL,NULL,NULL,NULL,NULL,NULL,NULL,'Si','Dato no disponible','No aplica','No aplica'),(27,'Q-48-14','2014-04-16 00:00:00',2,2,NULL,'Falta de trabajo',2,'Con su Hijo ',1,'Al cruzar la frontera',2,'Dato no disponible','Dato no disponible','Regresar a mi pueblo',NULL,1,9,1,'Dato no disponible','3500',1,'Agua Prieta','Dato no disponible','2014-05-11 18:30:00','Dato no disponible','Agua Prieta',26,1,'calle','Vía pública','Revisión','Revisión',NULL,2,10,'Dato no disponible','Dato no disponible','3','Dato no disponible','No escucho ','3','Policía Municipal','Si',9,1,'no','<p>\n	Nosotros vivimos en Metztitl&aacute;n, Hidalgo. Salimos juntos de Pachuca, Hgo. el 20 de marzo de 2014, salimos aproximadamente a las 6:00pm en un autob&uacute;s particular que ya ven&iacute;a de otro lugar con otras personas, todas ven&iacute;amos a la frontera a cruzar a los Estados Unidos, el autob&uacute;s vendr&iacute;a repartiendo a las personas aqu&iacute; en AP, Nogales y Altar. Ven&iacute;a lleno, no s&eacute; exactamente cu&aacute;ntos. El autob&uacute;s nos cobr&oacute; 2000 pesos por cada uno. &nbsp;El autob&uacute;s entr&oacute; por Chihuahua y fue donde pasamos como cinco retenes de sicarios. En unos retenes si pidieron dinero, el chofer del cami&oacute;n en tres ocasiones nos avis&oacute; que a tal tiempo &iacute;bamos a pasar un ret&eacute;n y deb&iacute;amos prepararnos con la cuota, una fue de 50 pesos c/u y la otra de 200 pesos c/u, el chofer recog&iacute;a el dinero y cuando lleg&aacute;bamos al ret&eacute;n no sab&iacute;amos si en verdad daba el dinero. Llegamos a AP el s&aacute;bado en la madrugada, como a la 1 o 2am, nos bajamos sobre la carretera y un amigo que ven&iacute;a en el cami&oacute;n nos dio el n&uacute;mero de un taxista, este lleg&oacute; y nos dijo que que nos recomendaba el tres caminos, que el de m&aacute;s confianza. Ah&iacute; nos llev&oacute; y salimos despu&eacute;s y buscamos qui&eacute;n nos llevara para el otro lado, encontramos quienes nos cobraban 4000 o 4500 y pues ya encontramos uno que nos pasar&iacute;a por 3500 y con &eacute;l cruzamos por AP entre el km 15 y 17, el martes 25 de marzo de 2014 y ese d&iacute;a nos mantuvieron en la l&iacute;nea &nbsp;hasta el s&aacute;bado 29 de marzo de 2014, ese d&iacute;a ya cruzamos la l&iacute;nea, caminamos hasta s&aacute;bado 5 de abril de 2014 y ese d&iacute;a nos detuvo migraci&oacute;n. El domingo por la noche, como a las 9:30pm fuimos repatriados por aqu&iacute; mismo en AP. Ese d&iacute;a nos venimos a la casa del migrante. Aqu&iacute; esperamos a un sobrino m&iacute;o que hab&iacute;an detenido junto con &nbsp;nosotros y lo sacaron en Coahuila, entonces esperamos hasta &nbsp;el 11 de abril de 2014 que lleg&oacute; mi sobrino aqu&iacute; a AP. Salimos en la ma&ntilde;ana del viernes de aqu&iacute; y nos habl&oacute; mis sobrino de que estaba en un hotel y ya fuimos para all&aacute;, mi sobrino no me hab&iacute;a comentado que en el camino encontr&oacute; un se&ntilde;or que ofrec&iacute;a llevarlos al otro lado, entonces cuando llegamos al hotel, &eacute;l ya hab&iacute;a decido irse con ese se&ntilde;or, entonces el se&ntilde;or mand&oacute; a comprar sus cosas, como celular, porque se iban a ir en ese momento y este yo me regreso al parque que est&aacute; frente a la iglesia (Plaza Azueta frente a Iglesia de Guadalupe) y de ah&iacute; eran la 1:30pm y nos fuimos al Centro de Recursos para Migrantes y nos fuimos por la avenida 4 y llegamos hasta la calle primera y ah&iacute; un polic&iacute;a nos detiene cuando s&oacute;lo &iacute;bamos pasando, &eacute;l me pidi&oacute; una identificaci&oacute;n a m&iacute; (JG) y tambi&eacute;n la de mi hijo, y yo contest&eacute; que era mi hijo, a mi hijo lo orill&oacute; como a una puerta y a m&iacute; afuera de la banqueta y me pidi&oacute; que me pegara a la pared, despu&eacute;s el polic&iacute;a se dirigi&oacute; a mi hijo</p>\n<p>\n	&nbsp;</p>\n','Dato no disponible',NULL,'Dato no disponible','Perla del Angel','Dato no disponible','Dato no disponible','','','No vio','',NULL,NULL,NULL,NULL,NULL,NULL,NULL,NULL,'Si','Dato no disponible','No aplica','No aplica'),(28,'Q-49-14','2014-05-19 00:00:00',1,2,NULL,'Dato no disponible',2,'Amigos ',2,'Dato no disponible',NULL,'Dato no disponible','Dato no disponible','No contestó',NULL,1,8,2,'Dato no disponible','Dato no disponible',NULL,'Dato no disponible','Dato no disponible','2014-03-21 12:00:00','Dato no disponible','Palenque',7,1,'carretera ','Reten','Retén','Revisión',NULL,12,NULL,'La Técnica','Palenque ','5','Dato no disponible','No escucho ','Negro','Policía Federal','Si',9,2,'No vio ','<p>\n	Darwin iba en una combi el se monto en la t&eacute;cnica &nbsp;y saliendo a 5 minutos despu&eacute;s de la t&eacute;cnica. &nbsp;Hab&iacute;an 2 patrullas y aproximadamente 5 polic&iacute;as eran aprox las 12 del mediod&iacute;a, era el 21 de marzo. Hab&iacute;an 10 migrantes en la combi. Los pararon y los policias &nbsp;hablaron con el chofer. EL chofer &nbsp;empez&oacute; a acosarlos &nbsp;diciendo que ten&iacute;an que dar el dinero y que si no el perd&iacute;a sus 200 pesos. El conductor le saco a cada uno 300 pesos, para pagarle a los polic&iacute;as. Los polic&iacute;as ten&iacute;an uniformes negros con bandera en el brazo. Cree que eran polic&iacute;as federales.</p>\n','300 cada uno ',2,'Dato no disponible','Natalia Serna','Dato no disponible','Dato no disponible','','','No vio','',NULL,NULL,NULL,NULL,NULL,NULL,NULL,NULL,'Si','Dato no disponible','No aplica','No aplica'),(29,'Q-50-14','2014-04-19 00:00:00',1,2,NULL,'Dato no disponible',1,'Dato no disponible',1,'Al cruzar la frontera',2,'Dato no disponible','Dato no disponible','Intentar cruzar otra vez',NULL,1,9,2,'Dato no disponible','Dato no disponible',NULL,'Dato no disponible','Dato no disponible','2014-04-17 15:00:00','Dato no disponible','Nogales ',26,1,'Calle','Vía pública','Estaban comprando ','Detectaron su aspecto de migrante',NULL,2,10,'Dato no disponible','Dato no disponible','3','Dato no disponible','No escucho','No contestó','No vio','Si',9,1,'No vio ','<p>\n	Est&aacute;bamos afuera del Oxxo para llamar por tel&eacute;fono. Ellos llegaron, nos pidieron identificaci&oacute;n, nos dijeron que sac&aacute;ramos todo lo que tra&iacute;amos y nos hicieron que lo pusi&eacute;ramos frente al ve&iacute;culo de ellos. Nos hicieron que pusi&eacute;ramos todo lo de la mochila. Ah&iacute; saqu&eacute; $ 300.00 que tra&iacute;a. Dijeron que guard&aacute;ramos todo y nos subi&eacute;ramos a la Patrulla. Nos trajeron a la &uacute;ltima calle arriba del cementerio. Estando all&aacute;, se pararon y nos dijeron que si quer&iacute;amos ir all&aacute; al cuartel 36 horas o que si les d&aacute;bamos para la gasolina. Nosotros dijimos que no quer&iacute;amos ir a dormir encerrados y preguntamos cu&aacute;ntoo era la multa all&aacute;. Dijeron que $ 500.00 por cada uno. Yo les dije que lo &uacute;nico que tra&iacute;a es lo que hab&iacute;an visto. Los $ 300.00 .Dijeron que estaba bien, que se los di&eacute;ramos y nos dejaban ir, pero que no le dijp&eacute;ramos a nadie lo que hab&iacute;a pasado. All&iacute; nos bajaron, agarraron el dinero y se fueron y nos dejaron all&aacute; arriba.</p>\n','300',2,'Dato no disponible','Engracia Robles','Dato no disponible','Dato no disponible','','','No vio ','',NULL,NULL,NULL,NULL,NULL,NULL,NULL,NULL,'Si','Dato no disponible','No aplica','No aplica'),(30,'Q-51-14','2014-05-19 00:00:00',1,2,NULL,'Dato no disponible',1,'Dato no disponible',2,'Dato no disponible',2,'Dato no disponible','Dato no disponible','Intentar cruzar otra vez ',NULL,1,7,2,'Dato no disponible','Dato no disponible',NULL,'Dato no disponible','Dato no disponible','2014-02-06 18:00:00','Dato no disponible','Talisman',7,1,'Oficinas ','Oficinas de gobierno','Solicitar permiso de trabajo ','Falta de documentos',NULL,1,10,'Dato no disponible','Dato no disponible','1','Dato no disponible','Dato no disponible','No recuerda','No recuerda','No',NULL,NULL,'Dato no disponible','<p>\n	Fui a la Aduana a solicitar permiso de trabajo en Chiapas. Con la persona que llegu&eacute; para llenar la solicitud me quer&iacute;a cobrar 600 quetzales, cuando yo ya hab&iacute;a visto que la solicitu era gratis. Yo lo que quer&iacute;a era ingresar legalmente, como no se pudo, lo tuve que hacer en forma ilegal.</p>\n','Dato no disponible',2,'Dato no disponible','Engracia Robles ','Dato no disponible','Dato no disponible','','','No recuerda','',NULL,NULL,NULL,NULL,NULL,NULL,NULL,NULL,'Si','Dato no disponible','No aplica','No aplica'),(31,'Q-52-14','2014-04-21 00:00:00',1,2,NULL,'Dato no disponible',2,'Hermano ',1,'Al cruzar la frontera',1,'Hermano ','NO','Esperar en la ciudad ',NULL,1,7,2,'Dato no disponible','Dato no disponible',NULL,'Dato no disponible','Dato no disponible','2014-05-19 00:00:00','Dato no disponible','Nogales ',26,1,'oficina ','Oficinas de gobierno','Solo traía acta de nacimiento ','Falta de documentos',NULL,2,10,'Dato no disponible','Dato no disponible','1','Dato no disponible','Dato no disponible','No recuerda','INM','No',NULL,NULL,'Dato no disponible','<p>\n	Llegaron deportados los dos: &eacute;l y su hermano que no tra&iacute;a credencial de elector porque a penas va a cumplir 18 a&ntilde;os. Tra&iacute;a Acta de naciemiento. Y el de Migraci&oacute;n, se aferr&oacute; en decir que no era mi hermano , cuando tenemos los mismos apellidos. Dijo que era acta falsa, y que a &eacute;l lo iba a regresar &nbsp;con Migraci&oacute;n de Estados Unidos porque dijo: &quot;me trae mala espina, este no es mexicano&quot; Y estaba viendo el acta. Dijo que era falsa y regres&oacute; a mi hermano a los EEUU.</p>\n','Dato no disponible',2,'Dato no disponible','Engracia Robles ','Dato no disponible','Dato no disponible','','','No recuerda ','',NULL,NULL,NULL,NULL,NULL,NULL,NULL,NULL,'Si','Dato no disponible','No aplica','No aplica'),(32,'Q-53-14','2014-04-22 00:00:00',1,2,NULL,'Dato no disponible',2,'Primo',1,'Al cruzar la frontera',2,'Dato no disponible','Dato no disponible','Intentar Cruzar Otra Vez',NULL,1,8,1,'Dato no disponible','4000',1,'Altar Sonora ','Dato no disponible','2014-04-11 14:00:00','Dato no disponible','Sonora',26,1,'Carretera','Reten','Tener apariencia de Centroamericanos ','Revisión',NULL,45,1,'Dato no disponible','Dato no disponible','15','Dato no disponible','No escucho ','Azul ','PGR','Si',7,7,'Si pero no las identifico','<p>\n	Llegamos al lugar y nos pararon. Exigieron que quer&iacute;an un recurso econ&oacute;mico para dejarnos pasar sin hacernos ninguna revisi&oacute;n. Muchos de nosotros tra&iacute;amos pocos recursos y les dijimos que no tra&iacute;amos recursos para aportar. Quer&iacute;an 250.00 por personas. Unos empezaron a darlo y como muchos no aport&aacute;bamos, empezaron a bajar a todos pidi&eacute;ndoles identificaciones, credencial con fotograf&iacute;a. A muchos mexicanos, aunque se identificaban, dec&iacute;an que eran centro-americanos. Despu&eacute;s nos bajaron a todos y nos empezaron a meter dentro de la capilla uno por uno y nos exigieron que sac&aacute;ramos todas las pertenencias que llev&aacute;bamos en las bolsas. Despu&eacute;s d poner las pertenencias sobre la mesa, se dirig&iacute;an y tomaban nuestra cartera y tomaban el dinero que ellos quer&iacute;an. Uno de mis compa&ntilde;eros le tomaron $ 8 000.00 y lo amenazaron. Le dijeron que eran parte de la mafia y que si los deportaba, lo iban a matar. As&iacute; fueron diversos robos. A m&iacute; s&oacute;lo me tomaron 500.00 porque era lo &uacute;nico que tra&iacute;a. Tambi&eacute;n lleg&oacute; una mujer de la PGR y ella se encarg&oacute; de revisar a las mujeres, que eran como 12 mujeres. Las form&oacute; en una fila y las esculc&oacute;, toc&aacute;ndolas. Despu&eacute;s met&iacute;an de una por una en una camioneta cherokee, como azul, sin placas , las cuestionaban, a parte de llas les quitaron recursos y las agredieron verbalmente. Ven&iacute;an tres personas de centro-am&eacute;rica. Ellos tuvieron que pagar $10,000.00 por cada uno para que los dejaran pasar. Como ellos quer&iacute;an pasar, lo pagaron. Porque amenazaron que iban a llamar a migraci&oacute;n si noio pagaban.</p>\n',' $38,500 pesos',2,'Dato no disponible','Engracia Robles ','Dato no disponible','Dato no disponible','','','No vio ','',NULL,NULL,NULL,NULL,NULL,NULL,NULL,NULL,'Si','Dato no disponible','No aplica','No aplica'),(33,'Q-54-14','2014-04-22 00:00:00',1,2,NULL,'Dato no disponible',1,'Dato no disponible',2,'Dato no disponible',NULL,'Dato no disponible','Dato no disponible','No contestó',NULL,1,2,2,'Dato no disponible','Dato no disponible',NULL,'Dato no disponible','Dato no disponible','2014-04-01 05:15:00','Dato no disponible','Comitán ',7,1,'Carretera','Reten','Retén','Revisión',NULL,2,NULL,'Combi Trinidad','Comitán ','2','Dato no disponible','Henry','Obscuro','Judicial ','Si',7,1,'Si pero no las identifico','<p>\n	Gustavo iba entrando a Comitan, hab&iacute;a salido del pueblo de trinidad y a mitad de camino hab&iacute;a un reten. &nbsp;Iba en combi, y habian dos agentes, y una patrulla. Pararon &nbsp;se subieron &nbsp;y a Gustavo con otro hondure&ntilde;o los bajaron. El iba con una chica hondure&ntilde;a. &nbsp;Les dijeron que ten&iacute;an que &quot;mocharse&quot; con dinero, a Gustavo lo esposaron y le sacaron el dinero. &nbsp;A la mujer le buscaron dinero y despu&eacute;s se la llevaron a la patrulla. Durante ese tiempo le pidieron &quot;favores sexuales&quot; ella se neg&oacute; y empez&oacute; a llorar.</p>\n','Dato no disponible',NULL,'Dato no disponible','Natalia Serna ','Dato no disponible','Dato no disponible','','','No vio ','',NULL,NULL,NULL,NULL,NULL,NULL,NULL,NULL,'Si','Dato no disponible','No aplica','No aplica'),(34,'Q-54-14 ','2014-04-23 00:00:00',1,2,NULL,'Dato no disponible',1,'Dato no disponible',2,'Dato no disponible',2,'Dato no disponible','Dato no disponible','No contestó',NULL,1,8,2,'Dato no disponible','Dato no disponible',NULL,'Dato no disponible','Dato no disponible','2014-05-23 07:01:00','Dato no disponible','Nogales ',26,1,'Carretera','Reten','Retén','Revisión',NULL,6,4,'Hermosillo','Nogales','2','Dato no disponible','No escucho ','Negro ','Federal','Si',9,1,'No','<p>\n	El 23de Abril llegando a Nogales eran como las 7am.. Iban &nbsp;6 migrantes. &nbsp;Un polic&iacute;a armado se subi&oacute; y uno se quedo uno abajo. El cree que son federales pero podr&iacute;an ser municipal o federal, el que lo bajo llevaba la pantal&oacute;n azul oscuro camisa azul de manga larga, tenia insignia de polic&iacute;a. no hab&iacute;a patrulla. El que se subi&oacute; dijo que se tiraran &nbsp;los revisaron y los bajaron a fuerza. Los revisaron a todos y los acusaron de cargar droga. Ellos dijeron que no ten&iacute;an nada. &nbsp;</p>\n','Dato no disponible',NULL,'Dato no disponible','Natalia Serna','Dato no disponible','Dato no disponible','','','No vio ','',NULL,NULL,NULL,NULL,NULL,NULL,NULL,NULL,'Si','Dato no disponible','No aplica','No aplica'),(35,'Q-56-14','2014-04-23 00:00:00',1,2,NULL,'Dato no disponible',1,'Dato no disponible',2,'Dato no disponible',2,'Dato no disponible','Dato no disponible','Intentar cruzar de nuevo ',NULL,1,9,2,'Dato no disponible','Dato no disponible',NULL,'Dato no disponible','Dato no disponible','2014-04-12 16:01:00','Dato no disponible','Estado de México ',15,1,'Abordo de un taxi','A bordo del propio transporte','viajar en un taxi',NULL,NULL,2,3,'Dato no disponible','Dato no disponible','3','Dato no disponible','No escucho ','Azul','Policía Municipal ','Si',7,1,'Si pero no las identificó','<p>\n	Ibamos los tres en el taxi a la terminal de combis para ir a Huehuetoca. El taxi lo tomamos en &nbsp;cerca del aeropuerto. El taxi pas&oacute; por donde estaba la polic&iacute;a. La polic&iacute;a se le peg&oacute; atr&aacute;s y le hizo se&ntilde;a que se parara. El taxista se par&oacute;. Le pidieron papeles. Se los entreg&oacute; y la polic&iacute;a se qued&oacute; con ellos y le dijeron que los siguiera. El taxi los sigui&oacute; y nos llevaron a un callej&oacute;n cerrado, donde no hay casas. Nos bajaron y empezaron a preguntar de d&oacute;nde ven&iacute;amos. Dijimos que de Honduras. Esperaban que de nuestra cuenta saliera que ofreci&eacute;ramos dinero. No lo hicimos. Les dijimos que no &quot;and&aacute;bamos&quot; = tra&iacute;amos. Entonces nos empezaron a registrar, hasta el pantal&oacute;n nos bajaron. Y nosotros cre&iacute;amos que s&oacute;lo buscaban drogas, pero no. Nos quitaron todo el dinero que tra&iacute;amos. Yo solo tra&iacute;a 100.00. La verdad no tra&iacute;amos dinero. Los otros no supe cu&aacute;nto, porque hab&iacute;an pedido un dinero que la familia les mand&oacute;.</p>\n','$100 pesos',2,'Dato no disponible','Engracia Robles','Dato no disponible','Dato no disponible','','','No vio ','',NULL,NULL,NULL,NULL,NULL,NULL,NULL,NULL,'Si','Dato no disponible','No aplica','No aplica'),(36,'Q-57-14 ','2014-04-25 00:00:00',1,2,NULL,'Dato no disponible',1,'Dato no disponible',1,'Al cruzar la frontera',1,'Compañeros ','Dos están perdidos en el desierto ','Regresar a mi comunidad ',NULL,1,8,1,'Dato no disponible','3500',1,'Agua Prieta','Dato no disponible','2014-04-07 16:01:00','Dato no disponible','Dato no disponible',NULL,1,'Autobús ','A bordo del propio transporte','Retén','Revisión',NULL,40,2,'Dato no disponible','Dato no disponible','Dato no disponible','No escuho ','No escucho ','Dato no disponible','Dato no disponible','No',NULL,NULL,'Dato no disponible','<p>\n	Pagu&eacute; 1000.00 pesos&nbsp;de cuotas. Yo no s&eacute; en qu&eacute; lugares fue, pero nos paraban, fueron 5 garitas, s&iacute; ve&iacute;a abajo los polic&iacute;as y camionetas, pero los choferes nos ped&iacute;an las cuotas. Nos dec&iacute;an que ten&iacute;amos que dar esa cooperaci&oacute;n, porque si no, se iban a subir y nos iban a bajar. Recog&iacute;an por parejo, 200.00 por persona. El autob&uacute;s es como de 40 personas. Nos ped&iacute;an el dinero, lo recog&iacute;an, se bajaban y lo entregaban, y sub&iacute;an y continu&aacute;bamos sin que subiera nadie al autob&uacute;s.</p>\n','200 cada uno ',2,'Dato no disponible','Engracia Robles ','Dato no disponible','Dato no disponible','','','No vio ','',NULL,NULL,NULL,NULL,NULL,NULL,NULL,NULL,'No','Dato no disponible','No aplica','No aplica'),(37,'Q-58-14','2014-04-28 00:00:00',1,2,NULL,'Dato no disponible',2,'Amigos ',2,'Dato no disponible',2,'Dato no disponible','Dato no disponible','Intentar cruzar otra vez ',NULL,1,NULL,2,'Dato no disponible','Dato no disponible',NULL,'Dato no disponible','Dato no disponible','2014-04-24 20:01:00','Dato no disponible','Orizava ',30,1,'Tren','A bordo del propio transporte','Revisión ','Revisión',NULL,4,4,'Coatzacualcos','Lechería','no contestó','no contestó','No contestó','no contestó','No contestó','Dato no disponible',4,NULL,'Dato no disponible','<p>\n	aprox el 20 de abril , eran aprox 8pm. Saliendo de orizaba se subieron &nbsp;unos hombres, ellos pensaron que eran guardias pues llevaban uniforme negro. &nbsp;Se montaron y les dijeron que sacaran todo mochila, zapatos, dinero. Iban 4 que estaban viajando y sufrieron el robo. Lllevaban pasamonta&ntilde;as y armados con un cuchillo. Iban de negro con una franja roja sobre la pierna, parec&iacute;an guardias del tren, llevaban tambi&eacute;n una lampara en la cabeza para ver.</p>\n','Dato no disponible',NULL,'Dato no disponible','Natalia Serna ','Dato no disponible','Dato no disponible','','','No contestó','',NULL,NULL,NULL,NULL,NULL,NULL,NULL,NULL,'No','Dato no disponible','No aplica','No aplica'),(38,'Q-09-14','2014-02-28 00:00:00',2,2,NULL,'Falta de trabajo',NULL,'Dato no disponible',1,'Al cruzar la frontera',NULL,'Dato no disponible','Dato no disponible','intentar cruzar de nuevo',NULL,1,8,NULL,'Dato no disponible','Dato no disponible',1,'Naco','Dato no disponible',NULL,'Dato no disponible','Dato no disponible',NULL,NULL,'Dato no disponible','Otro','Dato no disponible','Revisión',NULL,NULL,NULL,'Dato no disponible','Dato no disponible','Dato no disponible','Dato no disponible','Dato no disponible','Dato no disponible','Dato no disponible','Dato no disponible',NULL,NULL,'Dato no disponible',NULL,'Dato no disponible',NULL,'Dato no disponible','Perla del Ángel','Dato no disponible','Dato no disponible','','','Dato no disponible','',NULL,NULL,NULL,NULL,NULL,NULL,NULL,NULL,'Dato no disponible','Dato no disponible','No aplica','No aplica'),(39,'Q-10-14','2014-02-28 00:00:00',2,2,NULL,'Falta de trabajo',NULL,'Dato no disponible',1,'Al cruzar la frontera',NULL,'Dato no disponible','Dato no disponible','Intentar cruzar otra vez',NULL,1,2,NULL,'Dato no disponible','Dato no disponible',NULL,'Dato no disponible','Dato no disponible','2014-02-13 20:00:00','Dato no disponible','Casa Grandes',8,1,'carretera','Reten','Retén','Revisión',NULL,2,1,'México, D.F.','Cananea, Sonora','2','Dato no disponible','Dato no disponible','Dato no disponible','Dato no disponible','Dato no disponible',NULL,NULL,'Dato no disponible','<div>\n	&nbsp;Ven&iacute;amos en el &oacute;mnibus chihuahuemses yo y mi primo, nos dirig&iacute;amos a Cananea, Sonora, cuando unas personas como polic&iacute;as civiles, porque no tra&iacute;an uniforme (pantal&oacute;n color hueso y camisa negra), pararon el &oacute;mnibus y empezaron a preguntar cu&aacute;l era nuestro destino y les dijimos que eran Cananea y luego pregunt&oacute; &quot;qu&eacute; van a hacer all&aacute;?&quot;, le contest&eacute; que a trabajar con mi t&iacute;o. Despu&eacute;s, nos dijo a los dos, &quot;ustedes b&aacute;jense para revisarlos&quot; y nos meti&oacute; el chavo a un cuarto y dijo que sac&aacute;ramos todo &nbsp;lo que tra&iacute;amos y lo sacamos, me dijo a m&iacute; &quot;tu ya puedes irte&quot; y se quedaron revisando a mi primo. Cuando otro hombre lleg&oacute; a donde nos revisaron, sac&oacute; al chavo y mand&oacute; a una mujer a bajarme del &oacute;mnibus y me metieron al mismo lugar donde estaba mi primo y nos pregunt&oacute; el otro se&ntilde;or que de d&oacute;nde &eacute;ramos y le dije que somos oaxaque&ntilde;os y le ense&ntilde;&eacute; mi credencial de elector y pregunt&oacute; &quot;d&oacute;nde lo sacaste?&quot; y le dije que en el centro de Oaxaca estaba un IFE y me pregunt&oacute; &quot;c&oacute;mo se llama&quot; yo le dije que no recuerdo el lugar exactamente y nos cre&iacute;a, a fuerza quer&iacute;a el lugar donde lo hab&iacute;a sacado y luego nos dijo &quot;ustedes no son mexicanos y si quiero ahorita los regreso conmigo, adem&aacute;s, traes un menor de edad&quot;, pero le dije que somos libres de andar en M&eacute;xico porque somos mexicanos y dijo &quot;a m&iacute; no me hables as&iacute;, para que sigan su camino tienen que cooperar&quot; y yo le contest&eacute; &quot;c&oacute;mo?&quot; porque no hab&iacute;a entendido, &eacute;l dijo &quot;si, tienen que ponerse a mano, me entienden o no?&quot; y le pregunt&eacute; &quot;con dinero?&quot;, &eacute;l respondi&oacute; &quot;pues si, quiero 1000 varos por cada uno&quot; y le dije que era mucho, que le doy 500 cada uno y &eacute;l dijo &quot;no, los 1000 varos cada uno o ahorita los retacho para atr&aacute;s&quot;. Pues ni modo, tuvimos que dar los 1000 pesos cada uno. Despu&eacute;s dijo &quot;de esto que no se entere nadie, ni al chofer le digan porque es mi cuate y si cuentan de esto van a valer madre&quot; y le dijimosque si y recogimos las cositas, nos fuimos y nos dijo &quot;que les vaya muy bien muy bien&quot;&acute;, as&iacute; 2 veces, como burl&aacute;ndose con una risa. No le dijimos nada al chofer y nos sentamos. &nbsp; Le hablamos -por tel&eacute;fono- al pap&aacute; de mi primo y le comentamos, mi t&iacute;o dijo que esos no son polic&iacute;as, son estafadores. &nbsp; &nbsp; &nbsp; &nbsp; &nbsp; &nbsp; &nbsp; &nbsp; &nbsp;</div>\n<div>\n	&nbsp;</div>\n','Dato no disponible',NULL,'Dato no disponible','Perla del Ángel','Dato no disponible','Dato no disponible','','','Dato no disponible','',NULL,NULL,NULL,NULL,NULL,NULL,NULL,NULL,'No','Dato no disponible','No aplica','No aplica'),(40,'Q-11-14','2014-03-04 00:00:00',1,2,1,'Dato no disponible',2,'Esposa y papá',1,'Al cruzar la frontera',1,'papá','no','regresar a mi comunidad',NULL,1,2,1,'Dato no disponible','no dijo',1,'Sasabé','Dato no disponible','2014-03-04 10:00:00','Dato no disponible','Hermosillo',26,1,'retén ','Reten','revisión','Revisión',NULL,10,1,'Dato no disponible','Dato no disponible','Dato no disponible','Dato no disponible','Dato no disponible','negro','Dato no disponible','Dato no disponible',9,1,'Dato no disponible','<div>\n	En el autob&uacute;s dijeron: Bajen todos, hay inspecci&oacute;n de rutina. Bajamos. Luego dijeron: Los que van a Tijuana, suban y se quedan los que van a Altar o Sono&iacute;ta. Como van a pagar a la mafia y es mucho dinero, nosotros aqu&iacute; somos la ley y nada m&aacute;s nos van a pagar $ 2oo. cada uno. Su pap&aacute; dijo: Pero por qu&eacute; ? y lo separaron y le dijeron: aqu&iacute; vas a pagar y si no, te vamos a revisar todo lo que traigas y va a ser para nosotros. Y les tuvimos que dar, porque ya a mi pap&aacute; casi lo golpeaban. A una se&ntilde;ora que tra&iacute;a ni&ntilde;os, le quitaron $ 1000.00 porque, seg&uacute;n lo que le dijeron, supon&iacute;an que era pollera.&nbsp;</div>\n<div>\n	&nbsp;</div>\n','$1400 pesos',NULL,'Canalización a una instancia','Engracia Robles','Dato no disponible','Dato no disponible','','','Dato no disponible','',NULL,NULL,NULL,NULL,NULL,NULL,NULL,NULL,'Si','Dato no disponible','No aplica','No aplica'),(41,'Q-12-14','2014-03-08 00:00:00',1,2,2,'Dato no disponible',2,'amigos',2,'Dato no disponible',NULL,'Dato no disponible','Dato no disponible','intentar cruzar otra vez',NULL,1,2,NULL,'Dato no disponible','Dato no disponible',NULL,'Dato no disponible','Dato no disponible','2014-02-27 18:00:00','Dato no disponible','Santa Cruz',26,1,'a las afueras de Santa Cruz','Vía pública','Dato no disponible','Revisión',NULL,NULL,10,'Naco','Imúris','5','Alejandro','Dato no disponible','Dato no disponible','Dato no disponible','Si',9,1,'Dato no disponible','<div>\n	El jueves 27 de Febrero a &nbsp;las 6pm aprox. &nbsp;Aniceto llego a Santa Cruz con la intenci&oacute;n de cruzar. Llegando a santa cruz lo intercepto una patrulla de la polic&iacute;a municipal. los llevaron a la comandancia &quot;iban 4&quot;ah&iacute; lo insultaron les pidieron sus pertenencias y les robaron el dinero a todos. Ah&iacute; permanecieron en un cuarto aislados. El comandante que se llamaba Alejandro los acusaba de ser coyotes y que no pod&iacute;an pasar por ah&iacute; pues por ah&iacute; se traficaba droga. Dec&iacute;a que si volv&iacute;an los golpear&iacute;an y que los pod&iacute;an entregar a la PGR diciendo que eran coyotes. Los montaron en un van y los mandaron hacia nogales el viernes en la ma&ntilde;ana del 28 de Feb. Ese mismo viernes volvieron a Santa Cruz y rodearon las v&iacute;as del tren para evitar la polic&iacute;a. Caminaron 7km pasaron el pueblo y se desviaron a la izquierda. Se extraviaron y amanecieron el s&aacute;bado a las afueras del pueblo. En la ma&ntilde;ana como se ve&iacute;an perdidos volvieron hacia el pueblo. Como a la 1pm se encontraron otro grupo cerca a la sierra santa cruz eran 12 persona ind&iacute;genas. Todos regresaron hacia el pueblo, los ind&iacute;genas adelante del grupo de Aniceto. Era una carretera de tierra que se estaba preparando &nbsp;para pavimentar pues hab&iacute;a maquinaria. Como a las 2pm se encontraron con una camioneta explorer a como verde oscuro con vidrios oscuro y sin placas. Salieron 4 polic&iacute;as y el comandante uniformados de azul oscuro. Salieron armados y amenazando con matarlos si no paraban. Detuvieron al grupo entero de 16 personas &nbsp;y llegaron con un &nbsp;pick up chevrolet para llev&aacute;rselos a la comandancia. &nbsp;Llegaron a la comandancia aprox a las 4:30 pm ah&iacute; empezaron a insultarlos preguntando quien era el coyote. Despu&eacute;s golpearon aun muchachos, despu&eacute;s le pegaron a 3 de los compa&ntilde;eros de Aniceto. &nbsp;Los obligaron a poner sus pertenencias en bolsas de pl&aacute;stico. Estuvieron ah&iacute; hasta las 11pm, y de ah&iacute; los trasladaron en una patrulla y los dejaron cerca a nogales. Aprox a 4km a las afueras de Nogales. Ah&iacute; les devolvieron algunas de sus pertenencias pero robaron la mayor&iacute;a de celulares y dinero. &nbsp;A Aniceto le robaron 500 pesos en la primera detenci&oacute;n y 1000 en la segunda.&nbsp;</div>\n<div>\n	&nbsp;</div>\n','Dato no disponible',NULL,'Dato no disponible','Natalia Serna','Dato no disponible','Dato no disponible','','','Dato no disponible','',NULL,NULL,NULL,NULL,NULL,NULL,NULL,NULL,'Si','Dato no disponible','No aplica','No aplica'),(42,'Q-13-14','2014-03-10 00:00:00',1,1,3,'Dato no disponible',2,'amigos',NULL,'Dato no disponible',NULL,'Dato no disponible','Dato no disponible','intentar cruzar otra vez',NULL,NULL,NULL,NULL,'Dato no disponible','Dato no disponible',NULL,'Dato no disponible','Dato no disponible','2014-03-05 22:30:00','Dato no disponible','Casa Blanca',26,1,'carretera','Reten','Retén','Revisión',NULL,15,1,'México, D.F.','Nogales','5','Dato no disponible','Dato no disponible','azul marino','Dato no disponible','Dato no disponible',NULL,NULL,'Dato no disponible','<div>\n	Renato sali&oacute; de la ciudad de M&eacute;xico en bus. El paso chihuahua y llegando a Casa Blanca los bajaron en un reten. Sacaron a todos los hombre &nbsp;del bus los fueron llevando de a uno a uno a la capilla que se encuentra al lado de la carretera y les dijeron que sacaran su dinero y las pertenencias. Despu&eacute;s de amenazarlos los forzaron a sacar sus pertenencias. Despu&eacute;s de haberles quitado las cosas los devolvieron al bus. Esto ocurri&oacute; aprox a 5 km de casablanca. &nbsp; &nbsp;&nbsp;</div>\n<div>\n	&nbsp;</div>\n','Dato no disponible',NULL,'Dato no disponible','Natalia Serna','Dato no disponible','Dato no disponible','','','Dato no disponible','',NULL,NULL,NULL,NULL,NULL,NULL,NULL,NULL,'Si','Dato no disponible','No aplica','No aplica'),(43,'Q-14-14','2014-03-10 00:00:00',2,2,1,'Dato no disponible',2,'concubina',1,'Al cruzar la frontera',1,'concubina','está detenida','esperar en esta ciudad',NULL,1,8,1,'Dato no disponible','6000 dólares',1,'Naco','Dato no disponible','2014-02-25 13:00:00','Dato no disponible','Sinaloa',25,1,'carretera','Reten','Retén','Revisión',NULL,2,1,'México, D.F.','Tijuana','3','Dato no disponible','Dato no disponible','azul marino','no tenían','Si',NULL,1,'Dato no disponible','<div>\n	Sal&iacute; con mi esposa de la Central del Norte de la Ciudad de M&eacute;xico el 24 de febrero de 2014 aproximadamente a la 1:00pm, nuestro destino final fue Sonoyta, el autob&uacute;s se dirig&iacute;a a Tijuana. Al d&iacute;a siguiente, 25 de febrero, aproximadamente a la 1:00pm el autob&uacute;s se detuvo en un ret&eacute;n antes de salir de Sinaloa, se subieron 3 personas (2 hombre y 1 mujer) con taladros, revisaron atr&aacute;s del chofer, sacaron algunos tornillos. Despu&eacute;s siguieron por el pasillo preguntando algunas cosas y solicitando identificaci&oacute;n pero no a todos. Cuando llegaron al lugar donde est&aacute;bamos mi esposa y yo nos preguntaron que a d&oacute;nde &iacute;bamos, de d&oacute;nde ven&iacute;amos. Nos llevaron a los dos hasta el final del autob&uacute;s, a los dos nos revisaron, a mi un hombre y a mi esposa una mujer, pero a ella &quot;le metieron la mano hasta donde no&quot;, fue muy exagerada la revisi&oacute;n. A m&iacute; me quitaron mis zapatos y mi cartera, uno de los agentes la tom&oacute; y la abri&oacute; y pregunt&oacute; cu&aacute;nto dinero tra&iacute;a mientras la abr&iacute;a y contaba el dinero, yo le dije que tra&iacute;a como 3000 pesos. Me dijo que ten&iacute;a que darles 200 pesos por cada uno porque as&iacute; eran las cosas, &acute;&quot;as&iacute; es ahorita, tienes que dar&quot;, yo le dije que era un robo, que no le pod&iacute;a dar eso porque al llegar ten&iacute;amos que pagar hospedaje y comida, pero el agente me dijo que ten&iacute;a que darlos porque si no lo hac&iacute;a vendr&iacute;a el comandante y me quitar&iacute;a m&aacute;s. Entonces yo le dije que si quer&iacute;a le pod&iacute;a dar 250.00, al momento tem&iacute; que me quitaran todo el dinero, tem&iacute; por mi esposa, de que me quitaban todo no tendr&iacute;a para la comida. Al final, ellos aceptaron los 250 pesos diciendo &quot;ya &eacute;chalos aunque sea&quot;,creo que me dijeron que me sentara y no dijera nada y se bajaron. Abajo estaba un veh&iacute;culo pick up blanco (ni me fij&eacute; si ten&iacute;a otro color), pero no me di cuenta si era patrulla, y hab&iacute;a m&aacute;s personas aparte de las que subieron al autob&uacute;s. Nosotros cruzar&iacute;amos por Sonoyta, pero el que nos iba a llevar no se puso activo y nos cambiamos con otro que nos cruz&oacute; por Naco.</div>\n<div>\n	&nbsp;</div>\n','Dato no disponible',2,'Dato no disponible','Perla del Ángel','Dato no disponible','Dato no disponible','','','Dato no disponible','',NULL,NULL,NULL,NULL,NULL,NULL,NULL,NULL,'Si','Dato no disponible','No aplica','No aplica'),(44,'Q-15-14','2014-03-11 00:00:00',1,2,2,'Dato no disponible',2,'amigos',1,'Al cruzar la frontera',2,'Dato no disponible','Dato no disponible','intentar cruzar otra vez',NULL,1,2,NULL,'Dato no disponible','Dato no disponible',1,'Nogales','Dato no disponible','2014-03-23 23:00:00','Dato no disponible','Palenque',7,1,'trayecto ','Otro','camioneta','Revisión',NULL,9,NULL,'Dato no disponible','Dato no disponible','4','Dato no disponible','Dato no disponible','Dato no disponible','Dato no disponible','Dato no disponible',NULL,NULL,'Dato no disponible','<div>\n	Tomaron una comby. Les sacaron dinero y los botaron. Caminaron y se montaron en otra. La polic&iacute;a los alcanz&oacute;, y les quit&oacute;, entre todos cinco mil pesos. Tambi&eacute;n a uno los zapatos.</div>\n<div>\n	&nbsp;</div>\n','Dato no disponible',NULL,'Canalización a una instancia','Engracia Robles','Dato no disponible','Dato no disponible','','','Dato no disponible','',NULL,NULL,NULL,NULL,NULL,NULL,NULL,NULL,'Si','Dato no disponible','No aplica','No aplica'),(45,'Q-16-14','2014-03-13 00:00:00',1,2,2,'Dato no disponible',NULL,'Dato no disponible',1,'Vivías en USA',1,'esposa e hija','está en Phoenix','intentar cruzar otra vez',NULL,1,8,NULL,'Dato no disponible','Dato no disponible',NULL,'Dato no disponible','Dato no disponible','2014-02-27 16:00:00','Dato no disponible','Tuxtla',30,1,'carretera','Reten','autobús','Revisión',NULL,4,1,'Dato no disponible','Dato no disponible','1','si','A. Nava','azul marino ','si Policía Federal','Si',9,NULL,'Dato no disponible','<div>\n	En compa&ntilde;&iacute;a de Melvin Waldemar Meza y Rene Flores, est&aacute;bamos en Coatzacoalcos de ah&iacute; llegamos a Acayucan, de acayucan subimos a un bus para Puerto Veracruz ( 205.00 el boleto) Como a la hora y media de camino una se&ntilde;ora ten&iacute;a problemas respiratorios , de repente se par&oacute; el bus, lleg&oacute; el Federal, bajaron a la Sra. y se la llev&oacute; al hospital. Regres&oacute;, alcanz&oacute; el bus, lo par&oacute; y mand&oacute; al chofer a que bajara uno de los 4. Me dijo el federal: Cu&aacute;ntos pollos llevas? No, oficial, yo no me dedico a eso. No utiliz&oacute; violencia ni verbal ni f&iacute;sica. Luego dijo: bueno, me das 100 d&oacute;lares por cada uno o los entrego a migraci&oacute;n. Ante eso, yo le expliqu&eacute; que no ten&iacute;amos dinero. Entonces mand&oacute; bajar a los otros tres porque &iacute;bamos de regreso a nuestro pa&iacute;s. Se bajaron los otros tres, le dijo al autob&uacute;s que se fuera y a nosotros nos subi&oacute; a la patrulla, Caminamos por el espacio de 6 cuadras. Bueno, dijo, aj&uacute;stenme 1 300.00 entre los cuatro y los dejo, pero no lo vayan a decir a nadie. Entre los 4 ajustamos los $ 1300. y nos llev&oacute; y nos baj&oacute; en Matacapan, en un lugar de carros decomisados. De ah&iacute; nos fuimos caminando y nos quedamos con una buena familia. Nos quedamos a medio camino sin nada.</div>\n<div>\n	&nbsp;</div>\n','Dato no disponible',NULL,'Canalización a una instancia','Engracia Robles','Dato no disponible','Dato no disponible','','','Dato no disponible','',NULL,NULL,NULL,NULL,NULL,NULL,NULL,NULL,'Si','Dato no disponible','No aplica','No aplica'),(46,'Q-17-14','2014-03-14 00:00:00',2,1,1,'Falta de trabajo',2,'hermano',1,'Vivías en USA',1,'hermano ','está detenido ','Dato no disponible',NULL,1,8,1,'Dato no disponible','Dato no disponible',1,'Dato no disponible','Dato no disponible','2014-03-07 12:00:00','Dato no disponible','Dato no disponible',10,1,'carretarea',NULL,'Retén','Revisión',NULL,7,1,'Dato no disponible','Dato no disponible','Dato no disponible','Dato no disponible','Dato no disponible','Dato no disponible','Dato no disponible','Dato no disponible',NULL,NULL,'Dato no disponible',NULL,'Dato no disponible',NULL,'Dato no disponible','Perla del Ángel','Dato no disponible','Dato no disponible','','','Dato no disponible','',NULL,NULL,NULL,NULL,NULL,NULL,NULL,NULL,'Dato no disponible','Dato no disponible','No aplica','No aplica'),(47,'Q-18-14','2014-03-14 00:00:00',2,1,1,'Falta de trabajo',1,'Dato no disponible',1,'Al cruzar la frontera',NULL,'Dato no disponible','Dato no disponible','esperar en esta ciudad ',NULL,1,8,NULL,'Dato no disponible','Dato no disponible',NULL,'Dato no disponible','Dato no disponible','2014-03-01 18:00:00','Dato no disponible','Janos',8,1,'carretera ','Reten','Retén','Revisión',NULL,NULL,1,'D.F.','Agua Prieta ','5','Dato no disponible','Dato no disponible','azul marino ','no tenía ','Si',7,1,'Dato no disponible','<div>\n	A todos los que ven&iacute;amos en el autob&uacute;s nos bajaron para revisarnos la cartera, ellos mismos tomabana el dinero sin nuestro consentimiento y el diinero lo iban echando como &nbsp;en una cubeta. &nbsp; &nbsp; &nbsp; &nbsp; &nbsp; &nbsp; &nbsp; &nbsp; &nbsp; &nbsp; &nbsp; &nbsp; &nbsp; &nbsp; &nbsp;&nbsp;</div>\n<div>\n	&nbsp;</div>\n','Dato no disponible',NULL,'Dato no disponible','Adalberto Ramos','Dato no disponible','Dato no disponible','','','Dato no disponible','',NULL,NULL,NULL,NULL,NULL,NULL,NULL,NULL,'Si','Dato no disponible','No aplica','No aplica'),(48,'Q-19-14','2014-03-14 00:00:00',1,2,2,'Dato no disponible',2,'amigos',1,'Vivías en USA',2,'Dato no disponible','Dato no disponible','intentar cruzar otra vez',NULL,1,4,NULL,'Dato no disponible','Dato no disponible',1,'Nogales ','Dato no disponible','2014-03-13 17:00:00','Dato no disponible','Nogales ',26,1,'calle','Vía pública','caminando para tomar el camión ','Detectaron su aspecto de migrante',NULL,2,10,'Dato no disponible','Dato no disponible','2','Dato no disponible','Dato no disponible','azul','no tenía ','Si',9,1,'Dato no disponible','<div>\n	en compa&ntilde;&iacute;a de Filiberto Mart&iacute;nez Cruz fuimos a informar a qu&eacute; hora sal&iacute;a el tren a la estaci&oacute;n. Al regresar de ah&iacute; a donde tomar&iacute;amos el cami&oacute;n, nos encontr&oacute; la Polic&iacute;a. Frenaron y nos presionaron a subirnos. Nos llevaron a un solar bald&iacute;o. Y nos dijeron que si no les d&aacute;bamos el dinero, nos iban a llevar a encerrar 36 horas y a m&iacute; me iban a llevar a migraci&oacute;n. Nos sacaron todo de la mochila y nos quitaron el dinero $ 100.00 y $ 250. 00 respectivamente. Dijeron que no nos quer&iacute;an volver a ver por ah&iacute; &nbsp;porque nos iban a cachetear. Yo dije: Qu&eacute; es prohibido caminar por la calle? Y dijeron: A m&iacute; no me interesa, yo soy la ley. Y &nbsp;ah&iacute; nos dejaron. Como nos tiraron toda la ropa, empezamos a acomodar todo de nuevo en la mochila. De ah&iacute; nos venimos caminando. Llegamos como a las 10 de la noche y nos quedamos debajo de la cruz Roja en el Beta.&nbsp;</div>\n<div>\n	&nbsp;</div>\n','350 pesos',NULL,'Canalización a una instancia','Engracia Robles ','Dato no disponible','Dato no disponible','','','Dato no disponible','',NULL,NULL,NULL,NULL,NULL,NULL,NULL,NULL,'Si','Dato no disponible','No aplica','No aplica'),(49,'Q-21-14','2014-03-14 00:00:00',1,2,2,'Dato no disponible',2,'hijo ',1,'Al cruzar la frontera',1,'hijo','Dato no disponible','regresar a mi comunidad ',NULL,1,2,2,'Dato no disponible','Dato no disponible',NULL,'Dato no disponible','Dato no disponible','2014-02-26 05:00:00','Dato no disponible','Chantalá',7,1,'carretera ','Reten','Retén','Revisión',NULL,2,12,'Dato no disponible','Dato no disponible','4','Dato no disponible','Dato no disponible','Dato no disponible','no tenía ','Si',11,1,'Dato no disponible','<div>\n	Ten&iacute;amos de Benem&eacute;rito y al pasar por Chantal&aacute; pararon a la combi y nos bajaron. De d&oacute;nde vienen? Preguntaron. Si no dan 200.00 de aqu&iacute; no pasan. Todos dimos los 200.00 Nos subimos y m&aacute;s adelante, en ese tramo, antes de Palenque, fueron otros 200.00 Eran cada vez $ 400.00 yo y mi hijo. Cuando ya no tuvimos dinero para los retenes, los rode&aacute;bamos a pie.</div>\n<div>\n	&nbsp;</div>\n','200 pesos',NULL,'Canalización a una instancia','Engracia Robles ','Dato no disponible','Dato no disponible','','','Dato no disponible','',NULL,NULL,NULL,NULL,NULL,NULL,NULL,NULL,'Dato no disponible','Dato no disponible','No aplica','No aplica'),(50,'Q-24-14','2014-03-23 00:00:00',1,2,7,'Dato no disponible',NULL,'Dato no disponible',1,'Al cruzar la frontera',2,'Dato no disponible','Dato no disponible','intentar cruzar otra vez',NULL,1,NULL,NULL,'Dato no disponible','Dato no disponible',NULL,'Dato no disponible','Dato no disponible','2014-02-15 10:00:00','Dato no disponible','Dato no disponible',NULL,1,'carretera ','Reten','revisión ','Revisión',NULL,6,12,'Dato no disponible','Dato no disponible','5','Dato no disponible','Dato no disponible','negro ','Dato no disponible','Si',9,1,'Dato no disponible','<div>\n	En compa&ntilde;&iacute;a de Darwin Rodr&iacute;guez Alvarado &nbsp;Ven&iacute;amos de Guatemala a Tenocique &nbsp;en una camioneta. Encontramos la camioneta de la polic&iacute;a. Le hizo cambio de luces y par&oacute; la camioneta. Eramos 6 . Nos baj&oacute; a todos. Saquen todo lo que traigan en la bolsa y p&oacute;nganlo en el asiento de la camioneta. Unos registraban las bolsas, otros a nosotros. Las mochilas y las cosas las aventaron y cerr&oacute; la puerta de la patrulla y se arrancaron con el dinero, celulares. A nosotros nos quitaron $ 800.00 de los dos.</div>\n<div>\n	&nbsp;</div>\n','800 pesos',NULL,'Canalización a una instancia','Engracia Robles ','Dato no disponible','Dato no disponible','','','Dato no disponible','',NULL,NULL,NULL,NULL,NULL,NULL,NULL,NULL,'Si','Dato no disponible','No aplica','No aplica'),(51,'Q-25-14','2014-03-24 00:00:00',1,2,2,'Dato no disponible',2,'cuñado',1,'Al cruzar la frontera',2,'Dato no disponible','Dato no disponible','intentar cruzar de nuevo ',NULL,1,8,NULL,'Dato no disponible','Dato no disponible',NULL,'Dato no disponible','Dato no disponible','2014-03-17 13:00:00','Dato no disponible','Celaya',11,1,'antes de llegar a la estación del tren ','Afuera de la terminal de transporte','parada del tren ','Intentar viajar',NULL,16,4,'Dato no disponible','Dato no disponible','6','Dato no disponible','Dato no disponible','azul ','Dato no disponible','Si',7,2,'Dato no disponible','<div>\n	Ven&iacute;amos en el tren y antes de llegar a Celaya pararon el tren y se suben 6 polic&iacute;as Federales y empiezan a gritarles y ordenarles que saquen todo lo que traen en las bolsas con amenaza de bajarlos. Est&aacute;bamos acostados. Como un amigo no se quer&iacute;a levantar le dieron tres patadas y lo insultaron. Iban quitando el dinero. A uno le quitaron $ 1 500.00 a m&iacute; s&oacute;lo me quitaron $ 160.00 porque no tra&iacute;a m&aacute;s. Eramos, en la g&oacute;ndola que nosotros ven&iacute;amos ,diez y seis. Cuando nos juntamos despu&eacute;s. fue cuando cada uno dijo lo que le hab&iacute;an quitado.&nbsp;</div>\n<div>\n	&nbsp;</div>\n','1660 pesos ',NULL,'Canalización a una instancia','Engracia Robles ','Dato no disponible','Dato no disponible','','','Dato no disponible','',NULL,NULL,NULL,NULL,NULL,NULL,NULL,NULL,'Si','Dato no disponible','No aplica','No aplica'),(52,'Q-26-14','2014-03-23 00:00:00',1,2,1,'Dato no disponible',2,'cuñado',2,'Dato no disponible',2,'Dato no disponible','Dato no disponible','cruzar la frontera ',NULL,1,4,2,'Dato no disponible','Dato no disponible',NULL,'Dato no disponible','Dato no disponible','2014-02-28 14:00:00','Dato no disponible','Dato no disponible',7,1,'carretera ','Reten','revisión ','Revisión',NULL,3,12,'Dato no disponible','Dato no disponible','2','Dato no disponible','Dato no disponible','azul','Dato no disponible','Si',9,1,'Dato no disponible','<div>\n	Ten&iacute;amos en una combi de pasajeros, llena, de la frontera de Guatemala a Palenque. De repente, la patrulla par&oacute; a la combi. Y como si conocieran qu&iacute;enes &eacute;ramos los hondure&ntilde;os nos bajaron, y nos dijeron que por qu&eacute; and&aacute;bamos ah&iacute;. &Eacute;ramos tres. Nos separaron y dijeron que vi&eacute;ramos c&oacute;mo and&aacute;bamos de sucias y que por eso nos hab&iacute;an bajado. Ya hab&iacute;amos pasado la arrocera. Nos amenazaron que nos iban a encerrar para echarnos a nuestro pa&iacute;s. Pedimos que por favor nos dejaron, que tanto que hab&iacute;amos luchado. Uno no quer&iacute;a soltarnos. El otro dec&iacute;a que pag&aacute;ramos. Nos ped&iacute;a $ 1 500.00 por las dos. Entonces entregamos $ 1 200.00 que tra&iacute;amos. Dec&iacute;an: Y s&oacute;lo esto? Porque ya no tra&iacute;amos m&aacute;s. Y nos fue a dejar en una parte sola para que de ah&iacute; agarr&aacute;ramos otra combi. O mejor dicho, nos preguntaron qu&eacute; nos pasaba, nos subieron a la otra combi y nos llevaron al centro.</div>\n<div>\n	&nbsp;</div>\n','1200 pesos',NULL,'Canalización a una instancia','Engracia Robles ','Dato no disponible','Dato no disponible','','','Dato no disponible','',NULL,NULL,NULL,NULL,NULL,NULL,NULL,NULL,'Si','Dato no disponible','No aplica','No aplica'),(53,'Q-27-14','2014-03-25 00:00:00',1,1,1,'Dato no disponible',1,'Dato no disponible',2,'Dato no disponible',NULL,'Dato no disponible','Dato no disponible','cruzar la frontera ',NULL,1,2,2,'Dato no disponible','Dato no disponible',NULL,'Dato no disponible','Dato no disponible','2014-03-08 00:00:00','Dato no disponible','Celaya',11,1,'donde está un aeropuerto ','Afuera de la terminal de transporte','parada del tren ','Intentar viajar',NULL,26,4,'Dato no disponible','Dato no disponible','Dato no disponible','Dato no disponible','Dato no disponible','Dato no disponible','Dato no disponible','Dato no disponible',NULL,NULL,'Dato no disponible',NULL,'Dato no disponible',NULL,'Dato no disponible','Engracia Robles ','Dato no disponible','Dato no disponible','','','Dato no disponible','',NULL,NULL,NULL,NULL,NULL,NULL,NULL,NULL,'Dato no disponible','Dato no disponible','No aplica','No aplica'),(54,'Q-28-14','2014-03-27 00:00:00',1,2,1,'Dato no disponible',2,'primo ',1,'Al cruzar la frontera',1,'primo ','no ','regresar a mi comunidad ',NULL,NULL,NULL,2,'Dato no disponible','Dato no disponible',NULL,'Dato no disponible','Dato no disponible','2014-03-01 00:00:00','Dato no disponible','Caborca ',26,1,'carretera ','Reten','la mafia los detiene ','Revisión',NULL,6,10,'Dato no disponible','Dato no disponible','Dato no disponible','Dato no disponible','Dato no disponible','Dato no disponible','Dato no disponible','Dato no disponible',NULL,NULL,'Dato no disponible','<div>\n	Leonardo llego a caborca con su primo. Estaban sobre la carretera principal cuando llego una camioneta blanca chevy con placas. Habian 3 hombres que les dijeron que les daban trabajo. Se subieron y viajaron 3 horas en camioneta. Los llevaron a una casa en un rancho. No los dejaban salir. A la semana salieron y los dejaron en el desierto donde llego otra camioneta que los esperaba con droga. Con leonardo iba tambien su primo y 3 de guatemala y 3 de honduras. Eran todos jovenes. Cada uno tomo maleta con 40 kilos y empezaron a caminar. Durante el trayecto les pegaba y maltrataban y decian que no se pod&iacute;an ir pues los agarrar&iacute;an los puntos. Pasaron 3 dias y 2 noches caminando. Cuando vieron a la patrulla se entregaron.&nbsp;</div>\n<div>\n	&nbsp;</div>\n','Dato no disponible',NULL,'Canalización a una instancia','Dato no disponible','Dato no disponible','Dato no disponible','','','Dato no disponible','',NULL,NULL,NULL,NULL,NULL,NULL,NULL,NULL,'Dato no disponible','Dato no disponible','No aplica','No aplica'),(56,'Q-29-14','2014-04-02 00:00:00',1,1,1,'Falta de trabajo',2,'amigos y hermano ',2,'Dato no disponible',NULL,'Dato no disponible','Dato no disponible','Dato no disponible',NULL,1,2,NULL,'Dato no disponible','Dato no disponible',NULL,'Dato no disponible','Dato no disponible','2014-03-07 06:00:00','Dato no disponible','Palenque ',7,1,'carretera ','Reten','Retén','Revisión',NULL,NULL,12,'Palenque ','Dato no disponible','2','Dato no disponible','Dato no disponible','azul ','si Policía Federal ','No',NULL,NULL,'Dato no disponible','<div>\n	entre la frontera (un pueblito que no recuerda el nombre) y palenque tomaron una combi. Iban sobre la v&iacute;a hacia palenque y hab&iacute;a un reten de la polic&iacute;a federal. El polic&iacute;a paro la combi y bajo a los migrantes, (pues el senor de la combi le dijo a los federales que ven&iacute;an migrantes.)</div>\n<div>\n	&nbsp;</div>\n','200 pesos',NULL,'Dato no disponible','Engracia Robles','Dato no disponible','Dato no disponible','','','Dato no disponible','',NULL,NULL,NULL,NULL,NULL,NULL,NULL,NULL,'Si','Dato no disponible','No aplica','No aplica'),(57,'Q-03-14','2014-02-12 00:00:00',3,1,2,'económico ',1,'Dato no disponible',NULL,'Dato no disponible',1,'tío ','Dato no disponible','no se ',NULL,2,NULL,NULL,'Dato no disponible','Dato no disponible',NULL,'Dato no disponible','Dato no disponible','2014-02-08 10:00:00','Dato no disponible','Santa Anna',26,1,'carretera ','Reten','Retén','Revisión',NULL,NULL,1,'Nogales','Altar ','4','Dato no disponible','Dato no disponible','Dato no disponible','Dato no disponible','Si',8,NULL,'Dato no disponible','<p>\n	Andr&eacute;s Ruiz de 29 a&ntilde;os de edad originario de Chiapas, intento cruzar a estados unidos por el desierto de Sasabe Sonora; a los 2 d&iacute;as de haber emprendido el viaje por el desierto lo detuvieron los agente de la patrulla fronteriza y los llevaron a migraci&oacute;n en Tucson Arizona de ah&iacute; los pasaron a Nogales Arizona donde los deportaron a las 6:30 de la tarde y despu&eacute;s tomaron el y unos compa&ntilde;eros el autob&uacute;s de regreso a Altar, pasaron por el ret&eacute;n a las 10:00 de la noche: cuentan que ven&iacute;an dormidos en el autob&uacute;s cuando los despertaron y les pidieron que se bajaran solo los que ten&iacute;an aspecto a migrantes, ah&iacute; los agentes los llevaron a la parte de atr&aacute;s del autob&uacute;s y les dijeron que todos ten&iacute;an que cooperar con algo, a lo cual ellos contestaron que no porque eran de mexicanos y no hab&iacute;an ning&uacute;n delito en que viajaran y los agentes contestaron que eso no les importaba que todo migrante que pasara por sus territorios ten&iacute;an que dejar una cuota. Ellos ya no ten&iacute;an nada ya que lo hab&iacute;an gastado todo en el viaje pero entre los 3 compa&ntilde;eros lograron juntar 580 pesos y as&iacute; es como los dejaron seguir su camino.</p>\n','580',2,'Dato no disponible','Dato no disponible','Dato no disponible','Dato no disponible','','','complexión delgada y morenos ','',NULL,NULL,NULL,NULL,NULL,NULL,NULL,NULL,'Si','Dato no disponible','No aplica','No aplica'),(58,NULL,'2014-05-03 00:00:00',2,1,2,'Mejorar la ecoonoomia ',2,'Con companeros de Chiapas',1,'Al cruzar la frontera',2,'Dato no disponible','Dato no disponible','Esperar en esta frontera',NULL,1,8,2,'Dato no disponible','$ 2,800 USD',1,'Sonoyta','Dato no disponible','2014-04-25 00:00:00','Dato no disponible','Santa Ana',26,1,'Dentro del Autobus','A bordo del propio transporte','Retén','Revisión',NULL,3,2,'Tuxtla Gutierrez,Chiapas','Altar,Sonora','4','Dato no disponible','No','Azul','Policia','Si',9,2,'No','<p>\n	Ven&iacute;a en un autob&uacute;s de turismo que tom&eacute; en Tuxtla Guti&eacute;rrez, Chiapas el 23 de abril de 2014 junto con otros 11 compa&ntilde;eros, de los cuales ahora s&oacute;lo se encuentra con uno. Durante el viaje&nbsp; se top&oacute; con varios retenes, pero al pasar por Santa Ana, Sonora, a la salida de la ciudad estaba una revisi&oacute;n de la Polic&iacute;a Federal, ten&iacute;an sus patrullas ah&iacute;, unas azules de carro chico que dicen Polic&iacute;a Federal y hab&iacute;a como 6 polic&iacute;as, 4 de ellos subieron al autob&uacute;s, me dijeron &quot;lev&aacute;ntate y vamos para atr&aacute;s&quot;, me quer&iacute;an llevar hasta atr&aacute;s, yo le dije que por qu&eacute; ten&iacute;a que ir all&aacute;, si ah&iacute; me pod&iacute;an preguntar, entonces ellos me empezaron a decir que yo sacara el dinero, a ver cu&aacute;nto tra&iacute;a yo, le dije que s&oacute;lo lo que tra&iacute;an en mi cartera, me hicieron sacar mi cartera, y como me amenazaron que si no daba dinero me iban a bajar y a dejar ah&iacute; y yo iba a Altar, entonces le di a un polic&iacute;a 100 pesos y dije que ya no tra&iacute;a m&aacute;s, pero ellos insist&iacute;an que si tra&iacute;a m&aacute;s, en d&oacute;nde lo tra&iacute;a, se puseron a hablarme agresivos, pero no me sacaron m&aacute;s dinero. Despu&eacute;s, se fueron con otros compa&ntilde;eros que ven&iacute;an m&aacute;s atr&aacute;s y a ellos si los enviaron hasta atr&aacute;s y a uno le sacaron 1000 pesos, a otro 400 y a otro 500 pesos. Al final subi&oacute; un polic&iacute;a y yo le dije que esto no estaba bien, que yo los respeto pero esto es exceder de sus funciones, se salen de sus reglamentos de protegernos y que me disculpara si lo ofend&iacute;a con mis palabras, el polic&iacute;a me dijo que no, que estaba bien y que me felicitaba. Como se pusieron muy agresivos pidiendo dinero, el chofer del autob&uacute;s se molest&oacute; y les dijo que ya se bajaran que ya no quitaran dinero, que &eacute;l iba a arrancar y si se iban no era su problema, y que si no se bajaban iba a tomar el n&uacute;mero de placa y los iba a reportar, y s&oacute;lo as&iacute; fue que los polic&iacute;as se bajaron del autob&uacute;s, como todas las personas que ven&iacute;amos en el autob&uacute;s ven&iacute;amos a cruzar la frontera parece que quer&iacute;an sacarnos dinero a todos. El autob&uacute;s lleg&oacute; a Altar y ah&iacute; bajamos todos.</p>\n','100',2,'Dato no disponible','Perla Del Angel','Dato no disponible','Dato no disponible','','','4 hombres, tez morena, un obeso y los otros de com','',NULL,NULL,NULL,NULL,NULL,NULL,NULL,NULL,'Si','Dato no disponible','No aplica','No aplica'),(61,NULL,'2014-06-04 10:48:00',1,1,3,'Falta de trabajo',1,'Dato no disponible',2,'Dato no disponible',2,'Dato no disponible','Dato no disponible','Regresar a su comunidad',NULL,1,9,2,'Dato no disponible','Dato no disponible',1,'Mexicali','Dato no disponible','2014-05-20 00:00:00','Dato no disponible','Mexicali',2,1,'En la barandilla','Oficinas de gobierno','Dormir en la calle','Falta administrativa',NULL,0,10,'Dato no disponible','Dato no disponible','4','Dato no disponible','Chilangos','Azul','Dato no disponible','Dato no disponible',NULL,NULL,'Dato no disponible','<p>\n	Bajo protesta de decir verdad manifiesto llamarme como quedo escrito y que a aprincipios del mes de mayo del a&ntilde;o en curso sal&iacute; de mi cmunidad de origen para dirigirme a &nbsp;los Estados UNidos de Norteamerica &nbsp;concretamente a los Angeles &nbsp;California, &nbsp;ya que haya vive mi mam&aacute;, &nbsp;por lo que llegue a Mexicali para poder intentar cruzar por ah&iacute;, pero no lo logre y &nbsp;como no ten&iacute;a dinero, ni familia en Mexicali &nbsp;me quede a &nbsp;dormir varias veces en la caalle y &nbsp;en el zocalo, por lo que la polic&iacute;a Preventiva y tr&aacute;nsito &nbsp;Municipal me detuvo ocasiones y me llevo a la Barandilla Municipal donde &nbsp;en cada ocasi&oacute;n me arrestaron por trres d&iacute;as, la primera vez que me detuvieron al ingresar a la Barandilla me quitaron mis pertenencias como son mi mochila donde llevaba mi ropa, &nbsp;zapatos &nbsp; y mi cartera que no llevaba dinero pero llevaba todas mis identificaciones &nbsp;oficiales y &nbsp;los telefonos de mi familia en Estados Unidos, mismas que me devolvieron cuando sal&iacute; de la barandilla, sin embargo el d&iacute;a 20 de mayo del a&ntilde;o en curso &nbsp;cuando fue la segunda ocasi&oacute;n en que me detuvieron los polic&iacute;as al salir de la barandilla no me devolvieron mis pertenencias, por lo que el pedi al oficial que me las devolviera pero el polic&iacute;a al que escuche que le dicen el CHilango, me dijo que dejara de molrestar que&nbsp;no em iban a devolver nada y &nbsp;me amenazo con encerrarme otra vez, por lo que mejor me fui de ah&iacute;.</p>\n<p>\n	Tambien quiero agregar que los policias que em detuvieron me pusieron las esposas y me apretaron tan fuerte que me lastimaron las manos &nbsp; y todavia tengo huellas de eso en mis manos, addem&aacute;s como sufro de la preci&oacute;n me puse mal cuando estaba detenido y los polic&iacute;as no me dieron ni medicamento ni me llevaron al doctor.&nbsp;</p>\n<p>\n	Solicito que se investiguen los hechos y que se sancione a los oficiales que me causaron da&ntilde;os&nbsp;</p>\n','Dato no disponible',1,'Defensa','Matilde Pérez','Dato no disponible','Dato no disponible','','','Alto, guero y rapado','Se elaborara una queja a la comisión de derechos humanos de Nogales para que la envíen a su homologa de Mexicali',NULL,NULL,NULL,NULL,NULL,NULL,NULL,NULL,'Si','Dato no disponible','No aplica','No aplica'),(62,NULL,'2014-06-04 18:16:00',2,1,3,'Dato no disponible',1,'Dato no disponible',1,'Al cruzar la frontera',2,'Dato no disponible','Dato no disponible','Regresar a casa',NULL,1,2,2,'Dato no disponible','Dato no disponible',NULL,'Algodones','Dato no disponible','2014-06-01 13:00:00','Dato no disponible','Ciudad Juárez',8,1,'Vía pública','Vía pública','Revisión','Revisión',NULL,0,10,'Dato no disponible','Dato no disponible','2','Dato no disponible','Dato no disponible','Azul','Policía Municipal','Si',9,1,'257','<p>\n	El s&aacute;bado 31 de mayo de 2014 fui repatriado a las 11:17 de la ma&ntilde;ana por Ciudad Ju&aacute;rez. Me fui a la Casa de Migrante y ah&iacute; pas&eacute; la noche. Al d&iacute;a siguiente, el domingo 1 de junio de 2014 un hombre lleg&oacute; a la Casa buscando a una persona (migrante) que le ayudara a repartir volantes, entonces me fui yo a repartirlos a la calle.</p>\n<p>\n	Aproximadamente a medio d&iacute;a (cuando yo estaba en la calle repartiendo los volantes) se escucharon disparos y cayeron dos muchachos que estaban en un taller mec&aacute;nico a pocos metros de donde yo estaba y despu&eacute;s sali&oacute; como una camioneta negra y todos los que est&aacute;bamos cerca salimos corriendo.</p>\n<p>\n	Yo me fui caminando e iba preguntando qu&eacute; cami&oacute;n pod&iacute;a tomar para llegar a la Casa del Migrante porque est&aacute; lejos del centro. Despu&eacute;s, cuando estaba caminando sobre la Avenida 16 de Septiembre, ya como a la 1 de la tarde,&nbsp; me top&eacute; con una patrulla tipo pick up # 257 de la Polic&iacute;a Municipal (de color blanco con azul o negro, parecidas a las de aqu&iacute;), cuando me vieron se dieron la vuelta hacia m&iacute; -<em>se&ntilde;ala una vuelta en U</em>-, me dijeron &quot;ah&iacute; p&aacute;rate&quot;. Al principio pens&eacute; que era por la balacera, pero los dos polic&iacute;as se bajaron y uno (alto, moreno, cabello corto, su placa sobre el uniforme azul dec&iacute;a &quot;Morales&quot; y ten&iacute;a un tatuaje de alacr&aacute;n en su mano izquierda) inmediatamente me tom&oacute; del hombro izquierdo (as&iacute; vi su tatuaje) y me volte&oacute; sobre la patrulla -<em>en forma de X</em>- y me empez&oacute; a revisar y sac&oacute; mi cartera (ah&iacute; yo tra&iacute;a 38 d&oacute;lares, una foto de mi esposa que falleci&oacute; hace 2 a&ntilde;os, una foto de ella y yo, una medalla de oro que era de ella y yo la llevaba como su recuerdo, mi credencial para votar, n&uacute;meros telef&oacute;nicos que ten&iacute;a apuntados en varias tarjetitas), mientras que el otro (moreno, pero bajo de estatura y medio gordillo) me preguntaba de d&oacute;nde soy, qu&eacute; ando haciendo, de d&oacute;nde hab&iacute;a sacado el dinero -<em>los 38 d&oacute;lares-</em> y d&oacute;nde me hab&iacute;a robado la medalla, yo creo que pensaron que me la rob&eacute; porque era de oro y estaba grandecita.</p>\n<p>\n	Me subieron a la patrulla y como 15 minutos me trajeron as&iacute; -<em>se&ntilde;alando un c&iacute;rculo con su mano sobre el escritorio-</em>. Como tres vueltas me dieron, me bajaron y me dijeron &quot;vete, desapar&eacute;cete&quot;; yo les dije &quot;qu&eacute;dense con el dinero, pero&nbsp; por favor regr&eacute;senme la medallita de mi esposa que es un recuerdo de ella&quot;. S&oacute;lo por pedir la medallita me dijo uno de ellos &quot;M&aacute;s vale que le pongas, sino te vamos a subir y te vamos a meter a la c&aacute;rcel por rata&quot;.</p>\n<p>\n	Despu&eacute;s, ellos se fueron y yo me qued&eacute; caminando. Ya no me quedaron ganas ni de regresar a la Casa del Migrante, donde ten&iacute;a mi hoja de repatriaci&oacute;n, unas cartas y un cambio; mejor fui preguntando por la salida de la ciudad, camin&eacute; como 20 km pidiendo <em>ride</em> y llegu&eacute; a AP ayer martes 3 de junio, llegu&eacute; primero a Puerto Palomas y despu&eacute;s a otra ciudad y luego ya para ac&aacute;.&nbsp;</p>\n<p>\n	Me quitaron todo lo que llevaba. No me importa tanto el dinero, sino el recuerdo de mi esposa -<em>con l&aacute;grimas en los ojos</em>-, es lo que m&aacute;s me puede, pero ya qu&eacute; puedo hacer...</p>\n','Dato no disponible',3,'Dato no disponible','Perla Del Angel','Dato no disponible','Dato no disponible','','','Dato no disponible','',NULL,NULL,NULL,NULL,NULL,NULL,NULL,NULL,'Si','Dato no disponible','No aplica','No aplica'),(63,NULL,'2014-03-20 00:00:00',3,1,1,'Dato no disponible',1,'Dato no disponible',NULL,'Dato no disponible',NULL,'Dato no disponible','Dato no disponible','esperar en esta ciudad',NULL,1,NULL,NULL,'Dato no disponible','Dato no disponible',NULL,'Dato no disponible','Dato no disponible','2014-03-19 20:00:00','Dato no disponible','Altar',26,1,'carretera ','Reten','extorsión','Revisión',NULL,NULL,NULL,'Dato no disponible','Dato no disponible','3','Dato no disponible','Dato no disponible','Dato no disponible','si','Dato no disponible',9,NULL,'Dato no disponible','<p>\n	&nbsp;</p>\n<p align=\"left\">\n	<strong>N&eacute;stor Vel&aacute;zquez se &nbsp;encontraba en la Plaza P&uacute;blica Municipal en la espera de retirar un dinero que le hab&iacute;an enviado sus familiares de Estado Unidos ya que las oficinas de Tel&eacute;grafos se encuentran ah&iacute; enfrente se pas&oacute; todo la ma&ntilde;ana sentado esperando cuando se percat&oacute; de que una patrulla la cual abordaban tres polic&iacute;as; lo hab&iacute;a estado vigilando desde que llego, despu&eacute;s empezaron a acercarse para escuchar cuando hablaba por tel&eacute;fono; alrededor de las 4:00 de la tarde entro a las oficinas a retirar el dinero y saliendo de ah&iacute; los polic&iacute;as&nbsp; lo detuvieron y lo subieron a la patrulla a la fuerza, lo llevaron a las afueras del pueblo ah&iacute; le estuvieron haciendo preguntas y despu&eacute;s le pidieron todo el dinero a lo cual &eacute;l se neg&oacute; ya que era una cantidad&nbsp; de 6000 pesos para su viaje y fue entonces que lo empezaron a jalonear y a golpear; ya que le hab&iacute;an quitado todo su efectivo lo llevaron a la comandancia y ah&iacute; paso la noche sin que nadie le explicara que estaba pasando y por qu&eacute; lo hab&iacute;an detenido. En la ma&ntilde;ana siguiente pidi&oacute; hablar con el comandante y todos se negaron a darle informaci&oacute;n solo le dijeron que lo iban a dejar en libertad pero que se ten&iacute;a que ir del pueblo si no lo iban a mandar levantar, N&eacute;stor dijo que estaba bien pero quer&iacute;a su dinero y otras pertenencias que le hab&iacute;an quitado los Polic&iacute;as as&iacute; como un tel&eacute;fono celular, memoria y una peque&ntilde;a &nbsp;libreta donde tra&iacute;a n&uacute;meros de tel&eacute;fono y direcciones. De esto nada le regresaron; llego a nuestro albergue ya sin ninguna de sus pertenencias; y decidi&oacute; no hacer una demanda formal por miedo a represalias y aqu&iacute; tomo la decisi&oacute;n de&nbsp; regresar a su lugar de origen.</strong></p>\n','6000 pesos',3,'Dato no disponible','Dato no disponible','Dato no disponible','Dato no disponible','','','robustos y altos','',NULL,NULL,NULL,NULL,NULL,NULL,NULL,NULL,'Si','Dato no disponible','No aplica','No aplica'),(64,NULL,'2014-03-20 00:00:00',3,2,2,'Falta de trabajo',1,'Dato no disponible',2,'Dato no disponible',2,'Dato no disponible','Dato no disponible','No se',NULL,1,14,1,'Dato no disponible','3000',NULL,'Sasabe','Dato no disponible','2014-03-16 00:00:00','Dato no disponible','Santa Ana',26,1,'Carretera','Reten','Retén','Revisión',NULL,8,1,'Chiapas','No contesto','4','Dato no disponible','No','Dato no disponible','Dato no disponible','Si',11,1,'Sin placas','<p>\n	<span style=\"color: rgb(0, 0, 0); font-family: \'Times New Roman\'; font-size: medium;\">Adal&iacute; &Aacute;lvarez Flores, paso por el ret&eacute;n de Santa Ana el d&iacute;a 17 de Mayo del 2013 alrededor de las 9:30 de la noche, viajaba con tres compa&ntilde;eros mas que hab&iacute;a encontrado en su viaje desde honduras y cinco m&aacute;s que eran de Estado de Chiapas, al llegar al ret&eacute;n subieron dos oficiales para revisar el autob&uacute;s y seleccionaron y bajaron solo a personas con aspecto a migrante y los llevaron a una peque&ntilde;a caba&ntilde;a ah&iacute; les explicaron los oficiales que tendr&iacute;an que cooperar con algo si quer&iacute;an seguir su camino a lo que los migrantes de origen mexicano respondieron que no pagar&iacute;an nada ya que ellos no eran ilegales y los oficiales respondieron que eso no les importaba que todos ten&iacute;an que cooperar con 500 pesos o m&iacute;nimo 300, o ninguno continuar&iacute;a su viajes y se quedar&iacute;an ah&iacute; esperando. Los migrantes accedieron a dar lo &uacute;nico que les quedaba; Adal&iacute; ten&iacute;a 1200 pesos con los cuales pensaba sostenerse durante unos d&iacute;as y los dio a los oficiales, adem&aacute;s entre todos los dem&aacute;s juntaron alrededor de 8000 pesos los cuales tambi&eacute;n entregaron; as&iacute; llegaron a nuestro albergue a solicitar el apoyo con hospedaje y comidas hasta que trataran de conseguir un poco de dinero</span></p>\n','9200',2,'Dato no disponible','Deniss Robles Lopez','Dato no disponible','Dato no disponible','','','No','',NULL,NULL,NULL,NULL,NULL,NULL,NULL,NULL,'Dato no disponible','Dato no disponible','No aplica','No aplica'),(65,NULL,'2014-04-18 00:00:00',3,1,1,'Ramificación familiar',1,'Dato no disponible',1,'Al cruzar la frontera',2,'Dato no disponible','Dato no disponible','No se ',NULL,1,13,1,'Dato no disponible','8000',NULL,'Sasabe','Dato no disponible','2014-04-16 19:35:00','Dato no disponible','Santa Ana',26,1,'Carretera','Reten','Retén','Revisión',NULL,2,1,'Nogales','Altar','4','Dato no disponible','No','Dato no disponible','Dato no disponible','Si',11,1,'No vio  color blanco',NULL,'300',2,'Dato no disponible','Denisse Robles','Dato no disponible','Dato no disponible','','','No recuerda','',NULL,NULL,NULL,NULL,NULL,NULL,NULL,NULL,'Dato no disponible','Dato no disponible','No aplica','No aplica'),(66,NULL,'2014-04-18 00:00:00',3,1,2,'Falta de trabajo',2,'Primo',2,'Dato no disponible',1,'Primo','Lo deportaron','No se',NULL,1,13,1,'Dato no disponible','8000',NULL,'Sasabe','Dato no disponible','2014-04-16 19:30:00','Dato no disponible','Santa Ana',26,1,'Carretera','Reten','Retén','Revisión',NULL,9,1,'Nogales','Altar','5','Dato no disponible','No','Dato no disponible','No vio','Si',11,1,'No vio ',NULL,'300 pesos',2,'Dato no disponible','Denisse Robles','Dato no disponible','Dato no disponible','','','No','',NULL,NULL,NULL,NULL,NULL,NULL,NULL,NULL,'Si','Dato no disponible','No aplica','No aplica'),(67,NULL,'2014-04-21 00:00:00',3,1,2,'Falta de trabajo',2,'Primo',NULL,'Dato no disponible',1,'Primo','Deportaron','No se',NULL,1,13,1,'Dato no disponible','8000 pesos',NULL,'Ssabe','Dato no disponible','2014-04-16 19:30:00','Dato no disponible','Santa Ana',26,1,'Carretera','Reten','Retén','Revisión',NULL,4,1,'Nogales','Altar','5','Dato no disponible','No','No recuerda','No recuerda','Si',11,1,'Sin placas',NULL,'400 pesos cada uno',2,'Dato no disponible','Deniss Robles López','Dato no disponible','Dato no disponible','','','No recuerda','',NULL,NULL,NULL,NULL,NULL,NULL,NULL,NULL,'Si','Dato no disponible','No aplica','No aplica'),(68,NULL,'2014-06-27 12:00:00',2,1,0,'Falta de trabajo',1,'Dato no disponible',2,'Dato no disponible',2,'Dato no disponible','Dato no disponible','Regresar a casa',NULL,1,9,2,'Dato no disponible','Dato no disponible',NULL,'Dato no disponible','Dato no disponible','2014-06-21 15:00:00','Dato no disponible','Opodepe',26,1,'Carretera (Entrada a Querobabi)','Reten','Revisión','Revisión',NULL,0,10,'Dato no disponible','Dato no disponible','2','Dato no disponible','No','Pantalón azul y camisa blanca','Un logotipo que dice \"municipal\"','Si',9,1,'Dato no disponible','<p>\n	Yo estaba en la parada de camiones que est&aacute; en la entrada de Querobabi, despu&eacute;s del ret&eacute;n de soldados, porque ven&iacute;a en raite (sic) con un trailero y como le tocaba revisi&oacute;n y no sab&iacute;a si en el ret&eacute;n estaban los de migraci&oacute;n me dijo que me bajara antes de llegar al ret&eacute;n y caminara y me recoger&iacute;a despu&eacute;s del ret&eacute;n. As&iacute; hice, cruc&eacute; el ret&eacute;n caminando por la carretera y llegu&eacute; a la pr&oacute;xima entrada a Querobabi.</p>\n<p>\n	Yo vi cuando la patrulla sali&oacute; de esa entrada y dio vuelta hacia el norte, pero despu&eacute;s se regres&oacute; en vuelta en U y se dirigi&oacute; hacia m&iacute;, la patrulla qued&oacute; como obstruyendo el paso a los carros.</p>\n<p>\n	El chofer de la patrulla se qued&oacute; sentado dentro de ella. El polic&iacute;a copiloto se baj&oacute; y desde ese momento me empez&oacute; a insultar fuertemente, me tom&oacute; de los brazos y me los forz&oacute; hacia atr&aacute;s.</p>\n<p>\n	El polic&iacute;a me pregunt&oacute; &quot;de d&oacute;nde eres?&quot;, yo le respond&iacute; que de Honduras; as&iacute; que el polic&iacute;a me dijo, &quot;sab&iacute;as que para dejarte ir necesito dos mil pesos, somos dos&quot;.&nbsp; Me pregunt&oacute; &quot;&iquest;qui&eacute;n te viene depositando?, desde Estados Unidos?&quot; yo dije que nadie; &eacute;l me pregunt&oacute;: &quot;entonces c&oacute;mo le vienes haciendo?&quot;, yo respond&iacute; que a veces pido dinero.</p>\n<p>\n	&Eacute;l me dijo: &quot;Saca la cartera&quot;, yo lo hice y empez&oacute; a ver mis papeles; me revis&oacute; el cuerpo toc&aacute;ndome y me hizo quitar la camisa para revisarme, me hizo quitarme los tenis y los pantalones me los subi&oacute;, pr&aacute;cticamente lo que le falt&oacute; fue quitarme el pantal&oacute;n. Se puso a revisar mis tenis, como las costuras en busca de dinero.</p>\n<p>\n	Desp&eacute;s &eacute;l dijo: &quot;pues necesito dos mil pesos para dejarte ir de aqu&iacute;, sino te voy a deportar&quot;; entonces yo voltee a ver a su compa&ntilde;ero y &eacute;l pens&oacute; que me re&iacute;; en ese momento &eacute;l se molest&oacute; y me dio dos pu&ntilde;etazos en la cara del lado izquierdo y desp&eacute;s uno del lado derecho. Inmediatamente despu&eacute;s, puso su mano sobre su costado derecho y yo me asust&eacute; porque pens&eacute; que iba a sacar su arma, pero sac&oacute; la pistola de toques el&eacute;ctricos y me la puso en mi espalda alta, casi en el hombro izquierdo, yo s&oacute;lo sent&iacute; que tembl&eacute;.</p>\n<p>\n	&Eacute;l me dec&iacute;a que sacara el dinero, pero yo le dije que s&oacute;lo tra&iacute;a los cien pesos que tra&iacute;a en&nbsp; mi cartera, que si quer&iacute;a que se los llevara. Al final no los tom&oacute;, ah&iacute; los dej&oacute;.</p>\n<p>\n	En eso, una troca blanca, reciente, que circulaba por esa carretera se par&oacute; atr&aacute;s de nosotros y ah&iacute; se qued&oacute; observando, y parece que estaba grabando desde adentro del carro; entonces, el otro polic&iacute;a que estaba adentro de la patrulla le avis&oacute; al que me ten&iacute;a, entonces s&oacute;lo me dijo &quot;anda, te quiero ver caminando, te alcanzo all&aacute; enfrente y no voltees&quot;. Yo tom&eacute; mis cosas y las guard&eacute; en la mochila, me la puse y empec&eacute; a caminar hacia el norte, de reojo vi que el polic&iacute;a segu&iacute;a vi&eacute;ndome y la troca blanca ah&iacute; segu&iacute;a. Se fue la patrulla y hasta ese momento la troca blanca empez&oacute; su camino.</p>\n<p>\n	Cerca de ah&iacute;, en la parada de camiones estaban dos trabajadores de Telmex, como arreglando el cableado y ellos se quedaban viendo lo que me estaban haciendo, porque ellos me vieron desde que llegu&eacute; y que no estaba haciendo nada.</p>\n<p>\n	Tambi&eacute;n, la troca blanca, no fue la &uacute;nica que se par&oacute; sino otros carros tambi&eacute;n, porque la patrulla casi bloque&oacute; la circulaci&oacute;n en la carretera porque no se orill&oacute;.</p>\n<p>\n	Yo buscaba en su uniforme el nombre, pero no se lo encontr&eacute;, s&oacute;lo en su camisa en la parte de atr&aacute;s y en la manga trae un lotipo que dice &quot;municipal&quot;. La patrulla era una tipo pick up de color azul con blanco y con el mismo logotipo de la camisa. El polic&iacute;a que me atac&oacute; llevaba guantes cortos, de esos que no cubren los dedos, en color negro. Este polic&iacute;a era g&uuml;erito, joven, como de veinticinco a&ntilde;os, alto, robusto, cabello liso peinado hacia atr&aacute;s, como carita, es decir, bien parecido, no era feo y bien arreglado.</p>\n<p>\n	El otro que se qued&oacute; en la patrulla vest&iacute;a igual, pero era moreno, como de treinta y cuatro a&ntilde;os, con bigote.</p>\n<p>\n	&nbsp;</p>\n','2000',3,'Dato no disponible','Perla Del Angel','Dato no disponible','0050497613371','','','Güerito, joven, como de veinticinco años, alto, ro','Nelson se entregó voluntariamente al INM para retornar a su país. Se fue con INM a las 13:36horas del 27/06/14',NULL,NULL,NULL,NULL,NULL,NULL,NULL,NULL,'Si','Dato no disponible','Moreno, como de','Dato no disponible'),(71,NULL,'2014-06-18 00:00:00',1,1,0,'Falta de trabajo',1,'Dato no disponible',1,'Vivías en USA',1,'Hermanos','Sí','Volver a intentar',NULL,1,9,2,'Dato no disponible','Dato no disponible',NULL,'Dato no disponible','Dato no disponible','2014-06-17 00:00:00','Dato no disponible','Nogales',26,1,'En el trayecto para llegar del Beta al albergue La','Vía pública','Lo paran y le piden identificarse','Detectaron su aspecto de migrante',NULL,1,10,'Dato no disponible','Dato no disponible','2','Dato no disponible','No','Azul','Policía Municipal','Si',9,1,'Dato no disponible','<p>\n	Yo iba al albergue La Roca con mucho temor. De repente me par&oacute; la piolic&iacute;a y me pidi&oacute; identificaci&oacute;n. Me esculcaron. Como solo me encontraron la Biblia me dejaron ir. Yo estaba muy temeroso porque pens&eacute;: vengo de estar detenido y otra vez voy a lo mismo. Gracias a Dios me dejaron.</p>\n','Dato no disponible',4,'Canalización a una instancia','Ma. Engracia Robles Robles','Dato no disponible','Dato no disponible','','','Gordo mediana estatura','',NULL,NULL,NULL,NULL,NULL,NULL,NULL,NULL,'Si','Dato no disponible','Delgado','Dato no disponible'),(72,NULL,'2014-06-14 00:00:00',1,1,1,'Ramificación familiar',1,'Dato no disponible',1,'Vivías en USA',1,'Hijos','Sí','Intentar',NULL,1,9,1,'Dato no disponible','4 000.00 dólares',NULL,'Sonoíta','Dato no disponible','2014-06-13 11:00:00','Dato no disponible','Nogales',26,1,'Cerca de la garita No. 1','Oficinas de gobierno','Piden identificación','Revisión',NULL,1,10,'Dato no disponible','Dato no disponible','6','Dato no disponible','No','Azul','Policía Municipal','Si',9,1,'No las tomó','<p>\n	&nbsp;<span style=\"line-height: 115%; font-family: Calibri, sans-serif; font-size: 11pt;\">Me pararon, me pidieron identificaci&oacute;., les mostr&eacute; el de deportado, no valio. querian una credenccial. Me dijeron que me iban a llevar detenido. Dije que por qu&eacute;, no estaba cometiendo ningun delito. Dijo que no traer documentos es un delito. Me amenazaron de golperame si no me sub&iacute;a. Para que vieran mi nombre les mostr&eacute; la tarjeta del banco. ante eso dijeron: Ah, tienes dinero? Les dije que no. Me pedian la clave Les dije que si quer&iacute;an se las daba y fueran a comprobar que no ten&iacute;a dinero. Ya me hab&iacute;a subido a la Patrulla. Le dije: Pues le doy los 200 que traigo y d&eacute;jeme ir. Por fin acept&oacute; los 200. Y ya me dijo que me fuera.&nbsp;</span></p>\n','$200.00 MXN',4,'Canalización a una instancia','Ma. Engracia Robles Robles','Dato no disponible','Dato no disponible','','','Dato no disponible','',NULL,NULL,NULL,NULL,NULL,NULL,NULL,NULL,'Si','Cuando salió de','Dato no disponible','Dato no disponible'),(74,NULL,'2014-06-18 00:00:00',1,1,0,'Ramificación familiar',1,'Dato no disponible',1,'Vivías en USA',1,'hermanos','viven en EEUU','volver a cruzar',NULL,1,17,2,'Dato no disponible','Dato no disponible',NULL,'todavia no cruza','Dato no disponible','2014-06-17 20:00:00','Dato no disponible','Nogales',26,1,'Calle Reforma, entre el albergue La Roca y el Grup','Vía pública','por su apariencia de migrante','Detectaron su aspecto de migrante',NULL,0,10,'no aplica','no aplica','2','Dato no disponible','no','Dato no disponible','Dato no disponible','Si',13,2,'ninguna','<p>\n	<span new=\"\" style=\"color: black; line-height: 115%; font-family:;\" times=\"\">Vieron que no tra&iacute;a dinero, porque me revisaron y entobnces me dejaron ir. Yo iba a La Roca a dormir, porque Migraci&oacute;n no nos llev&oacute; al Beta. Los polic&iacute;a me pararon y dijeron que me ve&iacute;an sospechoso que me iban a revisar. Y como me revisaron y no me encontraron nada m&aacute;s que la Biblia, me dejaron ir Yo ten&iacute;a mucho miedo, porque dije, vengo de con la Polic&iacute;a all&aacute; y llegar a M&eacute;xico y otro polic&iacute;a agarrarme&hellip;.</span></p>\n','0 MXN',4,'Canalización a una instancia','Engracia Robles','Dato no disponible','no proporcionó un número','','','no se preguntó','Mandar a Fundar para documentación',NULL,NULL,NULL,NULL,NULL,NULL,NULL,NULL,'Si','Dato no disponible','Dato no disponible','Dato no disponible'),(75,NULL,'2014-07-10 00:00:00',1,2,1,'Falta de trabajo',1,'Dato no disponible',2,'Dato no disponible',2,'Dato no disponible','Dato no disponible','pedir asilo en eeuu',NULL,1,2,2,'Dato no disponible','Dato no disponible',NULL,'no aplica','Dato no disponible','2014-07-09 00:00:00','Dato no disponible','Nogales',26,1,'Albergue Cristiano La Roca ','Domicilio','Allanamiento','Atención a migrantes',NULL,20,6,'no aplica','no aplica','20','Dato no disponible','no','azul','policia estatal','Si',9,10,'# de patrulla: 08, 402, 10, 100, 20, 047, 104','<p>\n	El pasado jueves&nbsp;9 de julio de 2014 a las 23:00 horas, 20a polic&iacute;as estatales y municipales de los cuales 19 eran hombres encapuchados dif&iacute;cilmente de reconocer o describir y una mujer con cabello te&ntilde;ido color rubio de complexi&oacute;n robusta y alta, que viajaban en por lo menos 8 patrullas pick-Up, entraron con violencia y sin orden de cateo al <em>Albergue Cristiano La Roca, </em>una organizaci&oacute;n que ofrece&nbsp;ayuda humanitaria, ubicado en la ciudad de Nogales, Sonora, M&eacute;xico.</p>\n<p>\n	&nbsp;</p>\n<p>\n	La familia de origen salvadore&ntilde;o &minus;encargados del albergue&minus; y 20 migrantes, de los cuales 18 son Centroamericanos y 2 mexicanos, se encontraban dormidos en el interior del albergue. La polic&iacute;a lleg&oacute; y comenz&oacute; a golpear la puerta hasta abrirla. Al entrar comenzaron a gritar: <em>&ldquo;al suelo, al suelo&rdquo;, &ldquo;el primero que se mueva le vamos a chingar la madre&rdquo;. </em>Hincaron a los migrantes mientras les apuntaban con la pistola a la cabeza y los obligaron a mirar al piso con las manos sobre sus cabezas.</p>\n<p>\n	&nbsp;</p>\n<p>\n	Los polic&iacute;as revisaron las bolsas de los pantalones, les quitaron el pantal&oacute;n, les robaron sus pertenencias, entre otras cosas dinero y celulares, las cuales fueron entregados a la mujer polic&iacute;a.</p>\n<p>\n	Los polic&iacute;as encerraron a los migrantes por hora y media con las luces apagadas, amenazaban con entregarlos a migraci&oacute;n. Cuando los polic&iacute;as salieron del albergue, varios migrantes decidieron anotar el n&uacute;mero de patrullas y llamaron al 066 para pedir ayuda. Sin embargo, 40 minutos despu&eacute;s los polic&iacute;as regresaron enojados porque ten&iacute;an conocimiento de la llamada que se hab&iacute;a hecho desde el albergue, quer&iacute;an llevarse a la persona que hab&iacute;a hecho la llamada. En ese momento, los polic&iacute;as molestos decidieron tomar fotograf&iacute;as del rostro de cada migrante que se encontraba en el albergue, con la amenaza de que si abr&iacute;an la boca, la polic&iacute;a ten&iacute;a sus fotos y los iban a matar o golpear. Los migrantes no escucharon nombres o apodos de los polic&iacute;as, ya que hablaban en claves como: 10-4, entre otros.</p>\n<p>\n	Mientras, la familia de origen salvadore&ntilde;o fue desalojada de su casa &ndash;ubicada arriba del albergue&minus; y fue amenazada con ser llevada a migraci&oacute;n. Los polic&iacute;as al ver que la familia no era mexicana, pidi&oacute; documentos migratorios, y les fueron mostrados, acreditando su residencia permanente en M&eacute;xico. En el acto estaban presentes 6 ni&ntilde;os, todos pertenecientes a dicha familia.</p>\n<p>\n	&nbsp;</p>\n<p>\n	El albergue ten&iacute;a una c&aacute;mara de seguridad falsa, la cual fue destrozada por los polic&iacute;as. Despu&eacute;s de destruirla entraron a la casa para buscar el monitor de la c&aacute;mara falso y destruirlo tambi&eacute;n. Despu&eacute;s los polic&iacute;as se retiraron.</p>\n<p>\n	&nbsp;</p>\n<p>\n	La familia y los migrantes no pudieron conciliar el sue&ntilde;o durante toda la noche. Al d&iacute;a siguiente, los migrantes se presentaron en el comedor de Iniciativa Kino para la Frontera para pedir ayuda, ya que muchos ten&iacute;an miedo y deseaban regresar a casa lo m&aacute;s pronto posible.</p>\n<p>\n	Ante esto, se presentaron quejas ante las Comisiones Estatal y Nacional de Derechos Humanos, de igual manera se realizo la denuncia correspondiente en la Procuraduria General de Justicia del Estado de Sonora.</p>\n','Dato no disponible',1,'Defensa','Marla Conrad','Dato no disponible','631 316 2086','0eb88-laroca-marla-ikf.pdf','','una mujer con cabello teñido color rubio de comple','Se está haciendo seguimiento con el PGJE, CEDH y CNDH',NULL,NULL,NULL,NULL,NULL,NULL,NULL,NULL,'Si','Dato no disponible','19 hombres enca','Dato no disponible'),(76,NULL,'2014-04-07 00:00:00',1,2,0,'Violencia/Seguridad',1,'Dato no disponible',2,'Dato no disponible',2,'Dato no disponible','Dato no disponible','Intentar cruzar',NULL,1,8,2,'Dato no disponible','Dato no disponible',NULL,'Dato no disponible','Dato no disponible','2014-03-18 13:00:00','Dato no disponible','Sufragio, cerca de Mochis',25,1,'En los alrededores del tren.','Afuera de la terminal de transporte','Bajaron del tren para evadir a la Policía y los at','Intentar viajar',NULL,60,4,'Lechería','Nogales','6','Dato no disponible','No','Azul','Policía Federal','Si',9,1,'Dato no disponible',NULL,'Dato no disponible',2,'Canalización a una instancia','Ma. Engracia Robles Robles','Dato no disponible','Dato no disponible','','','Un gordo, chaparro.','',NULL,NULL,NULL,NULL,NULL,NULL,NULL,NULL,'Si','Dato no disponible','Un delgado more','Alto moreno.'),(78,NULL,'2014-04-09 00:00:00',1,1,2,'Falta de trabajo',1,'Dato no disponible',2,'Dato no disponible',2,'Dato no disponible','Dato no disponible','Intentar',NULL,1,13,2,'Dato no disponible','Dato no disponible',NULL,'Dato no disponible','Dato no disponible','2014-04-03 11:00:00','Dato no disponible','Nogales',26,1,'Calle cerca de Copel del centro','Vía pública','Piden identificación','Revisión',NULL,2,10,'Dato no disponible','Dato no disponible','2','Dato no disponible','No','Azul marino','Si','Si',9,1,'No las tomó','<p>\n	<span new=\"\" style=\"color: black; line-height: 115%; font-family:;\" times=\"\">A eso de las 10 u 11 nos acababan de ecchar y nos hab&iacute;an puesto un dinero. Mi compa&ntilde;ero no contaba con identificaci&oacute;n y lo pusieron a mi nombre. Los oficiales nos abordaron y nos pidieron identificaci&oacute;n. Yo le mostr&eacute; mi identificaci&oacute;n y mi compa&ntilde;ero no tra&iacute;a. Yo les dije a los oficiales que &iacute;bamos a retirar un dinero que le hab&iacute;an mandado a &eacute;l. Dijeron que eran de traficante de personas. Yo le mos traba que yo era de Sonora, que no me dedicaba a eso, que era de Sonora. Nos amenazaron de llevarnos al Ministerio P&uacute;blico si no les d&aacute;bamos dinero. al ver que no ten&iacute;amos dinero, me quer&iacute;an encarcelar por el hecho de que mi amigo no portaba identificaci&oacute;n. Nos dijeron que les di&eacute;ramos dinero y me dejaba ir, que no le dijera a nadie. Me ped&iacute;an $ 5 000.00 Cuando dijimos que no tra&iacute;amos dinero, que &iacute;bamos a sacarlo, nos dijeron que &iacute;ban a estar vigilando. De ah&iacute; fuimos a sacarlo. Uno de ellos se qued&oacute; en la esquina. Nos metimos a Copel y ah&iacute; duramos horas. Cuando salimos, ya no estaban.</span></p>\n','$ 5 000.00',2,'Dato no disponible','Ma. Engracia Robles Robles','Dato no disponible','Dato no disponible','','','No se fijó','',NULL,NULL,NULL,NULL,NULL,NULL,NULL,NULL,'Si','Dato no disponible','Dato no disponible','Dato no disponible'),(79,NULL,'2014-04-14 00:00:00',1,1,2,'Violencia/Seguridad',1,'Dato no disponible',1,'Al cruzar la frontera',2,'Dato no disponible','Dato no disponible','Volver a intentar',NULL,1,8,2,'Dato no disponible','Dato no disponible',NULL,'Dato no disponible','Dato no disponible','2014-04-12 13:00:00','Dato no disponible','Nogales',26,1,'Calle Reforma entre Transportes Fronterizos para l','Vía pública','Yo estaba deponiendo','Detectaron su aspecto de migrante',NULL,1,10,'Dato no disponible','Dato no disponible','2','Un hombre y una mujer','No','Azul','Policía Federal','Si',7,1,'No las tomó','<p>\n	&nbsp;</p>\n<p>\n	<font size=\"3\"><span new=\"\" style=\"color: black; line-height: 115%; font-family:;\" times=\"\">Yo ven&iacute;a al comedor. Estaba bomitando porque estaba mal del est&oacute;mago. Me dijo que estaba haciendo mal porque era la v&iacute;a p&uacute;blica. Me par&oacute; la polic&iacute;a Federal y me pidi&oacute; documentos. Yo le dije que no tra&iacute;a. Y me dijo que me iba a llevar a detenci&oacute;n. Le dije que no ten&iacute;a derecho porque yo no estaba haciendo . Me montaron a la patrulla y me llevaron. Me pidieron dinero para dejarme en libertad. $ 800.00. Me bolsearon y vieron que no tra&iacute;a nada. Me llevaron a la c&aacute;rcel 36 horas. S&oacute;lo me dieron un sandwih durante todo el d&iacute;a.</span></font></p>\n<p>\n	&nbsp;</p>\n<p>\n	&nbsp;</p>\n','$ 800.00',2,'Dato no disponible','Ma. Engracia Robles Robles','Dato no disponible','Dato no disponible','','','Mujer gorda','',NULL,NULL,NULL,NULL,NULL,NULL,NULL,NULL,'Si','Dato no disponible','Hombre robusto,','Dato no disponible'),(80,NULL,'2014-02-13 00:00:00',1,1,2,'Ramificación familiar',2,'Tío',1,'Al cruzar la frontera',1,'Esposo','Sí','Volver a intentar',NULL,1,13,1,'Dato no disponible','No sabe. El trato lo hizo el tío',NULL,'Sonoíta','Dato no disponible','2014-02-13 09:00:00','Dato no disponible','Hermosillo',26,1,'Aeropuerto','Afuera de la terminal de transporte','Revisión','Revisión',NULL,2,6,'Guadalajara','Hermosillo','3','Dato no disponible','No','Negro','Policía Estatal','Si',7,NULL,'Dato no disponible','<p>\n	En el aeropuerto de Hermosillo, a la salida, en la sala, a mi t&iacute;o lo separaron y le pidieron su identificaci&oacute;n. Dijeron que no nos iban a dejar pasar porque &eacute;sta era falsa. Mi t&iacute;o les aseguraba que no. Al fin de la discusi&oacute;n le dijeron que s&oacute;lo nos dejar&iacute;an si les daba alg&uacute;n dinero. El les dijo que s&oacute;lo tra&iacute;a $ 200.00 y con eso se conformaron, se los di&oacute; y ya nos dejaron pasar.</p>\n','200.00',2,'Dato no disponible','Ma. Engracia Robles Robles','Dato no disponible','Dato no disponible','','','No recuerda. Se asustó.','',NULL,NULL,NULL,NULL,NULL,NULL,NULL,NULL,'Si','Cuando salió de','Dato no disponible','Dato no disponible'),(81,NULL,'2014-02-21 00:00:00',1,1,0,'Falta de trabajo',NULL,'Dato no disponible',NULL,'Dato no disponible',NULL,'Dato no disponible','Dato no disponible','Dato no disponible',NULL,1,13,2,'Dato no disponible','Dato no disponible',NULL,'Dato no disponible','Dato no disponible','2014-02-05 16:00:00','Dato no disponible','Celaya',11,1,'Calle cerca de la estación del tren','Vía pública','Apariencia, viajar en tren','Revisión',NULL,4,4,'Lechería','Nogales','5','Dato no disponible','No','Azul obscuro','Policía Estatal','Si',9,1,'Dato no disponible','<p>\n	<strong>El tren par&oacute;. Bajaron 25 personas. 2 polic&iacute;as dijeron que no pod&iacute;amos continuar viajando en el tren. Nos fuimos hacia atr&aacute;s y empezamos a caminar de frente. Cuando acordamos, ya nos iban siguiendo como 10 polic&iacute;as. Nos corretearon. Dimos una vuelta&nbsp; y llegamos de nuevo a las v&iacute;as. Hab&iacute;a un soldado y nos tendi&oacute; el arma y nos tiramos a un cultivo. De ah&iacute; salimos a una calle y nos alcanz&oacute; la patrulla. Eran 5. Yo me hice a un lado y me tiraron al suelo, me vendaron la cara y tambi&eacute;n al compa&ntilde;ero. De ah&iacute;, nos aventaron a la patrulla y se paraban sobre nosotros. Ya &eacute;ramos 5 los que hab&iacute;an agarrado. Nos llevaron y estacionaron la patrulla debajo de un puente y nos golpearon, nos quitaron dinero, celulares, papeles&hellip;fueron y nos botaron a un lugar que no conoc&iacute;amos. Nos robaron mochilas y zapatos.</strong></p>\n','Dato no disponible',2,'Dato no disponible','Ma. Engracia Robles Robles','Dato no disponible','Dato no disponible','','','Dato no disponible','',NULL,NULL,NULL,NULL,NULL,NULL,NULL,NULL,'Si','Dato no disponible','Dato no disponible','Dato no disponible'),(82,NULL,'2014-03-05 00:00:00',1,1,2,'Violencia/Seguridad',2,'Con dos amigos',1,'Al cruzar la frontera',2,'Dato no disponible','Dato no disponible','Intentar de nuevo',NULL,1,2,1,'Dato no disponible','3 000,00 dólares',NULL,'Santa Cruz, Son','Dato no disponible','2014-02-27 16:24:00','Dato no disponible','Santa Cruz',26,1,'Pueblo','Otro','Caminar en un lugar controlado por la mafia','Detectaron su aspecto de migrante',NULL,3,10,'No dijo','No dijo','2','Comandante','Comandante','Azul','Policía Municipal','Si',9,1,'Dato no disponible','<p>\n	<strong>Caminamos de la carretera a ese pueblo. Supuestamente ah&iacute; se controla el tr&aacute;fico de drogas, no de personas. Nos detuvieron y checaron documentos. Nos llevaron a la comandancia de polic&iacute;a por andar transitando por el pueblo que es lugar de mafia. Checaron pertenecias y al regresarnoslas, faltaban $ 4 500.00 entre todos. Dijeron que no volvi&eacute;ramos a intentar cruzar por ah&iacute;, porque si lo hac&iacute;amos nos iban a golpear.</strong></p>\n<p>\n	<strong>Volvimos a intentar y la siguiente vez a m&iacute; me dieron patadas y verbalmente nos agredieron. Fue el comandante de la Polic&iacute;a.</strong></p>\n','4500 pesos',2,'Dato no disponible','Ma. Engracia Robles Robles','Dato no disponible','Dato no disponible','','','Dato no disponible','',NULL,NULL,NULL,NULL,NULL,NULL,NULL,NULL,'Si','Cuando salió de','Dato no disponible','Dato no disponible'),(84,NULL,'2014-03-13 00:00:00',1,2,2,'Ramificación familiar',2,'Amigos',1,'Vivías en USA',1,'Esposa e hija','Sí','Intentar',NULL,1,8,2,'Dato no disponible','Dato no disponible',NULL,'Dato no disponible','Dato no disponible','2014-02-27 16:00:00','Dato no disponible','Entre Catemaco y San Andrés Tuxtla',30,1,'Carretera','Reten','Revisión arbitraria','Revisión',NULL,4,1,'Acayucan','Puerto de Veracruz','1','A. Nava','No','Azul','Policía Federal','Si',9,NULL,'Dato no disponible','<p>\n	<span new=\"\" style=\"color: black; line-height: 115%; font-family:;\" times=\"\"><strong>Est&aacute;bamos en Coatzacoalcos de ah&iacute; llegamos a Acayucan, de acayucan subimos a un bus para Puerto Veracruz ( 205.00 el boleto) Como a la hora y media de camino una se&ntilde;ora ten&iacute;a problemas respiratorios , de repente se par&oacute; el bus, lleg&oacute; el Federal, bajaron a la Sra. y se la llev&oacute; al hospital. Regres&oacute;, alcanz&oacute; el bus, lo par&oacute; y mand&oacute; al chofer a que bajara uno de los 4. Me dijo el federal: Cu&aacute;ntos pollos llevas? No, oficial, yo no me dedico a eso. No utiliz&oacute; violencia ni verbal ni f&iacute;sica. Luego dijo: bueno, me das 100 d&oacute;lares por cada uno o los entrego a migraci&oacute;n. Ante eso, yo le expliqu&eacute; que no ten&iacute;amos dinero. Entonces mand&oacute; bajar a los otros tres porque &iacute;bamos de regreso a nuestro pa&iacute;s. Se bajaron los otros tres, le dijo al autob&uacute;s que se fuera y a nosotros nos subi&oacute; a la patrulla, Caminamos por el espacio de 6 cuadras. Bueno, dijo, aj&uacute;stenme 1 300.00 entre los cuatro y los dejo, pero no lo vayan a decir a nadie. Entre los 4 ajustamos los $ 1300. y nos llev&oacute; y nos baj&oacute; en Matacapan, en un lugar de carros decomisados. De ah&iacute; nos fuimos caminando y nos quedamos con una buena familia. Nos quedamos a medio camino sin nada.</strong></span></p>\n','$ 1 300.00',2,'Dato no disponible','Ma. Engracia Robles R.','Dato no disponible','Dato no disponible','','','Alto, blanco, robusto','',NULL,NULL,NULL,NULL,NULL,NULL,NULL,NULL,'Si','Dato no disponible','Dato no disponible','Dato no disponible'),(85,NULL,'2014-03-21 00:00:00',1,2,0,'Violencia/Seguridad',2,'Cuñado y amigo',2,'Dato no disponible',2,'Dato no disponible','Dato no disponible','Intentar',NULL,1,8,2,'Dato no disponible','Dato no disponible',NULL,'Dato no disponible','Dato no disponible','2014-01-29 04:00:00','Dato no disponible','Entre Coatzacoalcos-Acayucan',30,1,'Carretera','Reten','Paran el autobús','Revisión',NULL,10,1,'Coatzacoalcos','Villa Hermosa','2','Dato no disponible','Dato no disponible','Azul','Policía Federal','Si',7,NULL,'Dato no disponible','<p>\n	<strong>De Tenocique a Coatzacoalcos viajamos&nbsp;en combi.&nbsp; Sin problema. Salimos de Coatzacoalcos y saliendo de Acayucan, adelantito nos salieron los federales. Eramos como 10 hondure&ntilde;os. Pararon el bus y nos bajaron. Uno tra&iacute;a una muchacha y le dio 1000.00 , otro dio 500. a los otros 9 nos amenazaron con entregarnos a migraci&oacute;n si no les d&aacute;bamos 5 00.00 a los 8. como no tra&iacute;amos dinero, entre todos dimos lo que ten&iacute;amos y ajustamos 3 000.00 y as&iacute; nos dejaron continuar.</strong></p>\n<p>\n	<strong>El autob&uacute;s se queda esperando, pero creo todo tranquilo para no echarnos a migraci&oacute;n.</strong></p>\n<p>\n	<strong>LLegando a Villa Hermosa, los Estatales nos sacaron 100. a cada uno. Ten&iacute;an un operarativo y se subieron y se fueron directo a los hondure&ntilde;os. Pidieron 100.00 a cada uno con la misma amenaza. Se los dimos y ya nos dejaron subir</strong></p>\n','$ 4 500.00',2,'Dato no disponible','Ma. Engracia Robles Robles','Dato no disponible','Dato no disponible','','','Dato no disponible','',NULL,NULL,NULL,NULL,NULL,NULL,NULL,NULL,'Si','Dato no disponible','Dato no disponible','Dato no disponible'),(86,NULL,'2014-03-31 00:00:00',1,2,1,'Falta de trabajo',NULL,'Dato no disponible',NULL,'Dato no disponible',NULL,'Dato no disponible','Dato no disponible','Dato no disponible',NULL,1,13,2,'Dato no disponible','Dato no disponible',NULL,'Dato no disponible','Dato no disponible','2014-03-07 08:00:00','Dato no disponible','Chontalpa',30,1,'Centro de la ciudad','Vía pública','Los encuentra la policía','Detectaron su aspecto de migrante',NULL,7,10,'Ibamos en el tren','Dato no disponible','5','Dato no disponible','Dato no disponible','Azul','Policía Estatal','Si',9,2,'No tomaron','<p>\n	<strong>And&aacute;bamos 7 en el centro de Chontalpa. Y nos cay&oacute; la polic&iacute;a y nos dijo que si no les d&aacute;bamos feria nos iban a echar para atr&aacute;s, a Migraci&oacute;n. Nos ped&iacute;an 5 00.00 a cada uno. Yo les d&iacute; lo &uacute;nico que tra&iacute;a que fueron $ 300.00&nbsp; y a otros $ 200.00, a otros 100.00 y a otros 500.00 Ellos eran 5 en dos camionetas. Una vez que dimos el dinero ya nos dejaron continuar.</strong></p>\n<p>\n	<strong>Otros con los que nos topamos en el tren, fueron los maras. Ah&iacute; a todos nos quitaron dinero. A m&iacute; 50.00 mexicanos. A los que no les encontraron dinero, los tiraron del tren.</strong></p>\n','$ 1 600.00',2,'Dato no disponible','Ma. Engracia Robles Robles','Dato no disponible','Dato no disponible','','','Dato no disponible','',NULL,NULL,NULL,NULL,NULL,NULL,NULL,NULL,'Si','Dato no disponible','Dato no disponible','Dato no disponible'),(87,NULL,'2014-02-20 00:00:00',1,1,10,'Falta de trabajo',2,'Amigos',1,'Al cruzar la frontera',2,'Dato no disponible','Dato no disponible','Ir a mi tierra',NULL,1,9,2,'Dato no disponible','Dato no disponible',NULL,'Dato no disponible','Dato no disponible','2014-02-15 07:00:00','Dato no disponible','Tijuana',2,1,'Centro, arco de tijuana en una banca','Vía pública','Llega la policía','Detectaron su aspecto de migrante',NULL,1,NULL,'Dato no disponible','Dato no disponible','5','Dato no disponible','Dato no disponible','Azul','Policía Municipal','Si',9,1,'No las tomó','<p>\n	<span new=\"\" style=\"color: black; line-height: 115%; font-family:;\" times=\"\"><strong>Yo estaba en el arco de Tijuana en una banca tomando un caf&eacute;. Ah&iacute; llegaron, me subieron y me llevaron a la c&aacute;rcel 72 horas. Me pegaron porque yo dije que por qu&eacute; me llevaban. Saca todo lo que traes, me dijeron. Y ellos tomaron $ 150.00. S&oacute;lo eso tra&iacute;a.Ah&iacute; me dejaron sin comer.</strong></span></p>\n','$ 150.00',2,'Dato no disponible','Ma. Engracia Robles','Dato no disponible','Dato no disponible','','','Dato no disponible','',NULL,NULL,NULL,NULL,NULL,NULL,NULL,NULL,'Si','Dato no disponible','Dato no disponible','Dato no disponible'),(89,NULL,'2014-03-17 00:00:00',1,1,4,'Falta de trabajo',1,'Dato no disponible',1,'Al cruzar la frontera',2,'Dato no disponible','Dato no disponible','Volver a intentar',NULL,1,8,2,'Dato no disponible','Dato no disponible',NULL,'Altar','Dato no disponible','2014-03-11 11:00:00','Dato no disponible','Altar',26,1,'Garita','Oficinas de gobierno','Revisión','Revisión',NULL,30,1,'Hermosillo','Altar','10 ó 12','Dato no disponible','Dato no disponible','Azul','Policía Federal','Si',7,NULL,'Dato no disponible','<p>\n	<span new=\"\" style=\"color: black; line-height: 115%; font-family:;\" times=\"\"><strong>$ 500.00 En la garita antes de llegar a Altar, nos bajaron, luego dijeron que sac&aacute;ramos todas las cosas que tra&iacute;amos. Nos formaron y&nbsp;nos pasaban a un cuartito&nbsp;de uno en uno, nos dec&iacute;an que sac&aacute;ramos todo, cartera y lo que traj&eacute;ramos. Ah&iacute;, ellos revisaban el dinero y ya tomaban lo que decid&iacute;an. Ya despu&eacute;s dec&iacute;an que nos form&aacute;ramos para subir de nuevo al carro. S&iacute; nos volvieron a revisar, pero ya no nos quitaron dinero. En esa revisi&oacute;n a m&iacute; me quitaron $ 500.00</strong></span></p>\n','500 pesos',2,'Dato no disponible','Ma. Engracia Robles','Dato no disponible','Dato no disponible','','','Dato no disponible','',NULL,NULL,NULL,NULL,NULL,NULL,NULL,NULL,'Si','Dato no disponible','Dato no disponible','Dato no disponible'),(90,NULL,'2014-04-18 00:00:00',1,1,0,'Violencia/Seguridad',1,'Dato no disponible',2,'Dato no disponible',2,'Dato no disponible','Dato no disponible','Intentar',NULL,1,8,2,'Dato no disponible','Dato no disponible',NULL,'Dato no disponible','Dato no disponible','2014-03-18 00:00:00','Dato no disponible','Cerca de Mochis',25,1,'Afuera de la estación del tren','Afuera de la terminal de transporte','Le van sacando la vuelta a la policía','Intentar viajar',NULL,60,4,'´Guadalajara','Nogales','No dijo','Dato no disponible','No','Azul','Policía Federal','Si',7,NULL,'Dato no disponible','<p>\n	Eramos como 60. Bajamos para rodear la estaci&oacute;n y a la polic&iacute;a. Ibamos caminando y la polic&iacute;a estaba escondida. Salieron y nos dieron orden de pegarnos a la pared. Yo andaba peludo y me quitaron la gorra, me tir&oacute; como tres patadas, me hizo que sacara todo de la mochila y como no ten&iacute;ia nada me orden&oacute;&nbsp; que lo juntara. 5 por 5 nos iban diciendo que nos fu&eacute;ramos. Yo olvid&eacute; la cobija, regres&eacute; y estaban golpeando a unos.&nbsp;</p>\n','Dato no disponible',2,'Dato no disponible','Ma. Engracia Robles','Dato no disponible','Dato no disponible','','','Dato no disponible','',NULL,NULL,NULL,NULL,NULL,NULL,NULL,NULL,'Si','Dato no disponible','Dato no disponible','Dato no disponible'),(91,NULL,'2014-03-20 00:00:00',1,1,0,'Ramificación familiar',NULL,'Dato no disponible',1,'Vivías en USA',1,'Esposa e hijos','Sí','No sé',NULL,1,9,NULL,'Dato no disponible','Dato no disponible',NULL,'Dato no disponible','Dato no disponible','2014-03-10 08:00:00','Dato no disponible','Nuevo Laredo',28,1,'Calle cerca de la terminal','Vía pública','Los deja el grupo Beta y los atrapa la policía','Detectaron su aspecto de migrante',NULL,20,10,'Nuevo Laredo','Dato no disponible','4','Dato no disponible','No','Azul','Policía Municipal','Si',9,1,'Dato no disponible','<p>\n	<strong>Ibamos caminando. El grupo Beta nos dej&oacute; como a media cuadra de la central. Caminamos un poquito, como que solo nos estaban esperando. Nos pararon y preguntaron de d&oacute;nde &eacute;ramos. Y empezaron a revisarnos. Ordenaron c&oacute;mo ponga uno las manos y que no nos movamos. Ellos meten las manos a las bolsas y nos quitan el dinero. Yo tra&iacute;a $&nbsp; 450 d&oacute;lares, mismos que me quitaron. Luego nos ordenan que no dij&eacute;ramos nada porque nos iban a encerrar o golpear. Unos bien asustados. Nos fuimos a la central, ah&iacute; tuve que esperar tres d&iacute;as. Papeles y todo nos quitaron. Yo no pod&iacute;a ni cobrar mi dinero. Me mandaron 100.00 d&oacute;lares y un Sr. de ah&iacute; de la central me lo cobr&oacute;.</strong></p>\n','450. Dólares sólo a mí.',2,'Dato no disponible','Ma. Engracia Robles','Dato no disponible','Dato no disponible','','','Dato no disponible','',NULL,NULL,NULL,NULL,NULL,NULL,NULL,NULL,'Si','Dato no disponible','Dato no disponible','Dato no disponible'),(92,NULL,'2014-05-12 00:00:00',1,1,4,'Falta de trabajo',1,'Dato no disponible',2,'Dato no disponible',2,'Dato no disponible','Dato no disponible','Esperar en Nogales',NULL,1,8,2,'Dato no disponible','Dato no disponible',NULL,'Dato no disponible','Dato no disponible','2014-04-08 06:00:00','Dato no disponible','Ciudad Hidalgo, Chis.',7,1,'Al cruzar el río Suchiate','Otro','El pasar a tierra mexicana','Detectaron su aspecto de migrante',NULL,3,12,'De aquel lado del río','El otro lado del río','3 y más','Dato no disponible','No','Los primeros color kaki, los segundos, Azul','Pol. de Turismo y Policía Federal','Si',9,1,'Dato no disponible','<p align=\"left\">\n	&nbsp;Cruzando el R&iacute;o Suchiate que divide M&eacute;xico y Guatemala, luego me preguntan para d&oacute;nde voy y dijo: Bueno, &eacute;chese 300.00 y ya se van, si no voy a tener que regresarlo pa atr&aacute;s. Yo luego le di el dinero. Eramos tres. De no d&aacute;rselo me iba a echar pa atr&aacute;s. Esta fue la polic&iacute;a que tiene una caseta ah&iacute; al cruzar el r&iacute;o.</p>\n<p>\n	Ibamos Despu&eacute;s &nbsp;en combi. En el puesto de refugio pidieron papeles. Como no tra&iacute;amos, luego dijo: &eacute;chense 200.00 cada uno si no luego van a ir a dar a Migraci&oacute;n. Nada dijimos porque si uno se opone se lo llevan a uno. Entregamos voluntariamente el dinero.</p>\n','$ 1500.00',2,'Dato no disponible','Ma. Engracia Robles Robles','Dato no disponible','Dato no disponible','','','Dato no disponible','',NULL,NULL,NULL,NULL,NULL,NULL,NULL,NULL,'Si','Dato no disponible','Dato no disponible','Dato no disponible'),(93,NULL,'2014-06-17 00:00:00',1,2,5,'Violencia/Seguridad',2,'Compañeros hondureños',2,'Dato no disponible',2,'Dato no disponible','Dato no disponible','Intentar otra vez',NULL,2,2,2,'Dato no disponible','Dato no disponible',NULL,'Dato no disponible','Dato no disponible','2014-05-28 00:00:00','Dato no disponible','Caborca',26,1,'La Ciudad','Vía pública','Ser migrantes que andan en ese pueblo','Detectaron su aspecto de migrante',NULL,40,4,'Mazatlán','Nogales','El cuerpo de policía','No en particular','Dato no disponible','Azul','Policía Municipal','Si',9,NULL,'Dato no disponible','<p>\n	<span new=\"\" style=\"color: black; line-height: 115%; font-family:;\" times=\"\">Los que se bajan en Caborca, quieren &quot;burrear&quot; llevando una mochila. Porque si no, tienen que pagar 800 d&oacute;lares a la mafia para cruzar a Estados Unidos. Si llevan mochila, no pagan y ellos protejen. Esperan a cruzar . Los obligan a llevar esa mochila o carga de droga enga&ntilde;andolos de que as&iacute; van a pasar sin pagar. Pero una vez que llevaron la carga, con mucho sufrimiento de cansancio, riesgo, agresiones, antes de llegar los hacen dejar la carga y a ellos una de dos, o hacen que los agarre la patrulla fronteriza o los regresan para llevar otra carga y as&iacute; es pura mentira y enga&ntilde;o para que les trabajen gratis. Es decir, los explotan.&nbsp;La polic&iacute;a municipal est&aacute; coludida con esta situaci&oacute;n.</span></p>\n','Dato no disponible',3,'Dato no disponible','Ma. Engracia Robles Robles','Dato no disponible','Dato no disponible','','','Dato no disponible','',NULL,NULL,NULL,NULL,NULL,NULL,NULL,NULL,'Si','Dato no disponible','Dato no disponible','Dato no disponible'),(94,NULL,'2014-05-06 00:00:00',1,1,1,'Falta de trabajo',2,'Amigo',1,'Al cruzar la frontera',1,'Amigo','Sí, creo que está en San Luis','No sé todavía',NULL,1,8,1,'Dato no disponible','Dato no disponible',NULL,'Sonoíta','Dato no disponible','2014-04-28 14:00:00','Dato no disponible','Punto de revisión antes de Caborca',26,1,'Camión','A bordo del propio transporte','Identificación','Revisión',NULL,4,1,'Guadalajara','Nogales','3','Dato no disponible','Dato no disponible','Pantalón café y camisa azul','Policia Federal','Dato no disponible',NULL,NULL,'Dato no disponible','<p align=\"left\">\n	pretexto Yo ven&iacute;a durmiendo cuando los polic&iacute;as empezaron a revisar&nbsp; a mi compa&ntilde;ero. Le preguntaron si tra&iacute;a dinero. El dijo que no, porque oviamente pens&oacute; que se lo iban a quitar. Lo empezaron a revisar a &acute;l, hicieron que se sacara los zapatos y todas las cosas de la mochila, Le preguntaron si trai dinero y volvio a decir que no, Y le encontraron dinero en la pretina del pantal&oacute;n y ya lo empezaron a golpear y a decir malas palabras. Luego se fueron conmigo y me preguntaron si tra&iacute;a dinero. Yo dije que s&iacute;. Me lo quit&oacute; la polic&iacute;a mujer ( $ 4 700.00) y ella le dijo al polic&iacute;a que yo tra&iacute;a dinero y el polic&iacute;a le dijo a la mujer que me lo quitara todo. Luego encerraron a mi compa&ntilde;ero en el ba&ntilde;o y ah&iacute; lo golpearon. A &eacute;l le quitaron $ 4 500.00. Despu&eacute;s le dijeron a mi compa&ntilde;ero, el golpeado, que me dijera que &eacute;l me iba a regresar mi dinero. El dijo: C&oacute;mo se lo voy a regresar si a m&iacute; tambi&eacute;n me lo quitaron. Y los polic&iacute;as insistiron: Que le digas. y lo golpeaban y le dec&iacute;uan malas palabras. Era en voz baja para que los de adelante no escucharan lo que estaba sucediendo. Al fin, para que lo dejaran de golpera, me dijo que &eacute;l me iba a regresar mi dinero.</p>\n<p align=\"left\">\n	Le quedarpn marcas de la cachetada.</p>\n<p align=\"left\">\n	Y as&iacute; fue como nos quitaron $ 9 200.00</p>\n<p align=\"left\">\n	A otra de mis compa&ntilde;eras&nbsp;tambi&eacute;n le quitaron dinero.</p>\n<p>\n	El cami&oacute;n tra&iacute;a poca gente, por eso se les facilita hacer lo que hacen. De donde pas&oacute; eso, a Sono&iacute;ta fueron todav&iacute;a como tres horas. Fue el &uacute;ltimo ret&eacute;n que pasamos para llegar a Sono&iacute;ta.</p>\n','$ 9 200.00',3,'Dato no disponible','Ma. Engracia Robles Robles','Dato no disponible','Dato no disponible','','','Mujer','',NULL,NULL,NULL,NULL,NULL,NULL,NULL,NULL,'Si','Cuando salió de','Hombre','Hombre'),(95,NULL,'2014-05-24 00:00:00',1,1,2,'Ramificación familiar',2,'Primo',1,'Al cruzar la frontera',1,'Primo','sí','Volver a intentar',NULL,1,2,1,'Dato no disponible',' $40 000.00',NULL,'Agua Prieta','Dato no disponible','2014-05-17 20:00:00','Dato no disponible','Puebla',21,1,'Terminal de Autobuses','Afuera de la terminal de transporte','Sólo llegaron a amenazarnos','Intentar viajar',NULL,5,1,'Puebla','Agua Prieta','2','Dato no disponible','No','Policía con chaleco','Policía Municipal','Dato no disponible',NULL,NULL,'Dato no disponible','<p>\n	<span new=\"\" style=\"color: black; line-height: 115%; font-family:;\" times=\"\">Est&aacute;bamos esperando tomar el autob&uacute;s en Puebla cuando llegaron y dijeron: Den r&aacute;pido $ 500.00 o se quedan. Enseguida sacamos cada uno los $ 500.00 y se lo dimos. El dijo: Ya se pueden retirar. Y el polic&iacute;a desapareci&oacute;. Nos quedamos solos. As&iacute; de r&aacute;pido y sin tiempo de reaccionar sucedi&oacute;.</span></p>\n','500.00 cada uno',2,'Dato no disponible','Ma. Engracia Robles Robles','Dato no disponible','Dato no disponible','','','Dato no disponible','',NULL,NULL,NULL,NULL,NULL,NULL,NULL,NULL,'Si','Cuando salió de','Dato no disponible','Dato no disponible'),(96,NULL,'2014-05-23 00:00:00',1,1,2,'Falta de trabajo',1,'Dato no disponible',1,'Al cruzar la frontera',2,'Dato no disponible','Dato no disponible','Volver a intentar',NULL,1,8,2,'Dato no disponible','Dato no disponible',NULL,'Dato no disponible','Dato no disponible','2014-04-23 15:00:00','Dato no disponible','Carretera después de Veracruz',30,1,'Carretera','Reten','Al pasarnos, nos alcanza una patrulla','Revisión',NULL,6,1,'No dijo','México','4','Dato no disponible','Dato no disponible','Azul obscuro','Policía Federal','Si',12,1,'No las tomaron','<p align=\"left\">\n	Ven&iacute;amos en un cami&oacute;n. Creo que desde al comprar el boleto ya nos pusieron ojo y el chofer tiene contactos con la polic&iacute;a. En la carretera, era Veracruz pero no recuerdo el nombre del pueblo, nos pararon. Subi&oacute; la polic&iacute;a y dijo: t&uacute;, y t&uacute;, y t&uacute; se bajan. Nos subieron a una combi. Nos poed&iacute;an 10 000.00 para dejarnos continuar. S&oacute;lo les completamos $ 3 000.00 entre todos.</p>\n<p>\n	Nos llevaron a un pueblo y ah&iacute; nos dejaron. Cuando nos bajaron del cami&oacute;n, bien supieron cu&aacute;les &eacute;ramos los hondure&ntilde;os.</p>\n','$ 3 000.00',2,'Dato no disponible','Ma. Engracia Robles R','Dato no disponible','Dato no disponible','','','Dato no disponible','',NULL,NULL,NULL,NULL,NULL,NULL,NULL,NULL,'Si','Dato no disponible','Dato no disponible','Dato no disponible'),(97,NULL,'2014-05-06 00:00:00',1,1,2,'Violencia/Seguridad',1,'Dato no disponible',2,'Dato no disponible',2,'Dato no disponible','Dato no disponible','Intentar',NULL,1,9,2,'Dato no disponible','Dato no disponible',NULL,'Dato no disponible','Dato no disponible','2014-04-16 07:00:00','Dato no disponible','Palenque',30,1,'Carretera','Reten','Arbitrariedad para parar el autobús','Revisión',NULL,10,12,'No recordaba','México, D,F','3','Dos hombres y una mujer','Dato no disponible','Azul','Policía ','Si',12,NULL,'Dato no disponible','<p>\n	<span new=\"\" style=\"color: black; line-height: 115%; font-family:;\" times=\"\">Pararon la combi y ordenaron bajar a todos y al que no se baje, lo vamos a bajar. Pidieron papeles en mano y al que los traiga le voy a cobrar 2oo.oo y al que no los traiga $ 500.00. Y resulta que dijeron que al que pagara los 500. nos iban a sellar para ya no tener problemas. Yo pagu&eacute; y nada que me sellaron. No hubo violencia, y de la propia voluntad entregamos el dinero. Despues de eso dicen: s&uacute;banse y v&aacute;yanse. La camioneta nos esper&oacute;. De ah&iacute; en adelante todo ocurri&oacute; bien.</span></p>\n','$ No supe el total',2,'Dato no disponible','Ma. Engracia Robles Robles','Dato no disponible','Dato no disponible','','','Dato no disponible','',NULL,NULL,NULL,NULL,NULL,NULL,NULL,NULL,'Si','Dato no disponible','Dato no disponible','Dato no disponible'),(98,NULL,'2014-05-10 00:00:00',1,1,1,'Falta de trabajo',2,'Sobrino',1,'Al cruzar la frontera',1,'Sobrino','No','Dato no disponible',NULL,1,2,2,'Dato no disponible','Dato no disponible',NULL,'Dato no disponible','Dato no disponible','2014-04-28 22:00:00','Dato no disponible','Santa Ana',26,1,'Santa Ana. Se veía como un centro Comercial y arri','Vía pública','Revisión','Revisión',NULL,5,3,'Hermosillo','Caborca','Eran muchos','Dato no disponible','Dato no disponible','Dato no disponible','Dato no disponible','Dato no disponible',NULL,4,'Dato no disponible','<p>\n	<span new=\"\" style=\"color: black; line-height: 115%; font-family:;\" times=\"\">Pararon el taxi. Nos bajaron y registraron. Yo tra&iacute;a casi 10 000.00 para gastos. Al encontrarlo me atemorizaron m&aacute;s, porque dijeron que si yo era el coyote. Lo cont&oacute; y me dijo que era mucho dinero. Lo puso sobre el asiento de la camioneta pero ya hab&iacute;a tomado 3000.00. Yo vi el montoncito y pens&eacute; que que ten&iacute;a todo. Y me dijo, cu&aacute;nto dejas para que ya te vayas. Le dije: 200.00. No, No, dijo. Yo quiero 600.00 y se los d&iacute;. Me guard&eacute; el paquetito y hasta despu&eacute;s vi que ya me hab&iacute;an robado. Ellos todos estaban armados. El mismo taxi nos esper&oacute; porque &iacute;bamos a Caborca, Son. No comentamos nada. No supimos qu&eacute; pas&oacute; con cada uno. Porque no &eacute;ramos amigos y no sab&iacute;amos con qui&eacute;n and&aacute;bamos. Nos subimos y continuamos nuestro camino. Mi dinero robado fueron $ 3000.00 y la extorsi&oacute;n 600.00 Mientras documentaba, el Sr. insisti&oacute; en que ten&iacute;a mucho miedo de estar declarando esto.</span></p>\n','$ 3 600.00',2,'Dato no disponible','Ma. Engracia Robles','Dato no disponible','Dato no disponible','','','Encapuchados y armados','',NULL,NULL,NULL,NULL,NULL,NULL,NULL,NULL,'Dato no disponible','Dato no disponible','Dato no disponible','Dato no disponible'),(99,NULL,'2014-07-22 00:00:00',1,1,4,'Ramificación familiar',1,'Dato no disponible',1,'Al cruzar la frontera',1,'Esposa e hija','Sí','Intentar nuevamente',NULL,1,8,2,'Dato no disponible','Dato no disponible',NULL,'Nogales','Dato no disponible','2014-07-07 10:00:00','Dato no disponible','Guadalajara',14,1,'Estación del tren','Afuera de la terminal de transporte','Revisión','Revisión',NULL,4,4,'Veracruz','Guadalajara','3','Dato no disponible','No','Azul y encapuchados','Policía Federal','Si',9,NULL,'Dato no disponible','<p>\n	Eramos 4 migrantes que est&aacute;bamos en la estaci&oacute;n. Lleg&oacute; la polic&iacute;a y dijo que por qup&eacute; est&aacute;bamos en un espacio federal. Empez&oacute; a revisarnos todo lo que tra&iacute;amos en las mochilas y en las carteras.&nbsp;&nbsp;Vi&oacute; que yo tra&iacute;a $ 350.00 . Luego&nbsp;Me espos&oacute;, me subi&oacute; a la patrulla y me llev&oacute; al monte.&nbsp;Yo pens&eacute; que me iban a golpear.&nbsp;Luego&nbsp;me dijo: Quieres quedarte o quieres seguir.&nbsp;Yo dije: quiero seguir. Dijo: Pues entonces tira tu dinero. Yo tir&eacute; el dinero y ah&iacute; me dejaron. Igual a los otros.</p>\n','$ 350.00',2,'Dato no disponible','Ma. Engracia Robles Robles','Dato no disponible','Dato no disponible','','','Dato no disponible','',NULL,NULL,NULL,NULL,NULL,NULL,NULL,NULL,'Si','Dato no disponible','Dato no disponible','Dato no disponible'),(101,NULL,'2014-05-02 00:00:00',1,1,1,'Ramificación familiar',1,'Dato no disponible',1,'Vivías en USA',1,'Esposa','Sí','Reintentar',NULL,1,9,2,'Dato no disponible','Dato no disponible',NULL,'Dato no disponible','Dato no disponible','2013-12-08 20:00:00','Dato no disponible','Hermosillo',26,1,'Parque Madero del centro','Vía pública','Traía aliento alcohólico','Falta administrativa',NULL,1,10,'Dato no disponible','Dato no disponible','2','Dato no disponible','No','Azul','Policía Municipal','Si',6,1,'Dato no disponible','<p>\n	<span new=\"\" style=\"color: black; line-height: 115%; font-family:;\" times=\"\">Yo estaba&nbsp;en el parque&nbsp;y ya me iba a mi casa. Ten&iacute;a un poco de aliento alcoh&oacute;lico. Llegaron&nbsp;los polic&iacute;as en cuatrimoto &nbsp;y me ordenaron levantar los brazos. Metieron las manos a mi bolsillo y me sacaron la billetera. Sacaron mi dinero y me ordenaroon: &quot;Cam&iacute;nale o te arresto.&quot; Yo no dije nada por temor a que me llevara. Llevaron todo mi dinero. ( No dijo cu&aacute;nto tra&iacute;a)</span></p>\n','Dato no disponible',2,'Dato no disponible','Ma. Engracia Robles Robles','Dato no disponible','Dato no disponible','','','Dato no disponible','',NULL,NULL,NULL,NULL,NULL,NULL,NULL,NULL,'Si','Dato no disponible','Dato no disponible','Dato no disponible'),(102,NULL,'2014-05-26 00:00:00',1,1,5,'Ramificación familiar',1,'Dato no disponible',1,'Dato no disponible',1,'Esposa e hija','Sí','Volver a intentar',NULL,1,8,2,'Dato no disponible','Dato no disponible',NULL,'Mexicali','Dato no disponible','2014-05-21 18:00:00','Dato no disponible','Mexicali',2,1,'Vías del tren','Afuera de la terminal de transporte','Revisión','Revisión',NULL,6,4,'Lo iba a abordar para venir a Nogales','Nogales','3','Dato no disponible','No','Azul obscuro','Policía Federal','Si',9,NULL,'Dato no disponible','<p>\n	<span new=\"\" style=\"color: black; line-height: 115%; font-family:;\" times=\"\">Est&aacute;bamos all&iacute; los 6 hondure&ntilde;os esperando el tren. Llegaron los federales y preguntaron a d&oacute;nde &iacute;bamos y dijeron que si no llev&aacute;bamos dinero no los dejaban viajar. Nos ordenaron sacar el dinero y ponerlo en el suelo y que nos movi&eacute;ramos de ah&iacute;. Cada uno dejamos 5 d&oacute;lares y nos separamos de ese lugar. Cuando yo saqu&eacute; el dinero, alcanzaron a ver el tel&eacute;fono y se regres&oacute; el polic&iacute;a y me dijo: Ei, se te olvida algo. P&aacute;salo. Era el tel&eacute;fono con l&iacute;nea americana. Samsum. Tra&iacute;a memoria de 8 Gis. Y me dijeron que se los entregara.Costaba $ 1700. </span></p>\n','Dato no disponible',2,'Dato no disponible','Ma. Engracia Robles Robles','Dato no disponible','Dato no disponible','','','Dato no disponible','',NULL,NULL,NULL,NULL,NULL,NULL,NULL,NULL,'Si','Dato no disponible','Dato no disponible','Dato no disponible'),(103,NULL,'2014-04-29 00:00:00',1,1,2,'Ramificación familiar',1,'Dato no disponible',1,'Al cruzar la frontera',1,'Hijos','Sí','Volver a intentar',NULL,1,17,2,'Dato no disponible','Dato no disponible',NULL,'Altar','Dato no disponible','2014-04-28 15:31:00','Dato no disponible','Nogales',26,1,'Casi frente al correo del centro. Comoa media cuad','Vía pública','Dato no disponible','Revisión',NULL,NULL,10,'Dato no disponible','Dato no disponible','Dato no disponible','Dato no disponible','Dato no disponible','Dato no disponible','Dato no disponible','Dato no disponible',NULL,NULL,'Dato no disponible','<p align=\"left\">\n	Ven&iacute;amos de Elektra de cobrar dinero. Dimos vuelta a la derecha y nos alcanzaron, como que ven&iacute;an tras de nosotros. Nos pararon y nos quer&iacute;an llevar a un callejoncito. Yo le dije: &iquest;Por qu&eacute;? Si no hicimos nada. El dijo que era un chequeo de rutina. Yo le dije: Pues aqu&iacute;. A ver, dijo, saquen todo ,o que traen. Lo primero que saqu&eacute; fue el papel sobre los Derechos Humanos y se lo ense&ntilde;&eacute;. Le dije: traigo esto que nos acaban de dar. Tra&iacute;a unas pastillas y como dijo que era revisi&oacute;n para buscar armas o drogas, me quit&oacute; las pastillas. Le dije: Me las acaban de dar para la gripa, si quiere vamos a donde me las dieron. O vamos al consulado, ah&iacute; nos est&aacute;n ayudando para regresarnos a nuestro lugar de origen. No, no, no , no. No hay necesidad de que me digas lo que tengo que hacer. Primero te voy a revisar, pero luego que me encontr&oacute; las pastillas, me dijo; No que no usabas droga? Le dije: Eso no es droga. Pero como que quer&iacute;a encontrar algun pretexto, porque ya hab&iacute;a visto que tra&iacute;a los papeles sobre Derechos Humanos y creo que fue lo que me libro de que me quitara mi dinero que acababa de cobrar, porque se di&oacute;i cuenta que lo tra&iacute;a. Yo cuando me quer&iacute;a llevar al callej&oacute;n, me asust&eacute;, porque pens&eacute;: Me va a quitar mi dinero.</p>\n<p>\n	Pero al fin, dijo: V&aacute;yanse, todo est&aacute; bien. Y se fueron.</p>\n','Dato no disponible',2,'Dato no disponible','Ma. Engracia Robles','Dato no disponible','Dato no disponible','','','Dato no disponible','',NULL,NULL,NULL,NULL,NULL,NULL,NULL,NULL,'Dato no disponible','Dato no disponible','Dato no disponible','Dato no disponible'),(104,NULL,'2014-05-24 00:00:00',1,1,1,'Falta de trabajo',2,'Amigos',2,'Dato no disponible',2,'Dato no disponible','Dato no disponible','Volver a intentar',NULL,1,9,2,'Dato no disponible','Dato no disponible',NULL,'Nogales','Dato no disponible','2014-05-20 17:00:00','Dato no disponible','Nogales',NULL,NULL,'Al lado de la cancha cerca del Beta','Cerca de oficina de gobierno','Revisión Por apariencia','Revisión',NULL,1,10,'Dato no disponible','Dato no disponible','2','Dato no disponible','No','Dato no disponible','Dato no disponible','Dato no disponible',9,1,'No tomó','<p>\n	Me llegaron los polic&iacute;as y me dijeron que me iban a hacer un registro. Me bolsearon y me quitaron $ 4 00. 00 y una c&aacute;mara. La que me hab&iacute;a regalado el investigador. Yo les dije que por qu&eacute; me estaban quitando el pisto y entonces me&nbsp; golpearon.&nbsp; Todav&iacute;a tengo el dolor del labio que me rompieron en la parte de dentro al impacto con los dientes. Y me aventaron a la camioneta. Me llevaron a la c&aacute;rcel y all&aacute; me tuvieron 36 horas con un sandwich que nos daban al d&iacute;a. Yo ni me lo com&iacute;a. No pod&iacute;a masticar por el dolor.</p>\n','400 pesos',2,'Dato no disponible','Ma. Engracia Robles Robles','Dato no disponible','Dato no disponible','','','Dato no disponible','',NULL,NULL,NULL,NULL,NULL,NULL,NULL,NULL,'Dato no disponible','Dato no disponible','Dato no disponible','Dato no disponible'),(105,NULL,'2014-04-21 00:00:00',1,2,0,'Falta de trabajo',2,'Los tres',2,'Dato no disponible',2,'Dato no disponible','Dato no disponible','Intentar cruzar',NULL,1,8,2,'Dato no disponible','Dato no disponible',NULL,'No saben','Dato no disponible','2014-04-04 09:00:00','Dato no disponible','Palenque',7,1,'Retén antes y después de Palenque','Reten','Revisión','Revisión',NULL,15,12,'No pregunté','No pregunté','8 a 10','No, eran muchos','No','Azul obscuro','Policía Federal','Si',7,NULL,'Dato no disponible','<p align=\"left\">\n	La primera vez, lo primero fue pedir el documento de identificaci&oacute;n. Tra&iacute;amos la de elector de Guatemala. Como no tra&iacute;amos el documento, nos dijeron que nos iban a entregar a Migraci&oacute;n, en forma brusca y con amenaza y golpes. Despu&eacute;s piden que arrojes todo el dinero que traes. Nos rompieron el pantal&oacute;n y hasta la ropa interior para buscar el dinero. Igual con las mujeres. Nos quitaron todo el dinero que tra&iacute;amos. En total hemos perdido alrededor de $ 20 000.00 porque en cada vez nos registran hasta las partes &iacute;ntimas. Volvemos a pedir y es el que nos quitan enseguida. Todo el camino lo hemos hecho as&iacute;.</p>\n<p>\n	El segundo ret&eacute;n fue igual o muy semejante a este primero. Esos 20,000 es solo de nosotros tres, sin contar lo de los dem&aacute;s, que &eacute;ramos alrededor de 15.</p>\n','$ 20,000.00',2,'Dato no disponible','Ma. Engracia Robles Robles','Dato no disponible','Dato no disponible','','','Dato no disponible','',NULL,NULL,NULL,NULL,NULL,NULL,NULL,NULL,'Si','Dato no disponible','Dato no disponible','Dato no disponible'),(106,NULL,'2014-05-12 00:00:00',1,2,2,'Falta de trabajo',1,'Dato no disponible',1,'Vivías en USA',1,'hermano','Está en USA','Intentar cruzar otra vez',NULL,1,13,2,'Dato no disponible','Dato no disponible',NULL,'Dato no disponible','Dato no disponible',NULL,'Dato no disponible','Distrito Fedral',9,1,'calle','Vía pública','Bajar de la combi','Detectaron su aspecto de migrante',NULL,3,12,'Dato no disponible','Dato no disponible','3','Dato no disponible','no','Dato no disponible','Policía Estatal','Si',9,1,'no vio','<p>\n	<font face=\"Calibri, sans-serif\"><span style=\"line-height: 115%; font-size: 11pt;\">llegamos, nos bajamos de la Combi, vinieron los azules y nos dijeron: Si no nos dan dinero, te vamos a entregar a migraci&oacute;n. Pues no traigo dinero. Pues si no traes dinero, te vamos a entregar. Con fuerza nos llevaron a una&nbsp;</span><span style=\"line-height: 16.86px; font-size: 15px;\">caseta</span><span style=\"line-height: 115%; font-size: 11pt;\">&nbsp;y all&iacute; nos amenazaron. Los otros dos dieron el dinero y se fueron. Yo no quer&iacute;a dar el dinero, pero hablaron- ser&iacute;a verdad o no- pero yo me asust&eacute; y tuve que dar los $ 250.00 que tra&iacute;a. Cuando ya se los di, me aventaron y dijeron: andate, pues&nbsp;</span><span style=\"line-height: 16.86px; font-size: 15px;\">jal&aacute;ndose</span><span style=\"line-height: 115%; font-size: 11pt;\">&nbsp;de los hombros. Tuve que pedir dinero porque me quitaron todo.&nbsp;</span></font></p>\n','$250.00',NULL,'Dato no disponible','Engracia Robles','Dato no disponible','Dato no disponible','','','Dato no disponible','',NULL,NULL,NULL,NULL,NULL,NULL,NULL,NULL,'Si','Dato no disponible','Dato no disponible','Dato no disponible'),(107,NULL,'2014-05-23 00:00:00',1,2,3,'Falta de trabajo',2,'Primo y amigos',1,'Al cruzar la frontera',1,'Primo','si  ','intentar cruzar otra vez',NULL,2,11,2,'Dato no disponible','Dato no disponible',NULL,'Dato no disponible','Dato no disponible',NULL,'Dato no disponible','Medias Aguas',30,1,'Tren','A bordo del propio transporte','viajar en tren','Revisión',NULL,2,4,'Dato no disponible','Dato no disponible','8','Dato no disponible','Dato no disponible','Dato no disponible','Dato no disponible','No',NULL,NULL,'Dato no disponible','<p>\n	<span style=\"line-height: 115%; font-family: Calibri, sans-serif; font-size: 11pt;\">Est&aacute;bamos esperando el tren cuando llegaron y nos ordenaron todo boca abajo tirados. Est&aacute;bamos como 7. A m&iacute; me quitaron como 500.00. A todos nos registraron. Nos amenazaron. Al final nos corren: V&aacute;yanse a la chingada.&nbsp;</span></p>\n','500 pesos',2,'Dato no disponible','Engracia Robles','Dato no disponible','Dato no disponible','','','Dato no disponible','',NULL,NULL,NULL,NULL,NULL,NULL,NULL,NULL,'No','Dato no disponible','Dato no disponible','Dato no disponible'),(108,NULL,'2014-04-26 00:00:00',1,2,1,'Falta de trabajo',NULL,'Dato no disponible',NULL,'Dato no disponible',NULL,'Dato no disponible','Dato no disponible','intentar cruzar otra vez',NULL,1,9,2,'Dato no disponible','Dato no disponible',NULL,'Dato no disponible','Dato no disponible','2014-04-12 00:00:00','Dato no disponible','Distrito Federal',9,1,'Carretera','Reten','revisión','Revisión',NULL,2,3,'calle','Central del Norte','3','Dato no disponible','no','Azul','Policía Municipal','Si',9,1,'PO6-22','<p>\n	<span style=\"line-height: 115%; font-family: Calibri, sans-serif; font-size: 11pt;\">Daniel Ariano y Jonatan Morales ibmaos ajuntos cunado La polic&iacute;a par&oacute; el taxi, le recogi&oacute; la licencia al taxista, le orden&oacute; seguirlo. Lo llev&oacute; a un lugar solo y nos hizo bajar. Nos empez&oacute; a interrogar y a esculcar bolsas y todo. Todo esculc&oacute;, zapatos, pantal&oacute;n. Dijo que le di&eacute;ramos dinero. Como no le quisimos dar nada, dijo que nos iba a entregar a migraci&oacute;n. Nos sac&oacute; de las bolsas el dinero que tra&iacute;amos que hizo un total de $ 700.00 y nos mandaron irnos r&aacute;pido de ah&iacute; y que nos perdi&eacute;ramos. El taxista y la polic&iacute;a se quedaron ah&iacute;.</span></p>\n','700',2,'Dato no disponible','Engracia Robles','Dato no disponible','Dato no disponible','','','Dato no disponible','',NULL,NULL,NULL,NULL,NULL,NULL,NULL,NULL,'Si','Dato no disponible','Dato no disponible','Dato no disponible'),(110,NULL,'2014-04-24 00:00:00',1,2,4,'Falta de trabajo',1,'Dato no disponible',1,'Al cruzar la frontera',2,'Dato no disponible','Dato no disponible','Intentar cruzar otra vez',NULL,1,9,2,'Dato no disponible','Dato no disponible',NULL,'Dato no disponible','Dato no disponible','2014-04-08 00:00:00','Dato no disponible','Tepic',18,1,'Estación del Tren','Afuera de la terminal de transporte','patrullaje','Intentar viajar',NULL,8,4,'Dato no disponible','Dato no disponible','2','Dato no disponible','no','Dato no disponible','Policía municipal','Si',7,1,'No recuerda','<p align=\"left\">\n	Estabamos ah&iacute; parados esperando que saliera el tren. Llegaron los polic&iacute;as buscando una persona que hab&iacute;a provocado un problema en un tope. Como no lo encontraron, se ensa&ntilde;aron contra nosotros que est&aacute;bamos ah&iacute;. Empezaron a registrarnos en una forma con insultos. Nos amenazaron que eran la ley y pod&iacute;an hacer con nosotros lo que quisieran como llevarnos a migraci&oacute;n o detenernos, lo que fuera. Al final los polic&iacute;as dijeron que se iban, pero que si nos volv&iacute;an a encontrar ah&iacute;&hellip;.y nos dijeron sarta de palabras ofensivas y denigrantes. No nos quitaron el dinero, solo nos ofendieron.</p>\n','Dato no disponible',2,'Dato no disponible','Engracia Robles','Dato no disponible','Dato no disponible','','','Dato no disponible','',NULL,NULL,NULL,NULL,NULL,NULL,NULL,NULL,'Si','Dato no disponible','Dato no disponible','Dato no disponible'),(111,NULL,'2014-05-23 00:00:00',1,2,1,'Falta de trabajo',NULL,'Dato no disponible',1,'Vivías en USA',NULL,'Dato no disponible','Dato no disponible','intentar cruzar otra vez',NULL,1,2,2,'Dato no disponible','Dato no disponible',NULL,'Dato no disponible','Dato no disponible','2014-05-12 00:00:00','Dato no disponible','Irapuato',11,1,'Tren','A bordo del propio transporte','revisión ','Revisión',NULL,4,4,'Dato no disponible','Dato no disponible','5','Dato no disponible','no','Azul - negro','Dato no disponible','Si',7,1,'088','<p>\n	<span style=\"line-height: 115%; font-family: Calibri, sans-serif; font-size: 11pt;\">Cuando salimos de irapuato, hay un lugar que se llama V&iacute;a. Ah&iacute; nos bajaron. Hicieron un cambio de vagones y ah&iacute; nos despojaron de lo que tra&iacute;amos en forma arbitraria: porque les gustaba o les interesaba. A m&iacute; me quitaron los lentes, la maleta y $ 600.00 . Despu&eacute;s hicieron disparos para que entr&aacute;ramos en miedo y no nos quisi&eacute;ramos montar en el tren. A uno le tiraron a los pies, porque quer&iacute;a ir por su agua. Noi le dieron, pero s&iacute; lo asustaron. Corrimos la pueblo y m&aacute;s adelante nos montamos en el tren</span></p>\n','600',2,'Dato no disponible','Engracia Robles','Dato no disponible','Dato no disponible','','','Dato no disponible','',NULL,NULL,NULL,NULL,NULL,NULL,NULL,NULL,'Si','Dato no disponible','Dato no disponible','Dato no disponible'),(112,NULL,'2014-04-11 00:00:00',1,2,2,'Falta de trabajo',2,'Sobrino',1,'Al cruzar la frontera',1,'Sobrino ','si','Regresar a mi pueblo',NULL,1,NULL,1,'Dato no disponible','3000 Dolares',NULL,'No','Dato no disponible','2014-03-23 00:00:00','Dato no disponible','Caborca',26,1,'Autobús','A bordo del propio transporte','revisión','Revisión',NULL,30,1,'Dato no disponible','Dato no disponible','2','Dato no disponible','no','Dato no disponible','Dato no disponible','No',NULL,NULL,'Dato no disponible','<p>\n	<span style=\"line-height: 115%; font-family: Calibri, sans-serif; font-size: 11pt;\">Yo ven&iacute;a en ese autobus. Pararon el autob&uacute;s, subi&oacute; ese oficial. Iba mir&aacute;ndonos pero no a todos ped&iacute;a identificiaci&oacute;n. Me pidio la identificaci&oacute;n. La saqu&eacute; y como la traigo en la cartera vi&oacute; mi dinero. Luego me dijo que sacara un poco de dinero y lo pusiera a un lado. Yo le dije: Pero por q&uacute;e? Si lo que me hab&iacute;a pedido era la identificaci&oacute;n y ya se la hab&iacute;a mostrado. El repiti&oacute; la orden: Ya te dije que saques un poco y lo pongas ah&iacute;. Pero luego se percat&oacute; que detr&aacute;s de &eacute;l ya iba otro oficial. Entonces ya&nbsp; se sigui&oacute; hacia atr&aacute;s disimulado&nbsp; en el cami&oacute;n. Supongo que era su jefe, el comandante. Despu&eacute;s volvi&oacute; a regresar ya para bajar y ya no dijo nada.</span></p>\n','Dato no disponible',NULL,'Dato no disponible','Engracia Robles','Dato no disponible','Dato no disponible','','','Dato no disponible','',NULL,NULL,NULL,NULL,NULL,NULL,NULL,NULL,'No','Cuando salió de','Dato no disponible','Dato no disponible'),(113,NULL,'2014-02-22 00:00:00',1,1,2,'Ramificación familiar',1,'Dato no disponible',1,'Vivías en USA',1,'Esposa','Sí','Intentar cruzar',NULL,1,9,NULL,'Dato no disponible','Dato no disponible',NULL,'Dato no disponible','Dato no disponible','2014-02-18 09:30:00','Dato no disponible','Aguascalientes, Cap.',1,1,'Afuera del templo de San Felipe','Vía pública','Piden identificarse','Detectaron su aspecto de migrante',NULL,1,10,'Dato no disponible','Dato no disponible','2','Dato no disponible','No','Policía Municipal','Policía Municipal','Si',6,2,'No las tomó','<p>\n	<span new=\"\" style=\"color: black; line-height: 115%; font-family:;\" times=\"\"><strong>Yo iba a S. Felipe en el centro de Aguascalientes. Me par&oacute; la polic&iacute;a de la moto. Me pidi&oacute; identificaci&oacute;n. Le dije que solo ten&iacute;a documentos de Estados Unidos. Me los pidi&oacute;. Al sacarlos me dijo: &lt; Ah, t&uacute; eres pocho&quot; y por qu&eacute; no arreglaste papeles? Y me pidi&oacute; la cartera. Yo tra&iacute;a 70 d&oacute;lares. Me los quit&oacute; y me amenaz&oacute; de que, si me volv&iacute;a a ver por ah&iacute;, me iba a encerrar y a dar una golpiza. Y me ordenaron irme al instante.</strong></span></p>\n','Dato no disponible',2,'Dato no disponible','Ma. Engracia Robles Robles','Dato no disponible','Dato no disponible','','','Dato no disponible','',NULL,NULL,NULL,NULL,NULL,NULL,NULL,NULL,'Si','Dato no disponible','Dato no disponible','Dato no disponible'),(114,NULL,'2014-05-05 00:00:00',1,2,1,'Falta de trabajo',2,'amistades',1,'Al cruzar la frontera',2,'Dato no disponible','Dato no disponible','Dato no disponible',NULL,1,13,1,'Dato no disponible','$3000 usd',NULL,'Sonoita','Dato no disponible','2014-04-29 00:00:00','Dato no disponible','San Luis Rio Colorado',26,1,'delante de un retén en el desvío para Sonoita en e','Reten','Se paró el camión y subieron los policías','Revisión',NULL,4,5,'Distrito Federal','Tijuana','2','Dato no disponible','no','azul','estatal','No',NULL,NULL,'no vieron vehiculos porque no bajaron ','<p>\n	Subieron el cami&oacute;n en la Central del Norte y iban 2 conductores.&nbsp; Uno tenia 50 a&ntilde;os aproximademente, era alto, delgado, ca&ntilde;oso, y guero.&nbsp; El otro era chaparro, gordito, guero y tenia 60 a&ntilde;os aproximademente.&nbsp; El primero iba manejando en el momento del abuso.&nbsp; Iban en el cami&oacute;n y despues de pasar por un ret&eacute;n en San Luis Rio Colorado, aproximademente 1.5 horas despues en el desvio para Sonoita, se par&oacute; el cami&oacute;n de repente y subieron dos policias.&nbsp; Fueron directo a donde estaban sentados el grupo de 4 migrantes y apartaron el hombre que iba con ellas, que tambien era migrante.&nbsp; Le preguntaron al hombre cuanto dinero llevaba y dijo que 500 pesos.&nbsp; Le dijeron que era un mentiroso y que sabian que llevaba m&aacute;s.&nbsp; El oficial que era hombre le llev&oacute; al ba&ntilde;o y se o&iacute;a que lo golpeaba.&nbsp; Despu&eacute;s, la oficial que era mujer se acerc&oacute; a Rosa Maria y la manase&oacute; buscando dinero en su brasier.&nbsp; Le quit&oacute; todo el dinero que llevaba y, entre todos los migrantes, les quitaron 10,000 pesos.</p>\n','10,000 pesos',3,'Dato no disponible','Marla Conrad','Dato no disponible','Dato no disponible','','','hombre, alto, algo moreno, cara delgada','',NULL,NULL,NULL,NULL,NULL,NULL,NULL,NULL,'Si','Cuando salió de','mujer, estatura','Dato no disponible'),(115,NULL,'2014-05-05 00:00:00',1,1,2,'Violencia/Seguridad',1,'Dato no disponible',2,'Dato no disponible',NULL,'Dato no disponible','Dato no disponible','cruzar, va en tránsito',NULL,1,9,2,'Dato no disponible','Dato no disponible',NULL,'no comentó','Dato no disponible','2014-05-03 23:00:00','Dato no disponible','Empalme',26,1,'Cerco del ferrocarril, bajo un puente','Afuera de la terminal de transporte','estaba dormido bajo del puente','Intentar viajar',NULL,1,10,'no aplica','no aplica','3','Dato no disponible','no','azul marino','no especificó','Si',9,1,'no vió','<p>\n	Estaba durmiendo bajo del puente y lleg&oacute; la polic&iacute;a para decirle que no pod&iacute;a dormir all&iacute;.&nbsp; Lo esculcaron y encontraron 300 pesos que ten&iacute;a escondido en su pantal&oacute;n.&nbsp; Le preguntaron porque lo ten&iacute;a escondido y les contest&oacute; que porque el dinero era de &eacute;l.&nbsp; Le preguntaron si prefer&iacute;a estar 36 horas detenido o pagarles los 300 pesos.&nbsp; Les acus&oacute; de robo y le quitaron el dinero.&nbsp; Le dijeron que subiera el tren o si no, lo llevar&iacute;an a la c&aacute;rcel.</p>\n','300 pesos',2,'Dato no disponible','Marla Conrad','Dato no disponible','Dato no disponible','','','Prieto, gordo, alto, tipo chilango - el comandante','',NULL,NULL,NULL,NULL,NULL,NULL,NULL,NULL,'Si','Dato no disponible','güero con bigot','un güero con bi'),(116,NULL,'2014-07-31 00:00:00',2,2,1,'Falta de trabajo',2,'Prima: Mireya',1,'Al cruzar la frontera',2,'Dato no disponible','Dato no disponible','Regresar a casa',NULL,1,18,1,'Dato no disponible','6000 pesos c/u',NULL,'AP-Douglas','Dato no disponible','2014-07-28 12:00:00','Dato no disponible','Casas Grandes',8,1,'Capilla a un lado de la carrtera','Reten','Retén','Revisión',NULL,15,1,'D.F.','Nogales, Sonora','5','Dato no disponible','si','Dato no disponible','Dato no disponible','Si',8,4,'Si','<p>\n	Y Mireya</p>\n<p>\n	El autob&uacute;s se detuvo porque los polic&iacute;as le hicieron la se&ntilde;a de pararse; se subieron dos polic&iacute;as hombres a revisar el autob&uacute;s, a nosotros nos preguntaron a d&oacute;nde vamos y a qu&eacute;, &quot;a los que nos ven que vamos a cruzar nos bajan, porque a los que tra&iacute;amos una mochila fue a los que nos bajaron&quot;</p>\n<p>\n	Ya abajo del autob&uacute;s nos formaron en una fila, te piden tu credencial, tu identificaci&oacute;n.</p>\n<p>\n	Nosotros fuimos los segundos en pasar a la capilla, estaba&nbsp; una virgen de guadalupe y a lado un san judas, enfrente de la carretera estaba una tienda como de talachas. Cuando nosotros un hombre polic&iacute;a se qued&oacute; afuera cuidando al resto que estaban formados, adentro tienen una silla para que saquemos todo lo que nosotros tra&iacute;amos;</p>\n<p>\n	Mireya: A m&iacute; me revisaron la varilla del brasier y la cintura del pantal&oacute;n.</p>\n<p>\n	Alejandro: A m&iacute; me metiron la mano al pantal&oacute;n.</p>\n<p>\n	Nos dijeron que eran 200 pesos por cada uno, yo, alejandro, me le qued&eacute; viendo y le dije por qu&eacute; tanto, y el polic&iacute;a s&oacute;lo me dijo &quot;tu s&oacute;lo d&aacute;melo&quot; y hasta se rieron.</p>\n<p>\n	Ellos me dijeron &quot;tu vas a Naco&quot;, yo le dije que no sab&iacute;a qu&eacute; era eso y el polic&iacute;a me dijo &quot;ay mija tu ni sabes a d&oacute;nde vas&quot;.</p>\n<p>\n	Esto fue como en 5 minutos, dentro de la capilla. Cuando nos dejaron salir s&oacute;lo&nbsp; nos dijeron &quot;que les vaya bien&quot;.</p>\n<p>\n	El resto de los compa&ntilde;eros dijeron que a ellos &acute;solo los fueron pasando sin revisar y les ped&iacute;an dinero.</p>\n<p>\n	De los 15 que bajaron, s&oacute;lo a 10 nos pasaron a la capilla porque&nbsp; uno de los polic&iacute;as dijo que ya, que estaban esperando otro autob&uacute;s u otro carro.</p>\n<p>\n	se meti&oacute; la g&uuml;era y dijo que a la chava que estaba ah&iacute;, la toquetearon, le meti&oacute; la mano hasta adentro.</p>\n<p>\n	un oficial, moreno, bigote</p>\n','200 pesos c/u',NULL,'Dato no disponible','Perla Del Angel','Dato no disponible','Dato no disponible','','','Mujer: güera, ojos cafés, delgada, estatura baja','',NULL,NULL,NULL,NULL,NULL,NULL,NULL,NULL,'No','Cuando salió de','Hombre: estatur','Hombre'),(117,NULL,'2014-07-31 00:00:00',2,1,1,'Falta de trabajo',2,'Prima',1,'Al cruzar la frontera',1,'Prima','Repatriada','Regresar a casa ',NULL,1,18,1,'Dato no disponible','45000 pesos',NULL,'AP-Douglas','Dato no disponible','2014-07-26 01:00:00','Dato no disponible','Casas Grandes',8,1,'Capilla a un lado de la carretera','Reten','Retén','Revisión',NULL,3,2,'Córdova, Veracruz','Agua Prieta, Sonora','5','Dato no disponible','no','azul marino','PGR en gorra','Si',11,1,'No se','<p>\n	5 polic&iacute;as, 3 afuera&nbsp; y 2 adentro.</p>\n<p>\n	El oficial 3 se subi&oacute; y pidi&oacute; a todos que nos bajaran, adentro nos preguntaron para d&oacute;nde &iacute;bamos, no nos pidieron identificaci&oacute;n ni nada.</p>\n<p>\n	Saca todo lo que traigas, agarr&oacute; mi cartera y vio cu&aacute;nto tra&iacute;a, &eacute;l mismo me regunt&oacute; que si tra&iacute;a cambio y yo le dije no.</p>\n<p>\n	Abajo nos formaron e &iacute;bamos entrando de uno por uno a la capilla. A m&iacute; me metieron s&oacute;lo a la capilla, el oficial 2 me pregunt&oacute; mi nombre y a d&oacute;nde iba y me empez&oacute; a registrar todo el cuerpo y&nbsp; me encontr&oacute; el dinero en mi cartera, yo le dije que no tr&aacute;ia cambio, entonces &eacute;l tom&oacute; de mi cartera un billete de 500 pesos y se lo dio al oficial 1, que no daba la cara, y &eacute;l me dio directamente 300 pesos.</p>\n<p>\n	me dijeron que recogiera tus cosas y salte.</p>\n<p>\n	los que estaban adentro ten&iacute;an arma corta.</p>\n','200 pesos',NULL,'Dato no disponible','Perla Del Angel','Dato no disponible','Dato no disponible','','','Hombre: alto, robusto, piel clara','',NULL,NULL,NULL,NULL,NULL,NULL,NULL,NULL,'Si','Cuando salió de','Hombre, estatur','Hombre alto, de'),(118,NULL,'2014-08-08 10:10:00',1,2,2,'Falta de trabajo',2,'Primo',1,'Al cruzar la frontera',2,'Dato no disponible','Dato no disponible','regresar a casa',NULL,1,2,1,'Dato no disponible','3500 dolares',NULL,'Sasabe','Dato no disponible','2014-07-18 13:00:00','Dato no disponible','Mazatlan',25,1,'entrando a Mazatlan, arriba del camión','A bordo del propio transporte','no sabe, nada mas pararon el camión','Revisión',NULL,2,1,'Chilpancingo','Tijuana','4 a 6','Dato no disponible','no escuchó','uniforme azul marino','no vió','No',NULL,NULL,'no vieron los vehiculos porque subieron ','<p>\n	Habian 2 revisiones</p>\n<p>\n	1.) entrando a mazatlan, los policias pararon el camion y subieron.&nbsp; Le preguntaron a donde iban y les dijo que a Altar.&nbsp; Lo esculcaron y encontraron dinero.&nbsp; Le dijeron que dejara 200 pesos en la silla para que nadie viera.&nbsp; A su compa&ntilde;ero le hicieron lo mismo y le quitaron 600 pesos.</p>\n<p>\n	2.) venia en el camion y pasando mazaltan les bajo en un reten.&nbsp; les hicieron preguntas de donde iban.&nbsp;le preguntaron si llevaba dinero y dijo que no.&nbsp; Lo esculcaron buscando el dinero, pero no encontraron nada. Eran policias de transito.</p>\n','800 pesos',2,'Dato no disponible','Marla Conrad','Dato no disponible','Dato no disponible','','','hombre, estatura normal - ni alto, ni chaparro, go','',NULL,NULL,NULL,NULL,NULL,NULL,NULL,NULL,'Si','Cuando salió de','hombre, gordo, ','Dato no disponible'),(120,NULL,'2014-08-12 00:00:00',1,1,0,'Falta de trabajo',1,'Dato no disponible',2,'Dato no disponible',NULL,'Dato no disponible','Dato no disponible','cruzar',NULL,1,14,2,'Dato no disponible','Dato no disponible',NULL,'Dato no disponible','Dato no disponible','2014-08-31 15:00:00','Dato no disponible','Dato no disponible',4,1,'cerca de la estación de tren','A bordo del propio transporte','estaba pidiendo dinero','Intentar viajar',NULL,1,10,'no aplica','no aplica','2','Dato no disponible','no','traje azul','municipal','Si',9,1,'Dato no disponible','<p>\n	Estaba pidiendo en un sem&aacute;faro, camin&oacute; 2 cuadaras, y le par&oacute; la policia.&nbsp; Le pregunt&oacute; de donde era, le montaron a una patrulla con el n&uacute;mero 036,&nbsp;y le preguntaron si quer&iacute;a ir a la carcel.&nbsp; Le dijo que las c&aacute;maras les estaba viendo.&nbsp; Le revisaron todo y le preguntaron si queria mochar con algo, dijo que estaba pidiendo para sobrevivir.&nbsp; Le quitaron el dinero y lo llevaron a un lugar retirado de la ciudad.&nbsp; Tuvo que caminar 2 horas para regresar a donde estaba.</p>\n','300 pesos',2,'Dato no disponible','Marla Conrad','Dato no disponible','Dato no disponible','','','señor de 35 o 40 años','',NULL,NULL,NULL,NULL,NULL,NULL,NULL,NULL,'Si','Dato no disponible','25 años, gúero,','Dato no disponible'),(121,NULL,'2014-08-12 00:00:00',1,1,2,'Falta de trabajo',1,'Dato no disponible',1,'Vivías en USA',1,'pareja','vive en Peoria, Arizona','Dato no disponible',NULL,1,9,1,'Dato no disponible','Dato no disponible',NULL,'Nogales','Dato no disponible','2014-08-08 00:00:00','Dato no disponible','Peoria',37,NULL,'107th Ave. y la Olive en el estacionamiento donde ','Vía pública','iba saliendo del trabajo','Detectaron su aspecto de migrante',NULL,1,8,'iba saliendo del trabajo','no aplica','6 oficiales','Dato no disponible','no','uniforme azul','no vio','Si',9,5,'no vió','<p>\n	Estaba saliendo del trabajo y le llegaron 5 patrullas en el estacionamiento en Peoria, Arizona.&nbsp; Le detuvieron de subir su carro y le preguntaron de donde era.&nbsp; Dijo que era de M&eacute;xico y le preguntaron si ten&iacute;a papeles.&nbsp; Dijo que no.&nbsp; Lo arrestaron y lo llevaron a la comandancia, estuvo 4 horas, y lo mandaron a un centro de rehabilitacion para&nbsp;darle una prueba de drogas,&nbsp;sali&oacute; negativa la prueba.&nbsp;&nbsp;Despues lo mandaron a inmigracion donde estuvo 3 d&iacute;as y lo deportaron a M&eacute;xico.</p>\n','Dato no disponible',NULL,'Dato no disponible','Marla Conrad','Dato no disponible','Dato no disponible','','','gordo, 50 de altura, hablaba español, pelo cafe, o','',NULL,NULL,NULL,NULL,NULL,NULL,NULL,NULL,'Si','Cuando salió de','muchacho delgad','Dato no disponible'),(122,NULL,'2014-08-08 00:00:00',1,2,0,'Falta de trabajo',2,'Hija',2,'Dato no disponible',2,'Dato no disponible','Dato no disponible','Buscar trabajo en Tijuana',NULL,1,14,1,'Dato no disponible','Dato no disponible',NULL,'Altar, Sonora','Dato no disponible','2014-07-31 15:00:00','Dato no disponible','Nogales',26,1,'Motel 32, en la Calle Periférico','Vía pública','Dato no disponible','Revisión',NULL,2,10,'no aplica','no aplica','7','Dato no disponible','no','Azul Marino','PEI','Si',6,NULL,'no','<p align=\"left\">\n	Iban saliendo del Motel 32 para comer afuera.&nbsp; Vi&oacute; que alrededor del edificio hab&iacute;an varias personas encapuchadas.&nbsp; Habia gente vestida de civil y tambi&eacute;n personas vestidas en uniformes negros. Primero, mir&oacute; que hab&iacute;an agarrado a un hombre que trabajaba haciendo &quot;contratos&quot; para cruzar los migrantes.&nbsp; Se llama Jose Tarrios Luna.&nbsp; Lo subieron a fuerzas a la camioneta.&nbsp; Comenz&oacute; a correr Mar&iacute;a. &nbsp;La alcanzaron y empujaron su cabeza para que solo viera el suelo.&nbsp; La aventaron en una camioneta verde.&nbsp; Adentro de la camioneta, hab&iacute;an 4 hombres y vi&oacute; una maleta que llevaba un laptop y un laptop suelto.&nbsp; Dentro del carro le decian que no se mov&iacute;a, ni que gritara, y que si lo hiciera iban a &quot;mochar un dedo o la cabeza&quot;.&nbsp; Ten&iacute;an una pistola apuntada a su espalda. &nbsp;El carro iba recio y escuch&oacute; que hab&iacute;an mas carros atr&aacute;s de ellos.&nbsp; Viajaron por aproximademente 30 minutos antes de llegar a un lugar donde la bajaron de la camioneta.&nbsp; Inmediatamente la esposaron de las manos y bendaron sus ojos.&nbsp; Antes de poner las bendas, alcanz&oacute; ver varios policias en uniforme negro con la insignia del PEI.&nbsp; La llevaron a un cuarto, y a los 10 minutos, y despues le llevaron a una sala.&nbsp; Le hicieron preguntas queriendo saber que estaba haciendo en el motel, y ella respondi&oacute; que estaba esperando a cruzar y que iba a ver a su hija.&nbsp; Le hicieron preguntas sobre la ni&ntilde;a y explic&oacute; que era su hija que hab&iacute;a ido con su hermana.&nbsp; Dijeron que era la ni&ntilde;a que andaban buscando. Le preguntaron cuanto tiempo tenia en Nogales y dijo que poco tiempo.&nbsp; La acusaron de tener mas tiempo, pero ella dijo que tenia pruebas de cuando habia llegado.&nbsp; Le pregutaron si habia ido a Mexico y dijo que no, que era la primera&nbsp; vez que habia salido para aca.&nbsp; &nbsp;Hablaban en claves diciendo, &quot;34, 17, 50&quot;. &nbsp;Dec&iacute;an mucho la palabra &quot;fotza&quot; y al aparato con que daban toques, lo llamaban &quot;la chicharra&quot;. Escuchaba que al otro se&ntilde;or que le preguntaban que habia hecho con la ni&ntilde;a. &nbsp;Lo golpearon y dijeron que el habia secuestrado la ni&ntilde;a que andaban buscando. Uno de los oficiales le dijo que habian venido desde M&eacute;xico persiguiendo a un hombre que habia secuestrado a una ni&ntilde;a. &nbsp;Escuchaba que lo golpeaban.&nbsp; Pidieron fotos de su hija, le hicieron abrir el facebook por medio de torturas - con toques el&eacute;ctricos. &nbsp;Querian fotos de su hija y le obligaron mandar mensajes a su hermana pidiendo las fotos.&nbsp; Cuando vieron que ella escrib&iacute;a en letra diferente de lo normal, comenzaron darle toques y le dijeron que escribiera bien.&nbsp; &nbsp;En todo el dia estuvo sin tomar agua y sin comer.&nbsp; Ellos querian que ella se culpara por unas muertes y querian que se culpara por cosas que nunca habia hecho.&nbsp; Le amenazaba con decir que le iban a matar y tirar por un barranco o que le iban a poner una camioneta nueva, llena de drogas y armas de sicarios que habia matado mucha gente y que &quot;asi le iban a ver sus hijas, atr&aacute;s la reja&quot;.&nbsp; Le pregunt&oacute; porque le iban a hacer eso si no andaba haciendo cosas malas y le dijeron que se callara.&nbsp; &nbsp;La obligaron firmar papeles.&nbsp; Ella les dijo que no podia firmar los papeles sin ver que firmaba y le dijeron que ella hiciera lo que ellos decian.&nbsp; El se&ntilde;or (Jos&eacute; Tarrios Luna) &nbsp;con quien estaba la defendia y les decia que no le hiciera nada porque solo estaba tratando de cruzar al otro lado.&nbsp; Le preguntaron si era su esposa, y le dijo que no, que era clienta.&nbsp; Al se&ntilde;or daba toques, dijeron que iban a echar chile habanero por el culo, le pegaban y le daba toques, escuch&oacute; que le dijeron que bajara el pantal&oacute;n, le hicieron tomar cloro y el se&ntilde;or gritaba.&nbsp; Torturandole le dec&iacute;an que decia que era su esposa y despues con las torturas accedi&oacute; y dijo que s&iacute; que era su esposa para que dejaran de torturarle, pero seguieron torturandole. Al muchacho le daban toques y dijeron que &eacute;l dijera que era una puta, &quot;una puta barata&quot;.&nbsp; El se&ntilde;or no quiso decirlo, pero despues se lo dijo por la tortura.&nbsp; Los hombres que les estaban torturando dijeron, &quot;eres una puta barata, ahora todos vamos a pasar por encima de ti&quot;.&nbsp; &nbsp;Le dijeron que iba a quitar la ropa y escuch&oacute; que estaban bajando el zipper de su pantal&oacute;n.&nbsp; Comenz&oacute; a sangrar, como que le diera su menstraci&oacute;n por los toques y uno dijo &quot;te salvaste que ibamos a darte toques por el culo&quot;.&nbsp; Cuando se sangr&oacute;, le dejaron ba&ntilde;arse.&nbsp; Le mandaron con una mujer y le pregunt&oacute; si ya se habian ido los hombres, Mar&iacute;a pregunt&oacute; quienes, y respondi&oacute; &quot;los judiciales del estado&quot;.&nbsp; &nbsp;Estuvo del 31 de julio a 5 de agosto.&nbsp; No le dieron de tomar, ni comer.&nbsp; La tenian parada, no dejaba que se recargara a la pared aunque no aguantaban sus pies, la jalaban del pelo para que se parara.&nbsp; En todos los dias, no la dejaron dormir y estuvo los 4 dias parada, siempre la tenia volteada a la pared.&nbsp; Tambien el se&ntilde;or tuvo que firmar papeles, y escuch&oacute; que lo subieron a un carro. &nbsp;No sabe que pas&oacute; con el se&ntilde;or.&nbsp; Cuando le soltaron, le fueron a dejar en un lugar aislado, lejos de todo a las 12am.&nbsp; Le dijeron &quot;desaparezcate&quot; y la aventaron de la camioneta.&nbsp; Camin&oacute; 40 minutos antes de llegar a una gasolinera donde la auxiliaron una pareja.</p>\n<p>\n	Tienen toda su informaci&oacute;n, incluyendo credencial y celular, y le quitaron el dinero que llevaba de $1000 pesos.&nbsp; El primero de Agosto, llegaron 3 personas a su casa en Morelos.&nbsp; Se presentaron como amigos de Mar&iacute;a, pero estaban investigandole y hicieron muchas preguntas sobre su hijo.</p>\n','Dato no disponible',3,'Dato no disponible','Marla Conrad','Dato no disponible','Dato no disponible','','','no vió los oficiales bien porque tenía los ojos be','',NULL,NULL,NULL,NULL,NULL,NULL,NULL,NULL,'Si','Cuando salió de','Dato no disponible','Dato no disponible'),(123,NULL,'2014-08-15 19:47:00',2,1,2,'Ramificación familiar',2,'Sobrino',2,'Vivías en USA',2,'Dato no disponible','Dato no disponible','Esperar en México',NULL,1,2,2,'Dato no disponible','Dato no disponible',NULL,'Agua Prieta','Dato no disponible','2014-08-15 15:00:00','Dato no disponible','Casas Grandes',8,1,'Capilla','Reten','Retén','Revisión',NULL,4,1,'San Luis Potosí','Naco','4','Dato no disponible','No','Dato no disponible','Dato no disponible','No',NULL,NULL,'Dato no disponible','<p>\n	Un d&iacute;a antes tom&eacute; el autob&uacute;s junto con mi sobrino Marl&oacute;n Flores de 19 a&ntilde;os, en San Luis Potos&iacute;. Cuando pasamos por Casas Grandes, Chihuahua, el auob&uacute;s se par&oacute; para una revisi&oacute;n y se subieron los polic&iacute;as, s&oacute;lo nos bajaron a 4, s&oacute;lo nos preguntaron de d&oacute;nde &eacute;ramos, mi sobrino dijo que era de Veracruz y el polic&iacute;a (oficial 1) le dijo que se bajara, despu&eacute;s, ese mismo me dijo a m&iacute; que me bajara sin preguntarme nada. Al estar abajo, primero entraron los otros dos compa&ntilde;eros a la caseta, no se encuch&oacute; nada mientras cada uno estaba adentro.</p>\n<p>\n	Despu&eacute;s, entr&eacute; yo, fui el tercero. En cuanto entr&eacute;, el polic&iacute;a (oficial 2) dijo que eran 500 pesos para dejarnos ir. El polic&iacute;a (oficial 1) entraba y sal&iacute;a diciendo que nos iba a echar a migraci&oacute;n, el de adentro (oficial 2) me dijo que le diera todo el dinero, yo le di 200 pesos y despu&eacute;s me registr&oacute; todo y me sac&oacute; mi cartera y empez&oacute; a sacar papel por papel y encontr&oacute; 600 pesos que yo tra&iacute;a guardados, el polic&iacute;a me empez&oacute; a insultar dicendo &quot;hijo de su puta madre, andas dinero m&aacute;s en tu billetera y s&oacute;lo me dec&iacute;as 200 pesos&quot;.</p>\n<p>\n	Despu&eacute;s, cuando me dej&oacute; ir, que me subiera al autob&uacute;s, me dijo &quot;y no vayas a hacer bulla puto&quot; y enseguida metieron a mi sobrino, a &eacute;l le quitaron 600 pesos, no se bien qu&eacute; le dijeron, tambi&eacute;n lo insultaron y le dijeron que le iban a echar migraci&oacute;n.</p>\n<p>\n	El chofer del autob&uacute;s nos esper&oacute; a que nos dejaran libres, y s&oacute;lo con un gesto, moviendo la cabeza de un lado a otro, dec&iacute;a que no estaba bien lo que hiceron.</p>\n<p>\n	No vi ninguna patrulla, ellos vest&iacute;an de civil, pantal&oacute;n de mezclilla color azul y camisa era cmo azul, como todo azul, as&iacute; andaban todos.</p>\n<p>\n	Es como una caseta donde est&aacute; la virgencita, s&oacute;lo entran a ver qui&eacute;nes son centroamericanos y r&aacute;pido lo bajan a uno.</p>\n','Dato no disponible',3,'Dato no disponible','Perla Del Angel','Dato no disponible','Dato no disponible','','','Hombre, delgado, estatura media, nariz grande, mor','',NULL,NULL,NULL,NULL,NULL,NULL,NULL,NULL,'No','Dato no disponible','Hombre, alto, t','Hombre, estatur'),(124,NULL,'2014-08-19 00:00:00',1,1,NULL,'Ramificación familiar',1,'Dato no disponible',1,'Vivías en USA',1,'Esposa e hijos','No','Intentar solo',NULL,1,8,2,'Dato no disponible','Dato no disponible',NULL,'Tecate','Dato no disponible','2014-08-16 00:00:00','Dato no disponible','Nogales',26,1,'La estación del trén','Afuera de la terminal de transporte','El hecho de que no se bajó del tren, se cerró la p','Intentar viajar',NULL,10,4,'Hermosillo','Mexicali. Vino porque se equivocó.','6','Dato no disponible','Dato no disponible','Azul como los Federales','Policía Comercial Federal','Si',9,1,'Dato no disponible','<p>\n	Me vine de Hermosillo en el tren porque ya no ten&iacute;a dinero. Me hab&iacute;an repatriado al D.F. y solo tra&iacute;a 300. d&oacute;lares. En hermosillo ya se me hab&iacute;an terminado. Iba para Mexicali y me equivoqu&eacute; me vine a Nogales. No nos bajamos antes de que el tren llegara a su estacionamiento. Ahi los federales nos corretearon. Cuando me agarraron, el oficial hab&iacute;a perdido la radio y me ech&oacute; la culpa de que fue por corretearnos&nbsp;A m&iacute; me golpearon porque tengo muchos tatuajes y dijeron que era un malandro.Me hincaron y me golpearon. La maleta que tra&iacute;a con mi medicamento inclusive, ah&iacute; se qued&oacute; con ellos, no me la entregaron.&nbsp;Me llevaron a la c&aacute;rcel 36 horas.</p>\n','Dato no disponible',NULL,'Dato no disponible','Ma. Engracia Robles Robles','Dato no disponible','Dato no disponible','','','Estaba flaco. Me tenían hincado','',NULL,NULL,NULL,NULL,NULL,NULL,NULL,NULL,'Si','Dato no disponible','Dato no disponible','Dato no disponible'),(125,NULL,'2014-08-19 00:00:00',1,1,30,'Falta de trabajo',1,'Dato no disponible',1,'Al cruzar la frontera',1,'Esposa','Sí','Ya no pienso intentar. Esperaré a que ella - mi es',NULL,1,8,2,'Dato no disponible','Dato no disponible',NULL,'Nogales','Dato no disponible','2014-08-18 00:00:00','Dato no disponible','Altar',26,1,'Afuera de la central.','Afuera de la terminal de transporte','Pedí un boleto a Nogales. LLama el de la Central C','Intentar viajar',NULL,1,6,'Quería venir a Nogales','Dato no disponible','5','Dato no disponible','Dato no disponible','Dato no disponible','Dato no disponible','Si',9,2,'0256 No. de Patrulla.','<p>\n	Yo quer&iacute;a venir a Nogales. Llegu&eacute; a la central a comprar un boleto. Cuando les digo el de la central llama por tel&eacute;fono. Sin duda a la mafia. Llegan los 4 oficiales. Preguntan a d&oacute;nde me dirijo. Dije que ven&iacute;a a Nogales. Me dijeron: te lo vamos a vender a Hermosillo pero tienes que pagar a cada uno $ 500.00 mas al jefe de la central. Pagu&eacute; 2500.00. $500.00 al de la central y $ 500.00 a cada uno. Eso para que me vendieran el boleto y me lo vendieron a Hermosillo. Me ped&iacute;an el n&uacute;mero de un familiar y como no se los quise dar, me golpearon.</p>\n','$ 2 500.00',2,'Dato no disponible','Ma. Engracia Robles Robles','Dato no disponible','Dato no disponible','','','Dato no disponible','',NULL,NULL,NULL,NULL,NULL,NULL,NULL,NULL,'No','Dato no disponible','Dato no disponible','Dato no disponible'),(126,NULL,'2014-08-20 00:00:00',2,2,1,'Falta de trabajo',2,'Prima y 2 sobrinos',1,'Al cruzar la frontera',2,'Dato no disponible','Dato no disponible','Regresar a casa',NULL,1,18,1,'Dato no disponible','16,500 pesos',NULL,'Agua Prieta, Sonora','Dato no disponible','2014-08-15 00:00:00','Dato no disponible','Dato no disponible',8,1,'Autobús','A bordo del propio transporte','Retén','Revisión',NULL,50,2,'Puebla','Agua Prieta','2','Dato no disponible','No','Dato no disponible','Dato no disponible','No',NULL,NULL,'Dato no disponible','<p>\n	El coyote lo contratamos en Puebla, ah&iacute; nos dijo que &iacute;bamos a ver a no se qui&eacute;n; llegamos con una se&ntilde;ora que vend&iacute;a gorditas, el coyote le dijo que nosotros nos &iacute;bamos&nbsp; a ir en el chihuahuense y que nos diera de comer y as&iacute; fue.</p>\n<p>\n	Despu&eacute;s, lleg&oacute; el autob&uacute;s y ah&iacute; nos subieron, nos hab&iacute;an dicho que tra&iacute;a ba&ntilde;o y estar&iacute;a bien, pero no fue as&iacute;, era un totolero y hab&iacute;a como 50 personas, en dos asientos iban como 2 adultos y 3 ni&ntilde;os, no era nada de lo que nos hab&iacute;a dicho.</p>\n<p>\n	Para eso, el coyote nos cobr&oacute; 10 000 pesos a cada uno, a m&iacute;, a mi prima Gabriela y a cada uno de sus dos ni&ntilde;os, (5 y 6 a&ntilde;os).</p>\n<p>\n	El 15 de agosto salimos de Puebla; no recuerdo bien d&oacute;nde fue, pero ya fue en Chihuahua, pasamos primero un ret&eacute;n, pero antes de que pasara por este, el chofer nos pidi&oacute; dinero, de a 100 pesos cada uno, nos dijo que si los d&aacute;bamos no nos &iacute;bamos a entretener en el ret&eacute;n, y si no que nos iban a revisar y a bajar, por eso dimos el dinero. Cuando pasamos por el ret&eacute;n, vimos c&oacute;mo el chofer entreg&oacute; el dinero al agente uniformado con camisa azul, este s&oacute;lo subi&oacute; hasta la mitad del autob&uacute;s alumbrando con una l&aacute;mpara.&nbsp; Ten&iacute;a las letras de PGR, en el lado del izquierdo del pecho y en la manga.</p>\n<p>\n	En el segundo ret&eacute;n, tambi&eacute;n el chofer pidi&oacute; 100 pesos a cada uno para que no tuvi&eacute;ramos problema y dejarnos pasar. El agente que subi&oacute; al autob&uacute;s estaba vestido de civil, portaba un gafete con una cinta con las letras de AFI, abajo estaban unas patrullas blancas, no ten&iacute;an letras, s&oacute;lo las luces que vienen en las calaveras y en el medall&oacute;n por dentro. &nbsp;En ese ret&eacute;n no vimos que el chofer entregara el dinero, pero es lo m&aacute;s seguro. Esto fue como a 4 o 4 horas y media antes de llegar a Agua Prieta, (Casas Grandes, Chihuahua).</p>\n<p>\n	Aqu&iacute; nos cobr&oacute; m&aacute;s, la cuota de 500 d&oacute;lares por cada uno, por los ni&ntilde;os tambi&eacute;n cobr&oacute; la misma cantidad. Por eso hemos pagado aproximadamente 16,500 pesos por cada uno y somos 4.</p>\n','100',2,'Dato no disponible','Perla Del Angel','Dato no disponible','Dato no disponible','','','Dato no disponible','',NULL,NULL,NULL,NULL,NULL,NULL,NULL,NULL,'Si','Cuando salió de','Dato no disponible','Dato no disponible'),(129,NULL,'2014-08-20 00:00:00',2,2,NULL,'Falta de trabajo',2,'Primo e hijos',1,'Al cruzar la frontera',2,'Dato no disponible','Dato no disponible','Regresar a casa',NULL,1,19,1,'Dato no disponible','16,500',NULL,'Agua Prieta','Dato no disponible','2014-08-19 00:00:00','Dato no disponible','Agua Prieta',26,1,'Agencia del Ministerio Público Federal','Oficinas de gobierno','Proceso de repatriación. OASISS','Falta de documentos',NULL,3,NULL,'Dato no disponible','Dato no disponible','1','SI','Dato no disponible','Dato no disponible','Dato no disponible','No',NULL,NULL,'Dato no disponible','<p>\n	&nbsp;</p>\n<p>\n	MPFF: Alto, pel&oacute;n, gordo, blanco, pel&oacute;n. Le llamaban Tony</p>\n<p>\n	Licenciado: M&aacute;s alto, m&aacute;s gordo, m&aacute;s colorado, aproximadamente de 35 a&ntilde;os. Su segundo apellido es Ruiz.</p>\n<p>\n	&nbsp;</p>\n<p>\n	<strong>Horacio: </strong></p>\n<p>\n	Llegamos al MPFF cerca de las 3 de la tarde del 19 de agosto, despu&eacute;s de ser repatriados.</p>\n<p>\n	Nunca supimos que esa denuncia era voluntaria, nunca nos dijeron nada, cuando los de la migra nos entregaron a ellos, yo supe que eran federales, se les notaba. Ellos nos llevaron a declarar.</p>\n<p>\n	S&oacute;lo a m&iacute; me hicieron algunas preguntas, dici&eacute;ndome que la persona ya ten&iacute;a 17 reportes. Se basaron en la declaraci&oacute;n que envi&oacute; migraci&oacute;n de los Estados Unidos. No permitieron leer la declaraci&oacute;n. Cuando al licenciado le preguntaron su nombre en el MPFF, s&oacute;lo le respondi&oacute; que ya sab&iacute;an cu&aacute;l era su nombre, despu&eacute;s le preguntaron sus apellidos y respondi&oacute;, as&iacute; que s&oacute;lo me acuerdo que su segundo apellido es Ruiz.</p>\n<p>\n	<strong>Gabriela: </strong></p>\n<p>\n	Al principio yo no sab&iacute;a que hab&iacute;a licenciado para asesorarnos, pero un hombre se sent&oacute; a lado de m&iacute; y me empez&oacute; a hacer algunas preguntas y yo le respond&iacute;a, creyendo que s&oacute;lo era para hacer pl&aacute;tica, pero despu&eacute;s me dijo que &eacute;l era quien nos iba a asesorar, pero no fue as&iacute;, nunca nos mencion&oacute; nada.</p>\n<p>\n	Llegamos como a las 3 de la tarde al MPFF&nbsp; y en ese momento salieron a comer y regresaron como hasta las 6pm, pero no nos atendieron luego, s&oacute;lo nos quedamos sentados esperando, tardaron todav&iacute;a; despu&eacute;s s&oacute;lo le llamaron a Horacio, tard&oacute; como 1 hora con el del MP y ya. A m&iacute; ni me preguntaron nada, yo le firm&eacute; los papeles al licenciado y tampoco pude leerlos.</p>\n<p>\n	Grupo Beta los recibi&oacute; del MPF y los llev&oacute; al CAME aproximadamente a las 8:30pm.</p>\n','Dato no disponible',2,'Dato no disponible','Perla Del Angel','Dato no disponible','Dato no disponible','','','Tony: Alto, pelón, gordo, blanco, pelón (MP)','',NULL,NULL,NULL,NULL,NULL,NULL,NULL,NULL,'No','Cuando salió de','Ruiz: Más alto,','Dato no disponible'),(130,NULL,'2014-09-03 14:00:00',2,2,2,'Falta de trabajo',2,'Esposa y hermano',1,'Al cruzar la frontera',2,'Dato no disponible','Dato no disponible','Regresar a casa',NULL,1,5,1,'Dato no disponible','4,800 dlls',NULL,'Agua Prieta','Dato no disponible','2014-09-17 14:00:00','Dato no disponible','Cerca de Nuevo Laredo',28,1,'Dentro del autobús','A bordo del propio transporte','Retén','Revisión',NULL,3,1,'Monterrey, NL','Nuevo Laredo, Tamaulipas','2','Dato no disponible','No','Camuflaje beige','No vio','Si',6,2,'No vio','<p>\n	Salimos (su esposa Lidia Sim&oacute;n Agust&iacute;n, &eacute;l y su hermano) de Monterrey rumbo a Nuevo Laredo para intentar ingresar a los Estados Unidos, entonces el 17 de agosto, como&nbsp; a 3 horas de Nuevo Laredo, el autob&uacute;s se par&oacute; por una revisi&oacute;n en un ret&eacute;n de soldados; se para y suben 2 soldados y a todos los pasajeros les preguntaron de d&oacute;nde vienen, para d&oacute;nde van y a qu&eacute; van?.</p>\n<p>\n	A m&iacute; me preguntan de d&oacute;nde vengo, y no dije todo,&nbsp; me puse nervioso y ya le dije que venia de Monterrey y que iba a Nuevo Laredo; me pregunt&oacute; a qu&eacute; voy all&aacute; y me regunta a qu&eacute; y yo le contest&eacute; no&#39;mas.</p>\n<p>\n	Me pide mi identificaci&oacute;n y me hace que me quite mi chamarra y cuando saqu&eacute; mi billetera para sacar mi credencial, me piden mi cartera y la abren y ve el dinero que yo traigo, me dice que tengo que dar 500 pesos; que si no doy el dinero me bajan del cami&oacute;n.</p>\n<p>\n	Yo le dije que era para los dos, para mi esposa y para m&iacute;, entonces</p>\n<p>\n	La persona que nos iba a pasar nos dio un c&oacute;digo y que lo utiliz&aacute;ramos cmo nuestra seguridad en el camino, as&iacute; que se me ocurri&oacute; dec&iacute;rselos al soldado, se supone que ese c&oacute;digo es para decir que ya estamos en un grupo.</p>\n<p>\n	Yo le dije el c&oacute;digo al soldado, &eacute;l me dijo que si no le daba los 500 pesos m&aacute;s adelate iba a pasar los mismo; yo le dije que el dinero era para los dos, que era poco el dinero que llev&aacute;bamos; entonces el soldado dijo, entonces dame 200 pesos; como yo no tra&iacute;a cambio le tuve que dar 500 pesos; despu&eacute;s de eso, se retiraron muy normal.</p>\n<p>\n	Le di el dinero porque he escuchado que si no se les da, te bajan del cami&oacute;n y te golpean y te quitan todo el dinero, por eso no me qued&oacute; de otra.</p>\n<p>\n	Me da coraje porque nada m&aacute;s porque soy una personas ind&iacute;gena, nos intimiden y hacen sentir que uno no puede salir de su comunidad ni de su pa&iacute;s; a&uacute;n con mi identificaci&oacute;n como mexicano me discriminan, de por s&iacute; es dif&iacute;cil pa situaci&oacute;n en M&eacute;xico como para que te estafen, m&aacute;s siendo soldados que deben cuidar la ciudadan&iacute;a de M&eacute;xico y son ellos quienes roban a la gente; si no tienen la honestidad de hacer un trabajo bien, mejor que den la oportunidad a quien si lo hiciera bien.</p>\n','500 pesos',2,'Dato no disponible','Perla Del Angel','Dato no disponible','Dato no disponible','','','Hombre alto, moreno, complexión media, cara redond','',NULL,NULL,NULL,NULL,NULL,NULL,NULL,NULL,'Si','En  la frontera','Hombre, traje d','Dato no disponible'),(131,NULL,'2014-09-08 00:00:00',1,1,1,'Ramificación familiar',1,'Dato no disponible',1,'Vivías en USA',1,'5 Hijos','Sí','Regresar a su pueblo',NULL,1,9,2,'Dato no disponible','Dato no disponible',NULL,'Fue deportado después de vivir allá','Dato no disponible','2014-08-23 17:00:00','Dato no disponible','Nogales',26,1,'Obregón cerca de Omnibus','Afuera de la terminal de transporte','Detectarlo como migrante','Detectaron su aspecto de migrante',NULL,1,10,'Ciudad Juárez','Nogales','2','Dato no disponible','No','Azul','Policía Municipal','Si',9,1,'No vio','<p>\n	Yo llegu&eacute; de Ciudad Ju&aacute;rez a aqu&iacute;. Llegu&eacute; a la terminal porque ven&iacute;a en Omnibus de M&eacute;xico. Sal&iacute; a comprar un refresco. La polic&iacute;a me par&oacute; y me pidi&oacute; la credencial de elector. Les ense&ntilde;&eacute; mi hoja de repatriaci&oacute;n y dijeron que eso despu&eacute;s lo mir&aacute;bamos. Me subieron a la Patrulla y me llevaron a la Comandancia. Me encerraron. La causa, dijeron que yo estaba pidiendo dinero, pero no es verdad. Me dijeron que cu&aacute;nto tra&iacute;a. Yo les dije que poco dinero porque era para ir comiendo en el camino. Me encerraron 36 horas. Mi bolsa donde tra&iacute;a las cosas me la quitaron y ya cuando me la entregaron ya no tra&iacute;a el dinero. Tra&iacute;a como 4 00.00 y ya cuando me entregaron las cosas, s&oacute;lo tra&iacute;a como 50 pesos en monedas.</p>\n','350.00',2,'Dato no disponible','Ma. Engraccia Robles Robles','Dato no disponible','Dato no disponible','','','Uno era chaparro, moreno; otro alto delgado','',NULL,NULL,NULL,NULL,NULL,NULL,NULL,NULL,'Si','Dato no disponible','Dato no disponible','Dato no disponible'),(132,NULL,'2014-08-29 00:00:00',1,1,2,'Ramificación familiar',1,'Dato no disponible',1,'Vivías en USA',1,'Esposa','Sí','Regresar a mi pueblo',NULL,1,19,1,'Dato no disponible','Esta vez 8 000 dólares y 500 para la mafia',NULL,'Agua Prieta','Dato no disponible','2014-07-17 12:16:00','Dato no disponible','Tlaquepaque',14,1,'Garita en Vallarta','Oficinas de gobierno','Piden documentos','Falta de documentos',NULL,2,1,'Guadalajara','Nogales','2','Dato no disponible','No','Azul','Policía Federal','Si',9,NULL,'Dato no disponible','<p>\n	Pas&aacute;bamos el ret&eacute;n al salir de Guadalajara, subieron dos oficiales, hombre y mujer, revisaron a todos las caras y pasaron conmigo y Geila y nos pidieron identificaciones. Las mir&oacute; y me pregunt&oacute; a d&oacute;nde iba y de d&oacute;nde era, le contest&eacute; la verdad: nac&iacute; en Dirango, me crie en Jalisco. El me pregunt&oacute; por qu&eacute; ten&iacute;a la ident. con dom. de Chiapas. Yo le contest&eacute; que viv&iacute; all&aacute; dos a&ntilde;os porque mi esposa es de all&aacute;. El me dijo que no parec&iacute;a mexicano, nos separaron e interrogaron. El de manera prepotente me arrebat&oacute; el celular. Despu&eacute;s me dijo que bajara del autob&uacute;s y ya estando abajo me dijo que le dijera la verdad, que para d&oacute;nde iba. Yo le dije la verdad: voy a la frontera, a Santa Ana, Son. Yo me molest&eacute; y dije: no tiene nada de malo que yo transite por mi pa&iacute;s, soy mexicano, Me regres&oacute; la ident. y me dijo: OK, L&aacute;rgate. El celular lo revis&oacute;.</p>\n','Dato no disponible',NULL,'Dato no disponible','Ma. Engracia Robles Robles','Dato no disponible','Dato no disponible','','','Hombre','',NULL,NULL,NULL,NULL,NULL,NULL,NULL,NULL,'Si','Cuando salió de','Mujer','Dato no disponible'),(133,NULL,'2014-08-29 00:00:00',1,1,1,'Falta de trabajo',2,'Cuñado',1,'Al cruzar la frontera',1,'Cuñado','Sí','No sé',NULL,1,13,2,'Dato no disponible','Dato no disponible',NULL,'Altar, Son','Dato no disponible','2014-06-14 00:00:00','Dato no disponible','Santa Ana',26,1,'Garita','Oficinas de gobierno','Revisión','Revisión',NULL,2,1,'En Hidalgo','Nogales','2','Dato no disponible','No','Azul','Policía Estatal','Si',9,NULL,'Dato no disponible','<p>\n	&nbsp;$ 8 500.00 Ven&iacute;amos en el cami&oacute;n. Pas&oacute; el ret&eacute;n y la polic&iacute;a lo alcanz&oacute; y lo hizo regresar. Nos revisaron a todos. Yo ven&iacute;a con mi cu&ntilde;ado y dijimos que &eacute;ramos pareja. Nos separaron arriba en el cami&oacute;n para hacernos preguntas. No coincidimos. Entonces a mi cu&ntilde;ado le dieron una cachetada, Nos quitaron todo el dinero y nos ordenaron que nos fu&eacute;ramos tranquilos. Yo alegu&eacute; y al fin les dije la verdad, pero ellos se aferraron a que &eacute;l era el coyote.</p>\n','$ 8 500.00',2,'Canalización a una instancia','Ma, Engracia Robles','Dato no disponible','Dato no disponible','','','La muchacha bonita.','',NULL,NULL,NULL,NULL,NULL,NULL,NULL,NULL,'Si','Dato no disponible','Cara de enojón.','Dato no disponible'),(134,NULL,'2014-09-02 00:00:00',1,1,3,'Ramificación familiar',1,'Dato no disponible',1,'Vivías en USA',1,'Esposa e hijos','Sí','Ir a mi pueblo',NULL,1,17,1,'Dato no disponible','200 a 600 dólares para la mafia. Lo demás mi famil',NULL,'Sonoíta','Dato no disponible','2014-08-17 00:00:00','Dato no disponible','Nogales',26,1,'Callejón de artesanías y café Leos','Vía pública','Andaba arreglando su credencial. Fueron tres días ','Detectaron su aspecto de migrante',NULL,1,10,'Dato no disponible','Dato no disponible','2','Dato no disponible','Dato no disponible','Chaleco amarillo','Dato no disponible','Si',13,2,'Dato no disponible','<p>\n	Yo andaba tranitando mi credencial de elector. Iba de migraci&oacute;n al Instituto donde dan las credenciales y hay me tra&iacute;an vuelta y vuelta. En tres d&iacute;as consecutivos me pararon tres veces. Argu&iacute;an que andaba vendiendo droga. Las tres veces me registraban y como no tra&iacute;a dinero, preguntaban a qu&eacute; me dedicaba, y que si era migrante por qu&eacute; no me iba. Una vez, me estaban registrando. Gracias a que lleg&oacute; una muchacha con su bolsa y dijo: &iquest;Por qu&eacute; lo registran? Le dijeron que era su deber. La polic&iacute;a dijo: Si es su deber, a m&iacute; tambi&eacute;n reg&iacute;streme. El polic&iacute;a dijo que no. Ella dijo, si a m&iacute; no me registra a &eacute;l tambi&eacute;n debe dejarlo libre. No tiene por qu&eacute; esculcarlo. Gracias a eso, el polic&iacute;a me dej&oacute;.</p>\n','Dato no disponible',2,'Dato no disponible','Ma. Engracia Robles Robles','Dato no disponible','Dato no disponible','','','Delgado','',NULL,NULL,NULL,NULL,NULL,NULL,NULL,NULL,'Si','Cuando salió de','Gordito','Dato no disponible'),(135,NULL,'2014-08-03 00:00:00',1,1,0,'Falta de trabajo',1,'Dato no disponible',2,'Dato no disponible',2,'Dato no disponible','Dato no disponible','Intentar cruzar',NULL,1,9,2,'Dato no disponible','Dato no disponible',NULL,'Dato no disponible','Dato no disponible','2014-07-20 00:00:00','Dato no disponible','Mazatlán',25,1,'Diferentes lugares. Playa y vias.  En 10 días la p','Vía pública','Estar en las vías o en la playa','Detectaron su aspecto de migrante',NULL,1,4,'Dato no disponible','Dato no disponible','2 y 6','Dato no disponible','No','Azul','Policía Municipal','Si',9,NULL,'Dato no disponible','<p align=\"left\">\n	En diez d&iacute;as, me llevaron a la c&aacute;rcel 5 veces. En dos veces, yo lo justifico porque estaba borracho, las otras tres, s&oacute;lo me llevaron por capricho. La primera vez, me llevaron de la estaci&oacute;n del tren. Esa vez solo me dejaron 8 horas en la c&aacute;rcel. Otra vez me llevaron de una zona de vacacionistas, en la playa, Esa vez hubo raz&oacute;n, estaba tomando una cahuama y me encontraron un poco de marihuana.</p>\n<p>\n	En otra ocasi&oacute;n donde hacen manualidades, cerca de la playa, llega la patrulla y me preguntan: cargas clavo? No. A d&oacute;nde vas? A Estados Unidos. Ibas&hellip;dijo bien pedante, S&uacute;bete a la patrulla. Y otra vez me llevaron a la c&aacute;rcel. Y le dijeron al de ah&iacute;. &quot;Este&hellip;pues hay aunque sea para hacer limpieza les sirve&quot; , Porque no ten&iacute;a delito, Mi delito eran andar buscando algo para comer. Esa vez me dejaron no m&aacute;s de 8 horas, Ninguna vez pas&eacute; la 24 horas. No ten&iacute;a delito. Yo me hab&iacute;a quedado ah&iacute; en Mazatl&aacute;n para buscar un trabajito, y dorm&iacute;a a veces en la estaci&oacute;n, otras en la playa.Maltrato no recib&iacute; ninguna vez. Lo que me tra&iacute;a fuera de mis casillas es que no hab&iacute;a motivo para estar prisionero.</p>\n','Dato no disponible',2,'Dato no disponible','Ma. Engracia Robles Robles','Dato no disponible','Dato no disponible','','','Dato no disponible','',NULL,NULL,NULL,NULL,NULL,NULL,NULL,NULL,'Si','Dato no disponible','Dato no disponible','Dato no disponible'),(136,NULL,'2014-08-02 00:00:00',1,2,0,'Violencia/Seguridad',2,'Sobrino',2,'Dato no disponible',2,'Dato no disponible','Dato no disponible','Intentar cruzar',NULL,1,9,2,'Dato no disponible','Dato no disponible',NULL,'Dato no disponible','Dato no disponible','2014-07-03 10:00:00','Dato no disponible','Tapachula',7,1,'Parque central','Vía pública','Nuestra apariencia de migrantes','Detectaron su aspecto de migrante',NULL,2,10,'Dato no disponible','Dato no disponible','3','Dato no disponible','No','Azul','Policía Municipal','Si',9,2,'No vi0','<p>\n	&nbsp;Est&aacute;bamos en el Parque central descansando. Llegaron dos ccuatrimotos, dijeron que nos levant&aacute;ramos, nos pidieron documentos, dijimos que no tra&iacute;amos,&nbsp; nos ordenaron manos arriba, patas abiertas, y nos bolsearon. A m&iacute; me quitaron 80.00 Y a los otro, mi sobrino 180. Y nos dijeron que nos fu&eacute;ramos que no nos quer&iacute;an ver ah&iacute;.</p>\n','260.00',2,'Canalización a una instancia','Ma. Engracia Robles','Dato no disponible','Dato no disponible','','','En cuatrimoto','',NULL,NULL,NULL,NULL,NULL,NULL,NULL,NULL,'Si','Dato no disponible','En una Patrulla','Dato no disponible'),(137,NULL,'2014-09-06 00:00:00',1,1,6,'Ramificación familiar',1,'Dato no disponible',1,'Vivías en USA',2,'Dato no disponible','Dato no disponible','Intentar otra vez',NULL,1,9,1,'Dato no disponible','$ 7000. Dólares',NULL,'Altar','Dato no disponible','2014-09-05 17:00:00','Dato no disponible','Nogales',26,1,'Centro, poco más allá de la línea','Vía pública','Apariencia','Detectaron su aspecto de migrante',NULL,1,10,'Dato no disponible','Dato no disponible','2','Dato no disponible','No','Azul','Dato no disponible','Si',7,1,'Dato no disponible','<p align=\"left\">\n	Sal&iacute; del comedor. Fue al centro y ve que la polic&iacute;a lo va siguiendo. Se paran y preguntan a d&oacute;nde voy. Yo les dije que era migrante, de Veracruz, que me hab&iacute;an deportado. Me registran todo. y ya checan que no traigo dinero. Como no tra&iacute;a me dejan ir. Yo no hice ning&uacute;n reclamo. Les dije que iba al albergue, que no deb&iacute;a bnada a nadie.</p>\n','Dato no disponible',4,'Dato no disponible','Ma. Engracia Robles Robles','Dato no disponible','Dato no disponible','','','Mujer','',NULL,NULL,NULL,NULL,NULL,NULL,NULL,NULL,'Si','Dato no disponible','Hombre','Dato no disponible'),(138,NULL,'2014-08-14 00:00:00',1,1,1,'Ramificación familiar',1,'Dato no disponible',1,'Vivías en USA',1,'Esposa e hijos','Dato no disponible','Morir',NULL,1,9,2,'Dato no disponible','Dato no disponible',NULL,'Tijuana','Dato no disponible','2014-05-10 00:00:00','Dato no disponible','Tijuana',2,1,'Cuartel y en donde se pone el mercado sobre-ruedas','Cerca de oficina de gobierno','El Ejército porque va al cuartel a pedir que le de','Revisión',NULL,1,10,'Dato no disponible','Dato no disponible','2 de la Policía','Dato no disponible','Dato no disponible','Camuflagiado los primeros y azules los 2o.s','Ejército y Policía','Si',9,NULL,'Dato no disponible','<p>\n	&nbsp;Yo estaba en el centro y trabajaba en el mercado sobre ruedas en Tijuana. Ese d&iacute;a no me tocaba trabajar y me regres&eacute; por el centro. Ah&iacute; fue donde me encontraron y me pidieron la credencial. Me agredieron y me dijeron que la credencial era falsa. Le dijo al compa&ntilde;ero que le llevara unas tijeras y en mi cara cortaron la credencial. Por su parte, en el cuartel, fui a que me dieran una credencial diciendo que soy mexicano. Y como no di el servicio militar porque viv&iacute;a en Estados Unidos, me agrdieron, me dijeron cosas ofensivas, que era un traidor a la patria y que me fuera mucho a&hellip;&hellip;&hellip;&hellip;..</p>\n','200.00',2,'Dato no disponible','Ma. Engracia Robles Robles','Dato no disponible','Dato no disponible','','','Dato no disponible','',NULL,NULL,NULL,NULL,NULL,NULL,NULL,NULL,'Si','Dato no disponible','Dato no disponible','Dato no disponible'),(139,NULL,'2014-09-09 00:00:00',1,3,1,'Falta de trabajo',2,'Con su mamá',1,'Al cruzar la frontera',2,'Dato no disponible','Dato no disponible','Irse a su tierra',NULL,1,7,1,'Dato no disponible','$ 30 000.00',NULL,'Altar','Dato no disponible','2014-09-05 00:00:00','Dato no disponible','Nogales',26,1,'Al bajar del autobús en Migración','Afuera de la terminal de transporte','Dato no disponible','Revisión',NULL,8,NULL,'Estados Unidos','México','1','Dato no disponible','Dato no disponible','Migración','Dato no disponible','No',NULL,NULL,'Dato no disponible','<p>\n	Ven&iacute;amos en el autob&uacute;s y cuando nos bajaron en la garita, nos separaron y nos pidieron los papeles y dijeron: Son falsos. Le preguntaron si tra&iacute;a Acta de Nacimiento. Dijo que s&iacute;. Le amenaz&oacute; con que le iba a romper la identificaci&oacute;n porque era falsa. (Seg&uacute;n ellos) As&iacute; fue con la mam&aacute; y la hija, pero al fin no les hicieron nada de romperles papeles, solo les amenazaron y las quisieron intimidar. Lo mismo sucedi&oacute; con la mam&aacute; y la hija.</p>\n<p>\n	La mam&aacute; se llama Vilma Losa Hern&aacute;ndez de 47 a&ntilde;os. Qued&oacute; aqu&iacute; registrado el caso de la hija.</p>\n','Dato no disponible',NULL,'Dato no disponible','Clara Alcántara','Dato no disponible','Dato no disponible','','','Dato no disponible','',NULL,NULL,NULL,NULL,NULL,NULL,NULL,NULL,'Si','Cuando salió de','Dato no disponible','Dato no disponible'),(140,NULL,'2014-09-12 00:00:00',1,2,1,'Otro',1,'Dato no disponible',2,'Dato no disponible',2,'Dato no disponible','Dato no disponible','regresar a casa',NULL,1,9,2,'Dato no disponible','Dato no disponible',NULL,'no aplica','Dato no disponible','2014-08-29 18:30:00','Dato no disponible','Nogales',26,1,'La Calle Reforma, enfrente del OXXO que esta cerca','Vía pública','iba caminando','Detectaron su aspecto de migrante',NULL,45,10,'no aplica','no aplica','2','Dato no disponible','no','azul marino','Policia Federal','Si',6,1302,'Dato no disponible','<p>\n	El 29 de agosto yo ven&iacute;a caminando detr&aacute;s del Beta, ah&iacute; me pararon y me pidieron identificaci&oacute;n de inmediato lo esposaron. Estuvieron en un suburban, con numero 1302 y una patrulla que estuvo atras con numero 2305. A uno de los oficiales, le dijo &quot;Portillo&quot;&nbsp; Yo reclam&eacute;: Por qu&eacute; me hacen eso, yo soy mexicano.&nbsp; Dijeron: Porque te vamos a investigar. Me subieron y de ah&iacute; lo llevaron a la casa donde lo tuvieron. Lo llevaron como por espacio de 10 minutos y&nbsp; como a dos o tres cuadras me entregaron a otros y ah&iacute; me quitaron el dinero. Me quitaron $2000 dolares y mi credencial.&nbsp; Me amarraron los pies, las manos hacia atr&aacute;s y con una camisa me vendaron. La polic&iacute;a fue la que me quit&oacute; el dinero-. Yo lo tra&iacute;a bien pegado al cuerpo y la polic&iacute;a me lo sinti&oacute; y fue cuando me quitaron el pantal&oacute;n y me lo quitaron el dinero.</p>\n<p>\n	En esa casa hay aproximademente 45 personas secuestradas - entre ellos hab&iacute;an 8 ni&ntilde;os, 4 mujeres embarazadas, centro americanos y centro americanas&nbsp; y los que cuidaban la &acute;carcel. Como 4 entraban y sal&iacute;n armados. Hace 4 d&iacute;as que yo sal&iacute; cuando tomaron y se qued&oacute; dormido el cuate. Me ped&iacute;an n&uacute;mero de tel&eacute;fono y miles de groser&iacute;as, como &quot;Eres un hijo de perra, voy a matar a tu familila y a tu famila, voy a mochar a tu pelotas&quot;. Verbalmente me torturaban y me dec&iacute;an que me iban a matar. Pura agua me daban o un s&aacute;ndwich. Puro maltrato, no nos daban chance de platicar entre nosotros. A las mujeres las violaban. Casa horrible. Dibujos de la muerte y altares para ese mono. La casa es azul y tiene unos botes de agua afuera. El lugar se llama el arroyo.</p>\n<p>\n	AP 2160/40</p>\n','Dato no disponible',1,'Defensa','Marla Conrad','Dato no disponible','Dato no disponible','','','alto, gordo, moreno, con lentes negros','',NULL,NULL,NULL,NULL,NULL,NULL,NULL,NULL,'Si','Dato no disponible','medianamente al','Dato no disponible'),(141,NULL,'2014-09-15 00:00:00',1,1,4,'Ramificación familiar',1,'Dato no disponible',1,'Vivías en USA',1,'Esposa e hijos','No contesta','Arreglar. Que me pida el hijo mayor',NULL,1,9,1,'Dato no disponible','3 000. Dólares',NULL,'Mexicali, Altar','Dato no disponible','2014-08-04 17:00:00','Dato no disponible','Puerto Peñazco',26,1,'Playa','Vía pública','Me paran y me revisan','Detectaron su aspecto de migrante',NULL,1,10,'Dato no disponible','Dato no disponible','3','Dato no disponible','No','Azul obscuro','Policía Municipal.','Si',9,2,'No vió','<p>\n	Yo fu&iacute; la playa a ba&ntilde;arse. Ya hab&iacute;a salido de ba&ntilde;arse. Iba enfrente de un Oxo. Ah&iacute; estaban deteniendo a otro. Me iba a pasar y me hablaron que qu&eacute; tra&iacute;a en la mochila. Me dijeron que tra&iacute;an reporte de que yo andaba vendiendo dulces. Yo no tra&iacute;a nada . Me subieron a la patrulla por la acusaci&oacute;n de que yo andaba vendiendo dulces. Les dije: Chequeen. Dijeron: De todos modos vamos pa adentro a ver como andas. Lo llevaron a la comandancia. Ah&iacute; dijeron: Vay&aacute;nse pa adentro. Yo pregunt&eacute; por la mochila. Dijeron: nosotros nos encargamos de eso, Ud. v&aacute;yase. Lo detuvieron 3 d&iacute;as. Cuando sali&oacute;, ya no le entregaron nada. Lo que tra&iacute;a en la mochila: Ropa, celular de 2 500.00 y sus documentos: acta, seguro, papeles de escuela, primaria y secundaria, curp. Seguro Popular que ya hab&iacute;a sacado. El dijo que ya tiene en M&eacute;xico 10 a&ntilde;os.</p>\n','Dato no disponible',2,'Dato no disponible','Ma. Engracia Robles','Dato no disponible','Dato no disponible','','','Gordo, moreno. No quiso dar su nombre','',NULL,NULL,NULL,NULL,NULL,NULL,NULL,NULL,'Si','En  la frontera','Blanquito, delg','Flaco, Chaparro'),(142,NULL,'2014-09-20 00:00:00',1,1,0,'Violencia/Seguridad',1,'Dato no disponible',2,'Dato no disponible',2,'Dato no disponible','Dato no disponible','Intentar cruzar',NULL,1,9,2,'Dato no disponible','Dato no disponible',NULL,'Ninguno','Dato no disponible','2014-05-22 09:00:00','Dato no disponible','Hermosillo',26,1,'Av. Principal al lado de la Comisión Nal. de Elect','Vía pública','Acercarse a él para ver si era maleante','Detectaron su aspecto de migrante',NULL,1,10,'Dato no disponible','Dato no disponible','2','Patrulla No. 440 y la Estatal era la 775','Dato no disponible','Azul','Policía Estatal','Si',9,NULL,'Dato no disponible','<p>\n	Estaba ah&iacute; sentado pas&oacute; y me cheque&oacute; y me encontraron un cuchillito porque andaba cortando sand&iacute;a. Tra&iacute;a 1 700.00 y me quitaron 1200. 00 porque dijeron que era delito federal, traer un cuchillo.Me subieron a la patrulla y me sobornaron, que si no les daba el dinero, me iban a meter al bote tres a&ntilde;os. Yo les dije que les daba 500. dijeron que eso no bastaba. Yo les alegaba que no era de ah&iacute;, que ten&iacute;a que comer, pero ellos dijeron que como era delito federal les ten&iacute;a que dar m&aacute;s. Al fin me qued&eacute; con 500.00 y les di 1 200. Bueno, dijeron, con eso. B&aacute;jate de la patrulla nada m&aacute;s no digas a nadie. Baj&eacute; y me qued&eacute; triste. Esa fue la Estatal. La otra patrulla, la Municipal, sin hacer nada me subieron en el mismo lugar, y me vieron que tra&iacute;a 1 550.00 y dijeron, dame 50 pesos para el refresco. Por qu&eacute; me est&aacute;s agarrando, pregunt&eacute;, yo solo ando aqu&iacute; en la calle. Y me dijeron: para que veas que soy buena gente te voy a dar este pu&ntilde;o de mota, y me echaron la mota a la bolsa y me esposaron , me desnudaron y me quitaron 400.00.</p>\n<p>\n	Esto &uacute;ltimo sucedi&oacute; en Carrillo Marcor 8 3345.</p>\n','1600.00',2,'Dato no disponible','Ma. Engracia Robles Robles','Dato no disponible','Dato no disponible','','','Gordo','Este muchacho me pareció un poco mal de su cabeza. Las cosas que me dijo estaban deshilvanadas.',NULL,NULL,NULL,NULL,NULL,NULL,NULL,NULL,'Si','Dato no disponible','Dato no disponible','Dato no disponible'),(143,NULL,'2014-09-22 00:00:00',3,1,2,'Falta de trabajo',1,'Dato no disponible',1,'Vivías en USA',2,'Dato no disponible','Dato no disponible','Cruzar',NULL,1,2,2,'Dato no disponible','Dato no disponible',NULL,'Tijuana','Dato no disponible','2014-09-19 04:00:00','Dato no disponible','Hermosillo',26,1,'Saliendo del Hotel Rollal','Vía pública','Robo afuera del hotel','Detectaron su aspecto de migrante',NULL,1,10,'no ','no','3','Dato no disponible','no','Azul marino','POLICIA','Si',9,1,'Dato no disponible','<p>\n	Cuando iban saliendo del hotel rollal los policias ya estaban afuera y atraparona su compa&ntilde;ero y al el les quitaron el dinero a los dos 6,000 y los golperon. le quiraron el celular a el y al otro.</p>\n','6,000',NULL,'Dato no disponible','Sara Abdala Manriquez','Dato no disponible','Dato no disponible','','','moreno, alto.','',NULL,NULL,NULL,NULL,NULL,NULL,NULL,NULL,'Si','Dato no disponible','guero','moreno, alto'),(144,NULL,'2014-09-12 00:00:00',NULL,1,2,'Ramificación familiar',2,'Con su hermano',2,'Dato no disponible',2,'Dato no disponible','Dato no disponible','Dato no disponible',NULL,1,8,2,'Dato no disponible','Dato no disponible',NULL,'Naco','Dato no disponible','2014-05-05 00:00:00','Dato no disponible','Chapala',14,1,'Garita, cerca de Chapala','Oficinas de gobierno','Traía una troca de EE. UU. y no estaba a mi nombre','Falta de documentos',NULL,1,11,'En Phoenix','Guadalajara','8 patrullas unos con vestido oficial, otros no.','Dato no disponible','Dato no disponible','Unos uniformados, otros no. Había de todo.','Policía Federal','Si',NULL,8,'Dato no disponible','<p>\n	El 3 de mayo, me vine con la troca cargada de cosas. Pas&eacute; por Reynosa, Tamps..&nbsp; Me pararon cerca de Chapala. Me preguntaron de d&oacute;nde ven&iacute;a. Eran trocas de la Polic&iacute;a. Como ocho trocas. Unos no estaban con el uniforme de polic&iacute;a. Me ordenaron que me bajara y les entregara lo que tra&iacute;a. La troca estaba a nombre de otro amigo. Me tiraron al suelo y amenaz&aacute;ndome con pistola me obligaron a que firmara los papeles que tra&iacute;a de la troca, porque ya no me la iban a entregar.&nbsp; Y que si no les daba el dinero que tra&iacute;a, no me iban a dejar ir. Yo tra&iacute;a $ 2 000.00 d&oacute;lares. Me los quitaron y me ped&iacute;an 40 000. pesos m&aacute;s. Mi familia los tuvo que conseguir. Me tuvieron una semana golpe&aacute;ndome. Me llevaron a un cerro de la sierra, pero no supe c&oacute;mo se llama. Despu&eacute;s de que mi familia entreg&oacute; el dinero, me dejaron amarrado y tirado en la carretera. Mi familia me recogi&oacute; y me llevaron al hospital. No quisieron denunciar nada por las amenazas que yo recib&iacute; si dec&iacute;a algo.</p>\n','Dato no disponible',NULL,'Dato no disponible','Ma. Engracia Robles Robles','Dato no disponible','Dato no disponible','','','Eran muchos.','',NULL,NULL,NULL,NULL,NULL,NULL,NULL,NULL,'Si','Dato no disponible','Dato no disponible','Dato no disponible'),(145,NULL,'2014-10-02 00:00:00',1,1,1,'Falta de trabajo',2,'Hermano',1,'Al cruzar la frontera',1,'Hermano','Sí','Dato no disponible',NULL,1,19,2,'Dato no disponible','Dato no disponible',NULL,'Sonoíta','Dato no disponible','2014-09-20 00:00:00','Dato no disponible','Dato no disponible',26,1,'Lo bajaron de camión','A bordo del propio transporte','Revisión','Revisión',NULL,3,1,'Puebla','Tijuana','3','Dato no disponible','Dato no disponible','Negro','Dato no disponible','Si',9,1,'Dato no disponible','<p>\n	Yo ven&iacute;a en el cami&oacute;n en la noche, 12 o 1 de la ma&ntilde;ana. Ven&iacute;amos durmiendo. Arriba del cami&oacute;n me pregunt&oacute; a d&oacute;nde iba, cu&aacute;ntos a&ntilde;os ten&iacute;a y cuando le dije que a Sono&iacute;ta, fue cuando me dijo que me bajara. Luego me preguntaron con qui&eacute;n iba, y se subieron a bajar a mi hermano y otro amigo. A m&iacute; me hicieron sacar todo, credencial, celular, dinero y ponerlo en el asiento del carro. Luego me dijo que le diera algo si no, hablaba y m&aacute;s adelante me lo quitar&iacute;an. Y al fin, &eacute;l s&oacute;lo tom&oacute; 500.00 porque estaban ah&iacute; en el asiento de su camioneta. Vino otro y tambi&eacute;n quer&iacute;a que le diera. Pero ese ya no se port&oacute; amenazante. Luego me mandaron a una casetita y esper&eacute; a mi hermano. Despu&eacute;s ya subimos al autob&uacute;s.</p>\n','$ 500.00 robados',2,'Canalización a una instancia','Ma. Engracia Robles','Dato no disponible','Dato no disponible','','','Alto, gordito, con barba, pelo negro','',NULL,NULL,NULL,NULL,NULL,NULL,NULL,NULL,'Si','Dato no disponible','Otro más flaco','Dato no disponible'),(146,NULL,'2014-10-03 00:00:00',1,1,1,'Falta de trabajo',NULL,'Dato no disponible',1,'Vivías en USA',2,'Dato no disponible','Dato no disponible','Esperar un tiempo',NULL,1,NULL,2,'Dato no disponible','Dato no disponible',NULL,'Mascareña','Dato no disponible','2012-03-19 00:00:00','Dato no disponible','Hermosillo',26,1,'Hospital','Vía pública','Se juntó con una menor. Abortó. La llevó al hospit','Detectaron su aspecto de migrante',NULL,NULL,NULL,'Dato no disponible','Dato no disponible','Dif Municipal','Dato no disponible','Dato no disponible','Dato no disponible','Dato no disponible','Dato no disponible',NULL,NULL,'Dato no disponible','<p>\n	Ese a&ntilde;o, yo estaba trabajando en Hermosillo. Yo viv&iacute; con una menor- 15 a&ntilde;os- pero el pap&aacute; estaba de acuerdo. Ella qued&oacute; embarazada. Un d&iacute;a me fu&iacute; a trabajar y cuando regres&eacute;, hab&iacute;a abortado. La llev&eacute; al pueblo donde v&iacute;v&iacute;amos Poblado Miguel Alem&aacute;n- vieron que el lugar no era de comptencia para el caso, es solo emergencia, y la trasladaron al hos&iacute;tal de Hermosillo. Desde ese momento, yo me quise subir a la ambulancia y la polic&iacute;a no me lo permiti&oacute;. Despu&eacute;s fu&iacute; al Hospital de La Madre o de la mam&aacute; a buscarla. Me dijeron que s&iacute; estaba ah&iacute;, pero ya no me permitieron ni verla. Es m&aacute;s, dijeron que no deb&iacute;a ni acercarme a ella.Ella se acababa de hacer ultrasonido y todo estaba bien. Yo ese d&iacute;a trabaj&eacute; toda la noche. Por eso no s&eacute; qu&eacute; pas&oacute; y posiblemente me culparon a m&iacute;. Averiguaron con los patrones y se enteraron de que yo hab&iacute;a estado trabajando. Por eso no hab&iacute;a derecho a que me culparan o me negaran verla.</p>\n','Dato no disponible',4,'Dato no disponible','Ma. Engracia Robles','Dato no disponible','Dato no disponible','','','Dato no disponible','',NULL,NULL,NULL,NULL,NULL,NULL,NULL,NULL,'Dato no disponible','Dato no disponible','Dato no disponible','Dato no disponible'),(147,NULL,'2014-10-04 00:00:00',1,2,4,'Ramificación familiar',1,'amigo',2,'Dato no disponible',2,'Dato no disponible','Dato no disponible','cruzar',NULL,1,9,1,'Dato no disponible','1500 usd',NULL,'todavia no ha cruzado','Dato no disponible','2014-09-28 18:00:00','Dato no disponible','Santa Cruz',26,1,'dentro de un parque','Reten','ninguna','Revisión',NULL,4,10,'no aplica','no aplica','7 o 6','Aguirre','no','azulkkk','Municipal','Dato no disponible',5,1,'ram 2014','<p>\n	Estaban en el parque de Santa Cruz, Sonora y llego la pollicia municipal.&nbsp; Les gritaron &quot;cuantos son? que hacen aqui?&quot; y dijimos que nada, y nos gritaron, &quot;subense! subense!&quot;&nbsp; Nos subimos y nos llevaron a la comandancia.&nbsp; Quisieron culparnos todos de ser polleros, nos quitaron todas nuestras cosas, me quitaron mi celular y 10 dolares.&nbsp; Llegando a la comandancia, me golpearon..&nbsp; Nos tuvieron 5 dias, y a los centroamericanos querian 5000 dolares de cada uno para soltarnos.&nbsp; Nos tuvieron encerrados pero nunca tomaron nuestros nombres y tambien al pollero le pidieron el dinero para dejarnos salir.&nbsp; Nos amenazaron con que iban a llamar a grupo beta y que nos iban a deportar y que a mi me iban a mandar a Sinaloa.&nbsp; Vi al comandante 2 veces y una de estas veces entro con una bolsa lleno de dolares.&nbsp; En una de las veces que salieron de la comandancia, nos escapamos.&nbsp; En los 5 dias, solo nos dieron de comer 2 veces.&nbsp; Una vez al dia y despues de 2 dias no nos dieron nada.&nbsp; No nos dejaron hacer llamadas tampoco.</p>\n','Dato no disponible',2,'Dato no disponible','Marla Conrad','Dato no disponible','Dato no disponible','','','comandante era alto, gordo','',NULL,NULL,NULL,NULL,NULL,NULL,NULL,NULL,'Si','En  la frontera','chaparra, gordo','flaco, andaba d'),(148,NULL,'2014-10-10 00:00:00',1,1,1,'Falta de trabajo',1,'Dato no disponible',1,'Al cruzar la frontera',2,'Dato no disponible','Dato no disponible','Regresar a México',NULL,1,13,2,'Dato no disponible','Dato no disponible',NULL,'Altar, Son','Dato no disponible','2014-09-20 21:00:00','Dato no disponible','Altar, Son',26,1,'Al frente de la Iglesia, caminando','Vía pública','Me subieron a la Patrulla, me preguntaron de dónde','Detectaron su aspecto de migrante',NULL,1,10,'Chiahuahua','Altar','2','Dato no disponible','No','Negro','Policía Estatal','Si',9,1,'Dato no disponible','<p>\n	Yo iba a comer y pas&eacute; frente al templo en Altar. Ah&iacute; me pararon, me dijeron que me subiera a la patrulla, me sub&iacute;, me revisaron, me sacaron el dinero que tra&iacute;a, los 1000.00 y ya me dejaron ir. Cuando vi la cartera, ya estaba vac&iacute;a.</p>\n','$ 1000.00',2,'Canalización a una instancia','Ma. Engracia Robles Robles','Dato no disponible','Dato no disponible','','','No se acuerda','',NULL,NULL,NULL,NULL,NULL,NULL,NULL,NULL,'Si','Dato no disponible','Dato no disponible','Dato no disponible'),(150,NULL,'2014-10-16 00:00:00',2,2,0,'Falta de trabajo',2,'Pareja',2,'Dato no disponible',2,'Dato no disponible','Dato no disponible','Regresar a su lugar de origen',NULL,1,2,2,'Dato no disponible','Dato no disponible',NULL,'No sabía','Dato no disponible','2014-08-11 00:00:00','Dato no disponible','Navajas',22,1,'Arriba del tren','A bordo del propio transporte','Por grabar con el celular','Revisión',NULL,7,4,'Apazco','Guanajuato','2','Dato no disponible','No','Negro y encapuchados','Letras blancas al frente','Si',4,NULL,'Dato no disponible','<p>\n	Viajaba con Samuel Alexander Rivera. Migrante hondure&ntilde;o con quien est&aacute; en uni&oacute;n libre.</p>\n<p>\n	Testigos de homicidio y v&iacute;ctimas de tentativa de homicidio.</p>\n<p>\n	&nbsp;</p>\n<p>\n	Los polic&iacute;as que dispararon iban en el mismo tren, estaban en las escaleritas que est&aacute;n en medio de los vagones.</p>\n<p>\n	&nbsp;</p>\n<p>\n	Canalizado por Iniciativa Kino para la Frontera para su regularizaci&oacute;n por razones humanitarias.</p>\n<p>\n	Al d&iacute;a siguiente de entrevistarlos dijeron que ya no quer&iacute;an iniciar el tr&aacute;mite de regularizaci&oacute;n de estancia en M&eacute;xico porque no ten&iacute;an d&oacute;nde quedarse y no ten&iacute;an trabajo, diciendo que regresar&iacute;an a sus pa&iacute;ses de origen.</p>\n<p>\n	El 24 de octubre, por un periodista de los EUA que est&aacute; documentando el caso,&nbsp; nos enteramos que se movieron a Tijuana.</p>\n<p>\n	El 27 de octubre, por una compa&ntilde;era de trabajo que labora en la Casa del Migrante en Tijuana, nos enteramos que est&aacute;n all&aacute; y desean iniciar su regularizaci&oacute;n y ella les dar&aacute; el acompa&ntilde;amiento.</p>\n','Dato no disponible',2,'Dato no disponible','Perla Del Angel','Dato no disponible','Dato no disponible','6c65d-declaracion_nancy-1-3.pdf','697cd-declaracion_nancy-4-6.pdf','Dato no disponible','',NULL,NULL,NULL,NULL,NULL,NULL,NULL,NULL,'Si','Dato no disponible','Dato no disponible','Dato no disponible'),(151,NULL,'2014-10-27 00:00:00',2,1,0,'Ramificación familiar',1,'Dato no disponible',2,'Dato no disponible',2,'Dato no disponible','Dato no disponible','Radicar en México',NULL,1,18,2,'Dato no disponible','Dato no disponible',NULL,'No lo tenía previsto','Dato no disponible','2014-10-23 11:00:00','Dato no disponible','Agua Prieta',26,1,'Carretera','Reten','Retén','Revisión',NULL,15,1,'Chihuahua','Agua Prieta','5','Dato no disponible','No','Azul. Camisa beige','PGR','Dato no disponible',NULL,NULL,'Dato no disponible','<p>\n	Tom&eacute; el autob&uacute;s en Chihuahua, Chihuahua para llegar a Agua Prieta, Sonora, yo ven&iacute;a sola. Entrando a Agua Prieta (23/10/14 - 11:00 - 12:00hrs) nos bajaron unos polic&iacute;as de la PGR (lo vi en sus uniformes), nos bajaron a varias personas,&nbsp; quiz&aacute; entre 10 y 15 personas, creo que todos eran migrantes y no se si eran mexicanos o no, porque les pidieron dinero; despu&eacute;s a todos dejaron subir al autob&uacute;s y a m&iacute; no, el autob&uacute;s se fue sin mi. Yo andaba con las identificaciones de mi esposo y de mi primo, ellos est&aacute;n al otro lado, yo quer&iacute;a ir a Estados Unidos a reunirme con mi esposo, por eso tra&iacute;a su identificaci&oacute;n. Pero eran como 5 de la PGR, 3 hombres y 2 mujeres;&nbsp; una de las mujeres de la PGR (oficial 1) es la que me revis&oacute;, me toc&oacute; mi cuerpo y me sac&oacute; la cartera, ah&iacute; yo tra&iacute;a las identificaciones y s&oacute;lo un billete de 500 pesos, me lo sac&oacute;, quien se qued&oacute; con el dinero fue el otro de la PGR (oficial 2).</p>\n<p>\n	Cuando me preguntaron de d&oacute;nde era y yo respond&iacute; que de Nicaragua, ellos me dijeron &quot;si tienes alguien que responda por t&iacute; nosotros te llevamos con un pollero y te llevamos a un hotel&quot;, en ese momento a m&iacute; me dio mucho miedo, pero cuando yo le dije que no ten&iacute;a a nadie y que ven&iacute;a sola ya no siguieron y despu&eacute;s pararon a otro autob&uacute;s que me dej&oacute; en una estaci&oacute;n de autobuses aqu&iacute; en Agua Prieta.</p>\n<p>\n	No vi patrullas ni otros carros, estaba muy nerviosa.</p>\n<p>\n	OBSERVACIONES:</p>\n<p>\n	Lucina fue violada en Chiapas por tres elementos del Ej&eacute;rcito, hace aproximadamente 20 d&iacute;as, despu&eacute;s del ataque no ha recibido atenci&oacute;n m&eacute;dica por lo que se le ofreci&oacute; acompa&ntilde;amiento al Hospital para una revisi&oacute;n, tambi&eacute;n para una denuncia ante el Ministerio P&uacute;blico lo que le dar&iacute;a el derecho a regularizar su estancia en M&eacute;xico; ella acept&oacute; todo, expres&oacute; su deseo de quedarse aqu&iacute; para trabajar.</p>\n<p>\n	27.10.14 Pendiente: continuar ma&ntilde;ana con la entrevista, ella dijo sentirse cansada.</p>\n<p>\n	28.10.14 No regres&oacute; al CAME y no avis&oacute; al coordinador, coment&oacute; a migrantes hospedados en la Casa que ya se iba.</p>\n<p>\n	&nbsp;</p>\n','Dato no disponible',2,'Dato no disponible','Perla Del Angel','Dato no disponible','Dato no disponible','','','Mujer: blanca, ojos claros, complexión robusta, ca','',NULL,NULL,NULL,NULL,NULL,NULL,NULL,NULL,'Si','Dato no disponible','Hombre: Gordito','Dato no disponible'),(152,NULL,'2014-10-23 00:00:00',2,1,0,'Violencia/Seguridad',1,'Dato no disponible',2,'Dato no disponible',NULL,'Dato no disponible','Dato no disponible','Moverse a Guadalajara',NULL,1,9,2,'Dato no disponible','Dato no disponible',NULL,'Dato no disponible','Dato no disponible','2014-10-22 00:00:00','Dato no disponible','Agua Prieta',26,1,'Vía pública','Vía pública','Estar afuera de un OXXO','Detectaron su aspecto de migrante',NULL,0,10,'Dato no disponible','Dato no disponible','2','Dato no disponible','No','Azul marino','Dato no disponible','Si',9,1,'Dato no disponible','<p>\n	Llego a un OXXO de la 44 a descansar y estando sentado llega una patrulla con dos uniformados a bordo y sin preguntar nada, me pidieron la cantidad de $150 pesos mn, amenaz&aacute;ndome que si no les daba la cantidad solicitaa me dentendr&iacute;an por vagancia, sac&aacute;ndome la credencial de elector y tomando mis datos personas y amenaz&aacute;ndome que si lo repotaba a alguien me partir&iacute;an toda&nbsp; mi madre, ya que ten&iacute;an todos mis datos. Cabe mencionar que se tapaban los nombres del uniforme y el n&uacute;mero de la unidad. Siendo dos personas altas, morenas, gordos y muy vulgares como para ser polic&iacute;as y que se supone que son preparadas en una academ&iacute;a, demostrando que no existe tal academ&iacute;a en Agua Prieta, Sonora. Cabe hacer menci&oacute;n que por unos pierden todos y ojal&aacute; los buenos polic&iacute;as se&ntilde;alen a los culpables y limpien el nombre de la polic&iacute;a de Agua Prieta, Sonora.</p>\n','150 pesos',2,'Dato no disponible','Adalberto Ramos','Dato no disponible','Dato no disponible','','','Hombre, alto, moreno, gordo','',NULL,NULL,NULL,NULL,NULL,NULL,NULL,NULL,'Si','Dato no disponible','Hombre, alto,  ','Dato no disponible'),(153,NULL,'2014-11-11 00:00:00',1,1,1,'Falta de trabajo',1,'Dato no disponible',1,'Vivías en USA',2,'Dato no disponible','Dato no disponible','Intentar de nuevo',NULL,1,8,2,'Dato no disponible','Dato no disponible',NULL,'Sonoíta','Dato no disponible','2014-11-10 00:00:00','Dato no disponible','Nogales',26,1,'Estación del tren','Afuera de la terminal de transporte','Esperando el tren con otro compañero','Intentar viajar',NULL,3,10,'Dato no disponible','Dato no disponible','3','No porque hablan como en clave. Uno de ellos daba ','No, sólo hablaba como chilango.','Uniformados color negro.','Policía Federal','No',NULL,NULL,'Dato no disponible','<p>\n	Estabamos los tres esperando el tren. Lleg&oacute; uno y nos pregunt&oacute; para d&oacute;nde &iacute;bamos. Le dijimos que para Hermosillo. Dijo que no nos &iacute;bamos a subir al tren. Nos quisimos venir para el albergue y dijo que no nos movi&eacute;ramos de ah&iacute;. Tom&oacute; el radio y dijo: Aqu&iacute; tenemos tres trampas. Se retir&oacute; un poco y sigu&oacute; hablando con el radio. Luego me dijo am&iacute;- el menos d e edad, hondure&ntilde;o- ret&iacute;rate. Y tambi&eacute;n hizo a un lado al otro. Y empez&oacute; a golpear a Eric. Y &eacute;l dec&iacute;a: Ustedes los catrachos valen madre. Quieren ver? Y nos empez&oacute; a golpear. A Eric le di&oacute; como 13 ca&ntilde;onazos con la pistola. A m&iacute;- dice el menor, me dijo: No me importa que seas menor. Ya vas a ver que aq&iacute; los hondure&ntilde;os valen madre.&quot; &Eacute;ramos tres nosotros. Pero s&oacute;lo uno nos golpe&oacute;. Otro le dec&iacute;a que no nos agrdiera. Y &eacute;l segu&iacute;a agredi&eacute;ndonos. Y dec&iacute;a: digan lo que hicieron. Qu&eacute; &iacute;bamos a decir? Si no est&aacute;bamos haciendo nada. Dec&iacute;a que le est&aacute;bamos aventando piedras y dec&iacute;a: Di la verdad. Pero qu&eacute; &iacute;bamos a decir, si no est&aacute;bamos haciendo nada.</p>\n<p>\n	Tomaron fotos a los documentos porque pidieron que sac&aacute;ramos diocumentos. El oficial se fue a traer el tel&eacute;fono y uno de ellos nos dijo: V&aacute;yanse porque si no los va a seguir golpeando y ech&eacute; las cosas y nos venimos a la casa del migrante, al albergue.</p>\n','Dato no disponible',NULL,'Dato no disponible','Ma. Engracia Robles Robles','Dato no disponible','Dato no disponible','','','Encapuchados, alto, delgado. Habla como chilango.','',NULL,NULL,NULL,NULL,NULL,NULL,NULL,NULL,'Si','Dato no disponible','Otro menos alto','Dato no disponible'),(154,NULL,'2014-11-12 18:31:00',2,2,1,'Falta de trabajo',2,'Dato no disponible',1,'Vivías en USA',2,'Dato no disponible','Dato no disponible','Regularización de estancia en México',NULL,1,8,2,'Dato no disponible','Dato no disponible',NULL,'Agua Prieta','Dato no disponible',NULL,'Dato no disponible','Tierra Blanca',30,1,'Tren/Vías del tren','Afuera de la terminal de transporte','Dato no disponible','Revisión',NULL,NULL,NULL,'Dato no disponible','Dato no disponible','Dato no disponible','Dato no disponible','Dato no disponible','Dato no disponible','Dato no disponible','Dato no disponible',NULL,NULL,'Dato no disponible',NULL,'Dato no disponible',NULL,'Dato no disponible','Perla Del Angel','Dato no disponible','Dato no disponible','','','Dato no disponible','',NULL,NULL,NULL,NULL,NULL,NULL,NULL,NULL,'Dato no disponible','Dato no disponible','Dato no disponible','Dato no disponible'),(155,NULL,'2014-11-21 00:00:00',1,1,1,'Ramificación familiar',1,'Dato no disponible',1,'Vivías en USA',1,'Primos y amigos','Están en la cárcel','Volver a intentar',NULL,1,8,1,'Dato no disponible','6000.00 + 5000. Dólares',NULL,'Altar, Sásabe','Dato no disponible','2014-11-17 18:00:00','Dato no disponible','Altar',26,1,'Una farmacia donde entré para comprar suero','Vía pública','Salí de la farmacia y me pidieron dinero \"o te mue','Detectaron su aspecto de migrante',NULL,2,10,'Dato no disponible','Dato no disponible','4','Dato no disponible','Dato no disponible','El de la policía federal, chaleco antibalas.','Policía Federalo','Si',9,1,'no, estaba lejos.','<p>\n	Sal&iacute; de la farmacia, dos estaban en la esquina, otros dos en la troca. Nos dijeron &quot;vente pa ac&aacute;&quot; Y me llevaron como a 20 metros. Luego dijo que le diera mi cartera. quer&iacute;a ver mi credencial de elector. Se di&oacute; cuenta que hab&iacute;a billetes de 1000.00(2) y de 500.00(3) El me dijo que diera algo para el &quot;chesco&quot; y cuando dijo saquen la cartera estaba con el arma amenazando. Me quit&oacute; los 3000.00 y me dej&oacute; la cartera s&oacute;lo con 500.00 Luego dijo: &quot;Ya se pueden ir, nom&aacute;s no abran la boca&quot;. Se fueron y ya nos fuimos despacito para la casa. Despu&eacute;s de eso entramos al desierto y estoy aqu&iacute; deportado.</p>\n','Dato no disponible',NULL,'Dato no disponible','Ma. Engracia Robles','Dato no disponible','Dato no disponible','','','Dos altos, morenos','',NULL,NULL,NULL,NULL,NULL,NULL,NULL,NULL,'Si','En  la frontera','Dato no disponible','Dato no disponible'),(156,NULL,'2014-11-15 00:00:00',1,2,0,'Falta de trabajo',2,'Otros tres compañeros',2,'Dato no disponible',2,'Dato no disponible','Dato no disponible','Ir a trabajar a Caborca',NULL,1,8,2,'Dato no disponible','Dato no disponible',NULL,'Dato no disponible','Dato no disponible','2014-11-15 00:00:00','Dato no disponible','Nogales',26,1,'Vias del Tren','Afuera de la terminal de transporte','Llegamos hasta la estación y dijo la Policía que e','Intentar viajar',NULL,3,4,'Hermosillo','Nogales','4','Dato no disponible','No','Azul','Policía Federal','No',NULL,NULL,'Dato no disponible','<p>\n	<strong>Ven&iacute;amos de Hermosillo . Llegamos. Ven&iacute;amos a Caborca a trabajar, nos dormimos y nos pasamos. llegando, en la estaci&oacute;n, nos bajaron del tren y nos golpearon. No les dijimos nada, nos dijeron que nos baj&aacute;ramos, que estaba prohibido entrar ah&iacute; porque era zona federal. Y al bajar nos empezaron a golpear. Nos golpearon con la cacha de la pistola, A m&iacute; con uno ya no me pude levantar, me dej&oacute; tirado. No pod&iacute;a ni respirar . A m&iacute;, porque quer&iacute;a alegarle mi defensa, empezaron a agredirme, que es su trabajo, que les est&aacute;bamos faltando al respeto, que porque no hicimos caso de bajarnos inmediatamente que nos dijeron. A m&iacute; me llevaron a un cuartito y all&iacute; nos golpearon, nos patearon, Nunca me dej&oacute; hablar mi derecho, s&oacute;lo me golpeaba. Ellos nos sacaron para afuera con la amenaza de que si nos volv&iacute;a a ver ah&iacute; nos iba a golpear. Ah&iacute; lleg&oacute; un chabalo y nos pregunt&oacute; qu&eacute; ten&iacute;amos. Nos subi&oacute; al carro y nos llev&oacute; a la cl&iacute;nica. Adjuntamos el documento. Ellos est&aacute;n aqu&iacute; que no se pueden casi ni mover por el dolor que traen de los golpes. El era flaco, delgado, alto, g&uuml;ero, anda con lentes negros.</strong></p>\n','Dato no disponible',3,'Dato no disponible','Ma. Engracia Robles Robles','Dato no disponible','Dato no disponible','','','Uno alto, blanco. Fue el que nos golpeó','Van al hospital para radiografías por si hay fracturas de costillas.',NULL,NULL,NULL,NULL,NULL,NULL,NULL,NULL,'Si','Dato no disponible','Dato no disponible','Dato no disponible'),(157,NULL,'2014-11-15 00:00:00',1,1,7,'Ramificación familiar',1,'Dato no disponible',1,'Dato no disponible',1,'Hijos','Sí.','Intentar de nuevo',NULL,1,8,1,'Dato no disponible','4 500 dólares sólo por cruzarla y llevarla. Todo l',NULL,'3 por Agua Prieta, 2 por Naco','Dato no disponible','2014-08-11 11:00:00','Dato no disponible','Agua Prieta',26,1,'Carretera','Reten','Revisión arbitraria','Revisión',NULL,3,3,'Agua Prieta','Naco','2','No, estaba muy nerviosa','No','Azul','Policía Federal','Si',9,1,'No vió.','<p>\n	Ven&iacute;amos en taxi los 4 y nos cobraba 500.00. Dividido nos tocaba 125 a cada uno. Ven&iacute;amos por la carretera y vimos pasar a los federales. Al rato ya ven&iacute;an tras de nosotros y nos prendieron las luces. Tard&oacute; el chofer en encontrar lugar. Nos baj&oacute; y nos pidieron nuestros documentos. Como yo hab&iacute;a perdido mi documento, le dije que no ten&iacute;a . Le mostr&eacute; el papel de deportacci&oacute;n. Cuando nos dijeron que nos bajaramos, nos preg. a d&oacute;nde &iacute;bamos. Dijimos que a Naco a recoger nuestras pertenencias. Dijeron que nos iban a revisar. Revisaron el carro . Luego de ver todo , a m&iacute; me llamaron para detr&aacute;s del carro de ellos y me preguntaron de d&oacute;nde era. Di toda mi informaci&oacute;n. Yo llevaba dos tel&eacute;fonos : uno m&iacute;o y otro para ser guiada. Como yo ven&iacute;a delante y tra&iacute;ua dos tel&eacute;fonos me dijeron que dijera la verdad. Supon&iacute;an que yo era la pollera. Yo les dije que no. Me dijeron que ellos iban a hablar a Naco y que si yo trabajaba para los de all&aacute;, dijeron, &quot;no te va a ir nada bien&quot; Pues hablen, les dije. Yo no tengo nada que ver. Yo voy por mis pertenencias. Empez&oacute; a revisar mis tel&eacute;fonos, todas mis cosas. Fotos, mensajes. Yo le reclam&eacute; que no ten&iacute;a por qu&eacute; revisarme. El a fuerzas quer&iacute;a que yo dijera que era la pollera. Luego le dijo al taxista que se fuera y dej&oacute; ir a todos los dem&aacute;s y me qued&eacute; sola con &eacute;l. Me dijo que le diera $5 000.00. Yo le dije que no ten&iacute;a nada. El dijo que hablara a los familiares para que me depositaran. Ellos dijeron que me iban a llevar a que yo recogiera el dinero. Yo les dije: Mis familiares no van a mandar. Dijeron: Pero te iban a mandar para que pases. Yo les dije: S&iacute; para que pase, pero no para regal&aacute;rselos a ustedes. Me subieron al carro y me llevaron para Agua Prieta. Yo les dije: Pues det&eacute;nganme e invest&iacute;guenme, pero no l&ntilde;es voy a dar el dinero. Ellos quer&iacute;an que me mandaran a mi nombre. Yo no llevaba credencial, creo que eso me salv&oacute; porque no se lo pod&iacute;an depositar a nombre de ellos. Como no pudieron hacer nada, pues me dejaron ah&iacute; en un lugar. Tuve que caminar preguntando para llegar a la terminal de autobuses.</p>\n','Dato no disponible',2,'Dato no disponible','Ma. Engracia Robles Robles','Dato no disponible','Dato no disponible','','','Dato no disponible','',NULL,NULL,NULL,NULL,NULL,NULL,NULL,NULL,'Si','Cuando salió de','Dato no disponible','Dato no disponible'),(158,NULL,'2014-11-25 00:00:00',1,1,4,'Falta de trabajo',1,'Dato no disponible',1,'Al cruzar la frontera',2,'Dato no disponible','Dato no disponible','Intentar otra vez',NULL,1,4,2,'Dato no disponible','Dato no disponible',NULL,'Laredo, Agua Prieta, Matamoiros, ','Dato no disponible','2014-11-16 14:00:00','Dato no disponible','No supe',8,1,'Carrretera',NULL,'Revisión porque había parado el autobús.','Revisión',NULL,1,1,'Chihuahua','Tijuana','2','Dato no disponible','No','Camisa como verde olivo','Instituto Nacional de Migración.','Si',12,1,'No me fijé','<p>\n	Yo ven&iacute;a en un autob&uacute;s de Chihuahua. Lo tom&eacute; a las 8 de la ma&ntilde;ana y esto que sucedi&oacute; fue como a las dos de la tarde. La combi alcanz&oacute; al autob&uacute;s, lo par&oacute; y subieron a checar papeles. A m&iacute; me bajaron y me metieron a la combi con el oficial. Me preguntaron de d&oacute;nde era. Si sab&iacute;a leer y escribir. Me dijo que yo, como hondure&ntilde;o, no val&iacute;a nada. La primera amenaza fue deportarme si no le daba el dinero que tra&iacute;a porque nosotros los hondure&ntilde;os no ten&iacute;amos nada que hacer aqu&iacute; en M&eacute;xico. Cuando saqu&eacute; los papeles para decir que era hondure&ntilde;o, vieron que tra&iacute;a dinero. Yo todav&iacute;a traigo las manos negras de pelar nueces que fue en lo que me gan&eacute; el dinero que tr&iacute;a que eran $ 1 800.00. Me orden&oacute; que sacara el dinero y lo pusiera en el asiento, si no me arrestaba, Yo le ped&iacute; que me dejara aunque sea para un kilogramo de tortillas. Me dijo que no y todo me lo quit&oacute;. Luego me dijo que no dijera nada ac&aacute; para donde ven&iacute;a porque de todas formas me arrestar&iacute;an aqu&iacute; y me llevar&iacute;an para donde estaban ellos mismos. Yo todav&iacute;a les dije que lo iban a pagar con Dios y nada m&aacute;s se ri&oacute;.</p>\n<p>\n	Eso fue lo de Migraci&oacute;n.</p>\n<p>\n	En un Oxo, en San Luis Potos&iacute; yo entr&eacute; y ellos iban llegando ah&iacute;. Era la polic&iacute;a Estatal. Me pidieron papeles y en donde vieron dinero, me arrebataron de las mano la billetera. Ah&iacute; solo tra&iacute;a 720.00 que hab&iacute;a ganado de ayudante de construcci&oacute;n ah&iacute; mismo en San Luis. Me lo arrebataron. Y ya nom&aacute;s dijeron que me fuera. Una se&ntilde;ora les dijo: el gobierno no les para para eso, para que le anden quitando el dinero a la gente. Y nada m&aacute;s les di&oacute; risa.</p>\n','$ 1800.00 y $ 720.00',2,'Dato no disponible','Ma. Engracia Robles','Dato no disponible','Dato no disponible','','','Chaparrito, ojos como borrados...','',NULL,NULL,NULL,NULL,NULL,NULL,NULL,NULL,'Si','Dato no disponible','Dato no disponible','Dato no disponible'),(159,NULL,'2014-11-26 00:00:00',1,2,1,'Falta de trabajo',2,'Amigas',2,'Dato no disponible',2,'Dato no disponible','Dato no disponible','Regresar a mi casa',NULL,1,8,1,'Dato no disponible','$ 50 000.00',NULL,'Sonoíta','Dato no disponible','2014-11-20 08:00:00','Dato no disponible','Santa Ana',26,1,'El Autobús','A bordo del propio transporte','Revisión','Revisión',NULL,30,2,'Oaxaca','Naco','4','No. Estaban encapuchados','Dato no disponible','Azul obscuro','Policía Federal','Si',NULL,NULL,'Dato no disponible','<p>\n	Pararon el autobus. Subieron 4 agentes. Preguntaron de d&oacute;nde ven&iacute;amos y a d&oacute;nde &iacute;bamos. Dijimos que &iacute;bamos a buscar trabajo. Unos muchachos. como a 6, los metieron al ba&ntilde;o y ah&iacute; los golpeaban. Luego nos pidieron 1000.00 a cada uno. A otro le quitaron 3 000.00 y tanto. A otro mil y su celular . A todos les fueron quitando. A unos compa&ntilde;eros les quitaron todo y los dejaron sin nada. A los hombres les hablaban bajito, no se escuchaba lo que les dec&iacute;an, Dijeron que si no les entreg&aacute;bamos lo que ped&iacute;an, nos bajaban y nos quitaban todo. El chofer no dijo nada. Ya que nos quitaron todo ese dinero nos dejaron ir.</p>\n','Arriba de 40 000.00',2,'Dato no disponible','Ma. Engracia Robles','Dato no disponible','Dato no disponible','','','Una mujer','',NULL,NULL,NULL,NULL,NULL,NULL,NULL,NULL,'Si','Cuando salió de','Dato no disponible','Dato no disponible'),(160,NULL,'2014-11-26 00:00:00',1,2,0,'Falta de trabajo',2,'Amigos',2,'Dato no disponible',2,'Dato no disponible','Dato no disponible','No sé porque los otros amigos me dejaron.',NULL,1,8,2,'Dato no disponible','Dato no disponible',NULL,'Dato no disponible','Dato no disponible','2014-11-23 05:00:00','Dato no disponible','Nogales',26,1,'Estación del Tren','Afuera de la terminal de transporte','Se durmieron y llegaron hasta la estación. Los baj','Intentar viajar',NULL,2,4,'D.F.','Nogales','3','Dato no disponible','Dato no disponible','Azul obscuro','Policía Federal','No',NULL,NULL,'Dato no disponible','<p align=\"left\">\n	Ven&iacute;amos en el tren. Nos dormimos. Cuando llegamos a Nogales, el que subi&oacute; al tren a revisar nos despert&oacute; y nos dijo que nos baj&aacute;ramos. El nos entreg&oacute; a la Polic&iacute;a que nos fue a revisar pero fue una revisi&oacute;n en que nos golpeaba a cada paso, porque nos puso en la pared para revisi&oacute;n y nos daba patadas. La revisi&oacute;n consist&iacute;a solo en golpearnos,&nbsp; verbalmente nos ofend&iacute;a y agred&iacute;a. Dijo que no est&aacute;bamos en nuestro pa&iacute;s, y que nos cre&iacute;amos muy ac&aacute;. Nos amenaz&oacute; con arma. &quot;A m&iacute; casi me ahogaba.&quot;</p>\n<p align=\"left\">\n	&nbsp;</p>\n','Dato no disponible',3,'Canalización a una instancia','Ma. Engracia Robles Robles','Dato no disponible','Dato no disponible','','','Alto, delgado con acento del D.F.','',NULL,NULL,NULL,NULL,NULL,NULL,NULL,NULL,'Si','Dato no disponible','Dato no disponible','Dato no disponible'),(161,NULL,'2014-12-01 00:00:00',1,1,1,'Violencia/Seguridad',1,'Dato no disponible',2,'Dato no disponible',2,'Dato no disponible','Dato no disponible','Esperar a Marla para ver qué solución puede tener ',NULL,1,8,2,'Dato no disponible','Dato no disponible',NULL,'Es residente. Sólo que no trae ningún comprobante ','Dato no disponible','2014-11-30 21:30:00','Dato no disponible','Nogales',26,1,'En la estación del ferrocarril','Afuera de la terminal de transporte','Llegó hasta la estación. No sabía que debía bajar ','Intentar viajar',NULL,2,4,'Hermosillo','Nogales','3','Blanco, alto, el otro un trigueñito, el otro forni','Dato no disponible','Azul','Policía Federal','No',NULL,NULL,'Dato no disponible','<p>\n	Yo entr&eacute; a la estaci&oacute;n sin saber. Ah&iacute; me bajaron ellos, me preguntaron de d&oacute;nde era, qu&eacute; estaba haciendo ah&iacute;. Cuando dije que era de Honduras, me insult&oacute;. Dijo: Pinches hondure&ntilde;os, nom&aacute;s vienen a joder aqu&iacute;. Me puso incado y ah&iacute; de una patada me tir&oacute; al suelo y me sigui&oacute; &nbsp;pateando como si yo fuera una culebra. Y me dec&iacute;a que por qu&eacute; no le contestaba. Yo no quer&iacute;a hablar para no ofenderlo pero eso a &eacute;l m&aacute;s lo enojaba y me dijo que si me volv&iacute;a a ver por ah&iacute; me iba a balacer. Me ofendi&oacute; bien gacho, me golpe&oacute; como animal.</p>\n','Dato no disponible',2,'Canalización a una instancia','Ma. Engracia Robles','Dato no disponible','Dato no disponible','','','Dato no disponible','Va a esperar a Marla. Si puede entrar a Estados Unidos, en cuanto tenga el documento, hace la denuncia y luego entra. Así no corre peligro.',NULL,NULL,NULL,NULL,NULL,NULL,NULL,NULL,'Si','Dato no disponible','Dato no disponible','Dato no disponible'),(162,NULL,'2014-12-11 00:00:00',1,2,10,'Falta de trabajo',2,'Amigos',1,'Vivías en USA',2,'Dato no disponible','Dato no disponible','Volver a intentar',NULL,1,8,2,'Dato no disponible','Dato no disponible',NULL,'Mexicali','Dato no disponible','2014-12-09 22:33:00','Dato no disponible','Nogales',26,1,'Estación del tren','Afuera de la terminal de transporte','Nada ','Intentar viajar',NULL,8,4,'Hermosillo','Nogales, Son.','10','No, pero dicen que hablan como los del D.F. que so','Dato no disponible','Azul, del color del que usan los federales','Protección Federal. Tienen en las vías una instala','No',NULL,NULL,'Dato no disponible','<p>\n	Llegamos en el tren. Eramos como 10. Subieron a checar los vagones. Primero &eacute;ramos los dos. Nos llevaron a la oficina y dijeron: &quot; No va a pasar nada, solo unas preguntitas&quot; Nos preguntaron de d&oacute;nde ven&iacute;amos, si tra&iacute;amos drogas, armas, luego nos ordenan tirarnos al piso con las manos en la cabeza . Nos ordenaron sacar todo lo que tra&iacute;amos en la bolsa, Nos comenzaron a golpear de la nada y a decir palabras groseras. Lleg&oacute; uno y dijo: &quot;Ya descuartice a los tres de atr&aacute;s&quot;. A todos nos golpearon. Dec&iacute;an: &quot;No se muevan, porque si se mueven les voy a meter un balazo&quot;. Luego dijeron: &quot; Qu&eacute; quieren? Hay alg&uacute;n joto que quiere que lo violen? Y groser&iacute;as horribles que nos dec&iacute;an y a todos nos patearon, galpearon, insultaron. Luego nos tomaron los datos y dijeron: &quot;a la pr&oacute;xima s&iacute; nos vamos a portar culeros con ustedes. Despu&eacute;s nos ordenaron salir. y al final nos dieron un lonche, platos con papas, lentejas, gal&oacute;n de jugo, vasito de leche. Como para que no dij&eacute;ramos nada. Luego dec&iacute;an: &quot;Y qu&eacute; les hicimos en la estaci&oacute;n&quot;? Ten&iacute;amos que decir: &quot;Nada&quot;. Esa fue la causa de que nos dieran comida.&nbsp;</p>\n<p>\n	Reportan este hecho dos de los agredidos.</p>\n','Solo le quitaron a uno unos guantes de piel.',2,'Canalización a una instancia','Ma, Engracia Robles','Dato no disponible','Dato no disponible','','','El que nos golpeó era el más joven de todos','',NULL,NULL,NULL,NULL,NULL,NULL,NULL,NULL,'Si','Dato no disponible','Dato no disponible','Dato no disponible'),(163,NULL,'2014-12-15 00:00:00',1,1,1,'Ramificación familiar',1,'Dato no disponible',1,'Al cruzar la frontera',1,'Hermanos','Sí','No, regresar a Honduras',NULL,1,8,2,'Dato no disponible','Dato no disponible',NULL,'Reynosa','Dato no disponible','2014-12-07 00:00:00','Dato no disponible','Hermosillo',26,1,'Vía del tren ','Afuera de la terminal de transporte','Yo estaba cociendo unos elotes cerca de la vía.','Intentar viajar',NULL,2,4,'Dato no disponible','Dato no disponible','4','Dato no disponible','Dato no disponible','Azul','Policía Federal','Si',9,1,'Dato no disponible','<p>\n	Yo estaba cociendo unos elotes en el monte al lado de la v&iacute;a. En eso pas&oacute; una patrulla, me vi&oacute; y dijo: Ey muchacho, ven ac&aacute;. Me preguntaron qu&eacute; hac&iacute;a. Me dijeron que eso estaba prohibido. Me hicieron subir a la patrulla con empujones y me llevaron a un lugar solitario. Ah&iacute; me revisaron, se llevaron mi mochila, el tel&eacute;fono, el dinero que tra&iacute;a- $ 500.00 y mis papeles. La c&eacute;dula de mi pais. Ah&iacute; me dejaron. Cuando ypo les dije que me devolvieran mis cosas, me insultaron, se subieron a la patrulla, se fueron y me dejaron solo.</p>\n','$ 500.00',2,'Canalización a una instancia','Ma. Engracia Robles Robles','Dato no disponible','Dato no disponible','','','Guero claro todos','',NULL,NULL,NULL,NULL,NULL,NULL,NULL,NULL,'Si','Dato no disponible','Dato no disponible','Dato no disponible'),(164,NULL,'2014-12-20 00:00:00',1,2,0,'Violencia/Seguridad',2,'Dos amigos',2,'Dato no disponible',2,'Dato no disponible','Dato no disponible','Intentar cruzar',NULL,1,8,2,'Dato no disponible','Dato no disponible',NULL,'Nogales','Dato no disponible','2014-12-19 03:00:00','Dato no disponible','Nogales',26,1,'Vias del tren','Afuera de la terminal de transporte','Solo vernos llegar y el hecho de que le pegó con l','Detectaron su aspecto de migrante',NULL,2,4,'Benjamín Gil','Nogales','4','Dato no disponible','Dato no disponible','Dato no disponible','Dato no disponible','Dato no disponible',NULL,NULL,'Dato no disponible','<p>\n	Yo baj&eacute; del tren y como estaba obscuro pregunt&eacute; al polic&iacute;a por d&oacute;nde era la salida. Y me dijo: &quot;Ven pa ac&aacute; , negro, hijo de tu chin...madre. Deja todas tus cosas. Y en eso golpe&oacute; las manos con la pistola al otro que ten&iacute;a las manos arrib a. Yo le dije que por qu&eacute; nos agred&iacute;a. Que yo era milittar en mi pa&iacute;s y nos ense&ntilde;aban que deb&iacute;amos respetar al ciudadano y nunca ponernos con alguien que estaba desarmado. Entonces &eacute;l me dijo: c&aacute;llate, y me insult&oacute;. T&uacute; no vales nada en este pa&iacute;s. Me golpe&oacute; con el arma, me abr&iacute;o de piernas, me golpe&oacute; las piernas, las costillas y el vientre. iYo como &eacute;l estaba armado, ya no le dije nada. El me pregunt&oacute;: qu&eacute; dijiste? Yo dije: nada, todo est&acute;pa bien. Ten&iacute;a ganas de que dejara el arma y ponernos al t&uacute; por t&uacute;. Vi tambi&eacute;n que era racismo, yo por ser negro me golpe&oacute; m&aacute;s, a los otros ya no los golpe&oacute;.</p>\n','Dato no disponible',2,'Dato no disponible','Ma. Engracia Robles','Dato no disponible','Dato no disponible','','','Gordito y flaco','',NULL,NULL,NULL,NULL,NULL,NULL,NULL,NULL,'Dato no disponible','Dato no disponible','De los dos sigu','Dato no disponible'),(165,NULL,'2014-12-21 00:00:00',2,1,4,'Falta de trabajo',1,'Dato no disponible',1,'Vivías en USA',2,'Dato no disponible','Dato no disponible','Volver a Veracruz',NULL,NULL,NULL,2,'Dato no disponible','Dato no disponible',NULL,'Tijuana','Dato no disponible','2014-12-16 20:00:00','Dato no disponible','Sacramento',8,1,'Afuera de un OXXO','Vía pública','Compra de alimentos en un OXXO ','Detectaron su aspecto de migrante',NULL,0,8,'Sacramento, Chihuahua','Los Hoyos, Chihuahua','Dato no disponible','Dato no disponible','el peinado, el chapo, mireya, claudia','Dato no disponible','Dato no disponible','Si',11,1,'Dato no disponible','<p>\n	Una persona en un trailer en Quer&eacute;taro le dice que le da &ldquo;avent&oacute;n&rdquo;&nbsp; a Tijuana y &eacute;l accede. En un Oxxo en Sacramento, Chihuahua, a las 8 pm, el conductor le pide que vaya por algo de tomar. Jos&eacute; baja del tr&aacute;iler y en lo que llegaba al OXXO, una persona se le acerc&oacute; con un arma y le pidi&oacute; que se subiera a una camioneta RAM en donde iban dos personas m&aacute;s. En la camioneta lo vendaron y media hora despu&eacute;s llegaron a una casa en la Colonia Los Hoyos, Chihuahua. Lo encerraron 3 d&iacute;as y dijeron que no lo soltar&iacute;an hasta que trabajara para ellos. Despu&eacute;s de 3 d&iacute;as accede y lo llevan a otra casa junto a una gasolinera en Sacramento, cerca a donde lo subieron. En ese lugar hab&iacute;a varias mujeres prostitutas y vendedoras de droga. Ah&iacute; le dijeron que ten&iacute;a que vender cristal a los traileros. Le dieron 3 porciones para vender. Jos&eacute; sali&oacute; y se acerc&oacute; a un trailer de carga de carros y se subi&oacute; a escondidas para huir. En la siguiente parada le cont&oacute; al trailero lo sucedido y el trailero lo dej&oacute; en Casas Grandes por temor.</p>\n<p>\n	En Casas Grandes Jos&eacute; se acerc&oacute; a un ret&eacute;n del ej&eacute;rcito y les cont&oacute; lo sucedido pidiendo ayuda pero ellos le dijeron que ten&iacute;a que ir a Ministerio P&uacute;blico, que ellos no le pod&iacute;an ayudar, pero Jos&eacute; decidi&oacute; pedir avent&oacute;n nuevamente a Agua Prieta por temor.</p>\n','Dato no disponible',3,'Dato no disponible','Sarai Cruz','Dato no disponible','012888850651','','','alto, fornido, rubio, pelos parados','',NULL,NULL,NULL,NULL,NULL,NULL,NULL,NULL,'Dato no disponible','Dato no disponible','moreno, bigote,','moreno'),(166,NULL,'2014-12-22 00:00:00',1,1,2,'Falta de trabajo',1,'Dato no disponible',1,'Vivías en USA',2,'Dato no disponible','Dato no disponible','Trabajar  en Nogales',NULL,1,8,1,'Dato no disponible','No le cobraron',NULL,'Sonoíta','Dato no disponible','2014-12-09 03:00:00','Dato no disponible','Navojoa',26,1,'Abajo del camión en el retén','Vía pública','Revisión','Revisión',NULL,1,6,'Mazatlán','Nogales','4','Dato no disponible','No traen ni el nombre','Dato no disponible','Dato no disponible','No',NULL,NULL,'Dato no disponible','<p>\n	Es revisi&oacute;n obligatoria. El Agente te pregunta de d&oacute;nde soy. Le dice que de Costa Rica. Bueno, d&oacute;nde traes la lana. Le dije que no tra&iacute;a. Me empieza a revisar, me levanta la camisa y baja los pantalones, me hace quitar los zapatos y me vuelve a decir que si traigo feria que por ser centro americano e ir a Estados Unidos debo llevar feria, Ya estaba bien enojado. Me dice que me va a pegar con la parte de atr&aacute;s de la l&aacute;mpara. Cuando ya me quer&iacute;a golpear le dije que tra&iacute;a $ 160.00 d&oacute;lares. Ten&iacute;a los tres adelante y los tres acos&aacute;ndome a gritos. Cuando les di el dinero, con toda la tranquilidad y cinismo dicen: Dale pa fuera, ya te puedes ir. Me ten&iacute;an encerrado entre los 4. Entonces ya me sub&iacute; y seguimos el camino.</p>\n','$ 160.00 dólares',2,'Dato no disponible','Ma. Engracia Robles R.','Dato no disponible','Dato no disponible','','','Altos, calvos dos, parecían familia','',NULL,NULL,NULL,NULL,NULL,NULL,NULL,NULL,'Dato no disponible','En  la frontera','Uno parecía bie','Dato no disponible'),(167,NULL,'2014-12-19 19:00:00',2,2,1,'Falta de trabajo',2,'Esposo',1,'Al cruzar la frontera',2,'Dato no disponible','Dato no disponible','Ir a Tijuana a intentar conseguir trabajo',NULL,NULL,2,1,'Dato no disponible','3500',NULL,'Cananea, Sonora','Dato no disponible','2014-12-09 20:00:00','Dato no disponible','Ciudad Juárez y la entrada a Sonora',8,1,'Autobús','A bordo del propio transporte','Parada en la carretera','Revisión',NULL,15,8,'Michoacán','Cananea','Dato no disponible','Dato no disponible','No','Dato no disponible','Dato no disponible','Si',8,2,'No vieron','<p>\n	La se&ntilde;ora junto con su esposo son del municipio Turicato, en Michoac&aacute;n. Debido a la escasez de trabajo decidieron intentar cruzar a los Estados Unidos contratando un servicio particular que es conocido en la zona que incluye el transporte hasta la frontera por Cananea, Sonora y el &uml;Gu&iacute;a&uml; al llegar para el cruce. El costo es de $3,500.00 por persona pero se les informa al subir al autob&uacute;s que tienen que preparar dos cuotas adicionales de $100.00 cada una para &uml;colaborarle&uml; a la polic&iacute;a. Las cuotas adicionales les fueron solicitadas en dos puntos del trayecto, la primera en Ciudad Ju&aacute;rez, Chihuahua y la segunda en la entrada a Sonora. El autob&uacute;s en el que viajaban se deten&iacute;a a un lado de la carretera, el chofer pasaba a cada asiento a recolectar el dinero y posteriormente bajaba y lo entregaba a una persona que iba en un carro particular a pesar de que el chofer les informaba que era una aportaci&oacute;n para la polic&iacute;a, es por eso que no identifican exactamente a qui&eacute;n fue entregado el dinero.</p>\n','$100.00 en cada parada',2,'Dato no disponible','Sarai Cruz','Dato no disponible','Dato no disponible','','','Dato no disponible','',NULL,NULL,NULL,NULL,NULL,NULL,NULL,NULL,'No','Cuando salió de','Dato no disponible','Dato no disponible'),(168,NULL,'2015-01-16 00:00:00',1,1,2,'Falta de trabajo',1,'',1,'Al cruzar la frontera',2,'','','Regresar a su tierra',NULL,1,18,2,'Dato no disponible','',NULL,'Altar y Nogales','California','2014-04-22 00:00:00','Dato no disponible','Santa Ana, Casas Grandes y Durango',26,1,'En Casas grandes en la capillita; la traila y abaj','Reten','Revisión','Revisión',NULL,40,2,'Chiapas','Altar, Sonora','6 u 8 en cada retén','Dato no disponible','','Ministerial','PGR','Si',NULL,NULL,'','<p>\n	Te dicen que te bajes para revisi&oacute;n. Van pasando de uno por uno adentro de la urna. Dicen&quot;saca todo lo que traes&quot;. Revisan la cartera y de la cantidad que traigas te quitan hasta la mitad. A m&iacute; me quitaron $ 2 500. 00 y as&iacute; a todos. A otros de $ 2000. y 3000.00. Y as&iacute; en cada lugar de los tres que ya mencion&eacute;.</p>\n<p>\n	S&oacute;lo en Santa Ana lo hicieron arriba del cami&oacute;n. T&uacute; no puedes decir nada porque te amenazan con que te van a dejar ah&iacute;. Uno que se resisti&oacute; porque tra&iacute;a m&aacute;s de 10 000 y le quer&iacute;an quitar m&aacute;s de la mitan, dijo el oficial: P&aacute;ramelo ah&iacute; y ah&iacute; se va a quedar. Te bajan hasta los pantalones, te quitan los zapatos...</p>\n','',2,'Canalización a una instancia','Ma. Engracia Robles Robles','Dato no disponible','','','','Encapuchados, no se les ve la cara, menos nombres','',NULL,NULL,NULL,NULL,NULL,NULL,NULL,NULL,'Si','','',''),(169,NULL,'2015-01-16 00:00:00',1,1,11,'Otro',1,'',1,'Vivías en USA',2,'','','Buscar trabajo en México en el sur.',NULL,1,9,2,'Dato no disponible','',NULL,'Por diferentes lugares en México.','Calif.','2012-12-10 00:00:00','Dato no disponible','Monterrey',19,1,'Vía del tren esperando que saliera. En Nicolás','Afuera de la terminal de transporte','Llega la policía para Investigar quiénes están y q','Detectaron su aspecto de migrante',NULL,1,4,'','','1','Dato no disponible','','Café','','Si',9,1,'','<p>\n	Lleg&oacute; el oficial y me dijo que la gente se hab&iacute;a quejado porque yo estaba ah&iacute; tirado. Me dijo que sacara todo lo que tra&iacute;a. Cuando saqu&eacute; todo, Me agarr&oacute; el dinero que tra&iacute;a; $ 1 800.00. Como le daba por agarrar la pistola a cada rato, me daba miedo y yo le di el dinero sin protestar.</p>\n<p>\n	El me dijo que quer&iacute;a volverme a ver ah&iacute;. El se fu&eacute; y me dijo que me fuera de ah&iacute; en el tren que saliera. Que no le importaba a d&oacute;nde fuera el tren. S&oacute;lo que saliera de ah&iacute;.</p>\n','1 800.00',2,'Canalización a una instancia','Ma. Engracia Robles Robles','Dato no disponible','','','','Alto, tenía un tic en el cachete izquierdo, delgad','',NULL,NULL,NULL,NULL,NULL,NULL,NULL,NULL,'Si','','',''),(170,NULL,'2015-01-16 00:00:00',1,1,NULL,'',NULL,'',NULL,'',NULL,'','','',NULL,NULL,NULL,NULL,'Dato no disponible','',NULL,'','',NULL,'Dato no disponible','',NULL,NULL,'',NULL,'',NULL,NULL,NULL,NULL,'','','','','','','','',NULL,NULL,'','<p>\n	En Cuauht&eacute;moc, Chih. esperando comprar chicharrones. Ten&iacute;a dinero, acababa de trabajar. Yo estaba acostado en el parque y llegaron dos polic&iacute;as y me patearon y me dijeron que no me quer&iacute;an ver ah&iacute;, que me volviera a amontar en el tren,</p>\n','',NULL,'','Ma. Engracia Robles','Dato no disponible','','','','','',NULL,NULL,NULL,NULL,NULL,NULL,NULL,NULL,'','','',''),(171,NULL,'2015-01-16 00:00:00',1,1,1,'Falta de trabajo',2,'Amigos y hermano',1,'Al cruzar la frontera',1,'Hermano','Dato no disponible','Regresar a su casa',NULL,1,4,1,'Dato no disponible','4500. dólares',NULL,'Altar','Orange','2015-01-15 14:00:00','Dato no disponible','Nogales',26,1,'Migración, al salir','Cerca de oficina de gobierno','Habló por teléfono. Fue el único lugar donde dió e','Detectaron su aspecto de migrante',NULL,NULL,NULL,'','','2 el que me pasó y una muchacha que me hizo la lla','Altita, guerita.','','Pantalón como cafesito y camisa azul marino','Bien vestida.','',NULL,NULL,'','<p>\n	Ayer llegu&eacute; a Migraci&oacute;n. Me ofrecieron hacer una llamada. Ya que me dijeron, dije: pos s&iacute;. Le di el n&uacute;mero a la muchacha. Ella lo marc&oacute;. Cuando se lo di, estaba ah&iacute; otro compa&ntilde;ero. Se peinaba para atr&aacute;s, tama&ntilde;o t&eacute;rmino medio, delgado. Yo hice mi llamada.A la ma&ntilde;ana siguiente, me llam&oacute; mi cu&ntilde;ada diciendo que le hab&iacute;an llamado y que quer&iacute;an el dinero, que ya estaba yo en California. Como mi cu&ntilde;ada no crey&oacute;, colg&oacute; luego porque se le hizo muy pronto de cuando me vine de mi casa.</p>\n','',4,'','Ma. Engracia Robles Robles','Dato no disponible','','','','El que me pasó era como chino de la cabeza y medio','',NULL,NULL,NULL,NULL,NULL,NULL,NULL,NULL,'Si','Cuando salió de','',''),(172,NULL,'2014-12-14 00:00:00',2,1,0,'Falta de trabajo',1,'',2,'',NULL,'','','No sabe si cruzar o intentar quedarse en México',NULL,1,2,2,'Dato no disponible','',NULL,'','','2014-11-25 13:00:00','Dato no disponible','',21,1,'Cerca a unas milpas',NULL,'Parada del tren',NULL,NULL,10,4,'','Orizaba','2','No','','Café y Azul','','No',NULL,NULL,'','<p>\n	En el mes de noviembre, Marvin, migrante proveniente de Honduras, decidi&oacute; cruzar M&eacute;xico buscando llegar a la frontera con los Estados Unidos mediante el transbordo de trenes. El d&iacute;a 25 de noviembre despu&eacute;s de pasar unos t&uacute;neles localizados en Orizaba con destino a Puebla, el tren en el que viajaba realiz&oacute; una parada en un sitio cerca a unas milpas entre las doce y la una de la tarde. Las personas encargadas de la seguridad del tren les pidieron a los aproximadamente 20 migrantes que estaban viajando a bordo que descendieran de &eacute;l. Al bajar, hab&iacute;a dos oficiales esper&aacute;ndolos, uno pertenec&iacute;a a la polic&iacute;a municipal, el cual portaba uniforme caf&eacute; y el otro oficial portaba un uniforme azul. A uno de los migrantes, proveniente de Cuba, le apuntaron con una pistola en la cabeza, utiliz&aacute;ndolo para amenazar al resto de los migrantes, pidi&eacute;ndoles todo el dinero que tra&iacute;an para que los dejaran abordar en el siguiente tren en vez de llamar a las autoridades de Migraci&oacute;n. Los oficiales explicaron que parte del dinero era tambi&eacute;n para apoyarles a los guardias de seguridad del tren con un refresco. Cada migrante dio lo que tra&iacute;a consigo. Marv&iacute;n entreg&oacute; 60 pesos, entonces los oficiales les dijeron que esperaran al siguiente tren al cual ya podr&iacute;an subir. El siguiente tren pas&oacute; aproximadamente a las cuatro de la tarde. Marvin pudo ver c&oacute;mo se detuvo el tren y nuevamente los guardias de seguridad bajaron a los migrantes que ven&iacute;an en &eacute;l para consecutivamente entreg&aacute;rselos a la polic&iacute;a. Mientras, Marvin y el grupo de migrantes que ya hab&iacute;an sido extorsionados pudieron subir al tren y continuar con su trayecto.</p>\n','60 pesos',2,'','Sarai Cruz','Dato no disponible','','','','','',NULL,NULL,NULL,NULL,NULL,NULL,NULL,NULL,'Si','','',''),(173,NULL,'2015-01-23 19:00:00',2,1,1,'Reunificación familiar',1,'',1,'',2,'','','Trabajar en Agua Prieta mientras consigue dinero p',NULL,1,2,2,'Dato no disponible','',NULL,'En 1990 cruzó por Juárez, Chihuahua y va a intenta','Utah','2015-01-12 12:30:00','Dato no disponible','Mexicali',2,1,'Vía pública','7','Detectaron su aspecto de migrante','2',NULL,0,NULL,'','','3','No','No','Azul','Policía Municipal','Si',9,1,'','<p>\n	El d&iacute;a lunes 12 de enero, aproximadamente a las 12 y media del d&iacute;a, Jes&uacute;s P&eacute;rez Villa, migrante proveniente de Honduras, se encontraba en la ciudad de Mexicali en unos sem&aacute;foros cercanos a la Plaza de Toros lavando los parabrisas de los carros para lograr obtener dinero y continuar con su trayecto hasta Ciudad Ju&aacute;rez, Chihuahua, donde pretende intentar cruzar hacia los Estados Unidos. &nbsp;De pronto, al lugar lleg&oacute; una camioneta de la Polic&iacute;a Municipal de la cual descendieron 2 oficiales con uniformes azules e insignias de la Polic&iacute;a Municipal. Los oficiales le gritaron a Jes&uacute;s P&eacute;rez Villa dici&eacute;ndole &uml;ven ac&aacute; hijo de la chingada&uml;. Jes&uacute;s se acerc&oacute; a ellos y lo voltearon y aventaron de manera violenta contra la patrulla comenzando a esculcarlo. Jes&uacute;s comenz&oacute; a hablarles en ingl&eacute;s para ver si lo dejaban libre al pensar que fuera ciudadano de los Estados Unidos, porque cuenta que a otros migrantes les ha funcionado, sin embargo los oficiales no hicieron caso y sinti&oacute; c&oacute;mo le sacaron la cartera. En cuesti&oacute;n de minutos le hicieron la revisi&oacute;n devolvi&eacute;ndole la cartera, lo volvieron a aventar y r&aacute;pidamente los 2 oficiales subieron a la patrulla y se fueron. Posteriormente Jes&uacute;s revis&oacute; su cartera y se percat&oacute; de que le hab&iacute;an quitado todo su dinero. Ten&iacute;a 150 dlls y $100.00 mexicanos. Adem&aacute;s le robaron su celular. Al darse cuenta de &eacute;sta situaci&oacute;n, Jes&uacute;s se acerc&oacute; a una caseta de la polic&iacute;a que hab&iacute;a a unas cuadras para pedir ayuda dando aviso de que los oficiales le hab&iacute;an quitado sus pertenencias. Una oficial escuch&oacute; su historia, sin embargo le contest&oacute; que si &eacute;l no tra&iacute;a papeles mejor que no se metiera en m&aacute;s problemas y olvidara lo sucedido.</p>\n','150 dlls, $100.00 y su celular',NULL,'','Sarai Cruz','Dato no disponible','','','','Alto, delgado, moreno','',NULL,NULL,NULL,NULL,NULL,NULL,NULL,NULL,'Si','','Estatura media','Mujer morena');
/*!40000 ALTER TABLE `denuncias` ENABLE KEYS */;
UNLOCK TABLES;

--
-- Table structure for table `derechos`
--

DROP TABLE IF EXISTS `derechos`;
/*!40101 SET @saved_cs_client     = @@character_set_client */;
/*!40101 SET character_set_client = utf8 */;
CREATE TABLE `derechos` (
  `id_derecho` int(11) NOT NULL AUTO_INCREMENT,
  `nombre` varchar(255) NOT NULL,
  PRIMARY KEY (`id_derecho`)
) ENGINE=InnoDB AUTO_INCREMENT=7 DEFAULT CHARSET=latin1;
/*!40101 SET character_set_client = @saved_cs_client */;

--
-- Dumping data for table `derechos`
--

LOCK TABLES `derechos` WRITE;
/*!40000 ALTER TABLE `derechos` DISABLE KEYS */;
INSERT INTO `derechos` VALUES (1,'A la Libertad Personal'),(2,'A la Integridad Personal'),(3,'Al debido Proceso Legal'),(4,'Al Patrimonio'),(5,'Al Trabajo'),(6,'A la Vida');
/*!40000 ALTER TABLE `derechos` ENABLE KEYS */;
UNLOCK TABLES;

--
-- Table structure for table `derechos_violados2denuncias`
--

DROP TABLE IF EXISTS `derechos_violados2denuncias`;
/*!40101 SET @saved_cs_client     = @@character_set_client */;
/*!40101 SET character_set_client = utf8 */;
CREATE TABLE `derechos_violados2denuncias` (
  `id_derecho` int(11) NOT NULL,
  `id_denuncia` int(11) NOT NULL
) ENGINE=InnoDB DEFAULT CHARSET=latin1;
/*!40101 SET character_set_client = @saved_cs_client */;

--
-- Dumping data for table `derechos_violados2denuncias`
--

LOCK TABLES `derechos_violados2denuncias` WRITE;
/*!40000 ALTER TABLE `derechos_violados2denuncias` DISABLE KEYS */;
INSERT INTO `derechos_violados2denuncias` VALUES (2,1),(4,1),(1,2),(1,3),(2,4),(2,5),(1,5),(1,7),(1,9),(1,10),(4,11),(1,12),(4,12),(1,14),(4,14),(2,15),(1,15),(4,15),(1,16),(1,18),(1,19),(4,19),(1,20),(4,20),(1,21),(1,22),(4,22),(1,24),(1,25),(1,26),(4,26),(1,27),(1,28),(4,28),(1,29),(4,30),(2,31),(1,32),(2,33),(1,33),(1,34),(1,35),(4,36),(4,37),(1,39),(4,39),(1,40),(4,40),(2,41),(1,41),(2,43),(4,43),(1,44),(4,44),(1,45),(4,45),(1,47),(4,47),(1,48),(4,48),(1,49),(4,49),(4,50),(2,51),(4,51),(4,52),(2,54),(1,56),(4,56),(2,57),(1,57),(4,58),(2,62),(1,62),(4,62),(2,63),(4,63),(1,64),(1,65),(4,65),(1,66),(4,66),(2,67),(1,67),(4,67),(2,68),(1,68),(1,71),(1,72),(2,74),(1,74),(2,75),(4,75),(2,76),(1,76),(4,72),(1,36),(4,78),(2,79),(1,79),(4,79),(2,80),(4,80),(2,81),(1,81),(4,81),(2,82),(4,82),(2,84),(4,84),(2,86),(4,86),(1,87),(4,87),(4,89),(2,90),(2,91),(4,91),(1,92),(4,92),(2,94),(4,94),(4,95),(2,96),(4,97),(4,98),(2,101),(4,101),(4,102),(1,103),(2,104),(4,104),(2,105),(1,105),(4,105),(1,106),(4,106),(2,99),(1,102),(1,108),(2,110),(1,110),(2,111),(1,111),(4,111),(2,112),(4,112),(2,113),(4,113),(2,114),(2,115),(4,115),(4,5),(1,6),(2,9),(2,10),(2,14),(4,21),(4,24),(2,25),(2,26),(2,32),(2,34),(2,35),(2,42),(1,42),(2,48),(1,50),(1,51),(2,61),(4,61),(1,78),(1,82),(1,84),(2,85),(1,85),(4,85),(1,86),(2,87),(1,89),(1,94),(1,96),(1,98),(4,103),(3,104),(2,107),(1,114),(4,114),(1,118),(4,118),(1,121),(2,122),(1,122),(4,120),(1,123),(4,123),(2,124),(1,124),(2,125),(3,129),(1,130),(4,130),(1,131),(4,131),(1,132),(2,133),(4,133),(1,134),(1,135),(2,136),(1,137),(2,138),(2,140),(1,140),(1,141),(1,142),(4,143),(1,145),(2,147),(1,147),(3,147),(4,147),(4,148),(1,4),(1,11),(2,21),(6,25),(4,33),(1,43),(1,101),(1,120),(1,104),(1,90),(4,125),(2,106),(4,126),(1,107),(4,107),(1,113),(1,115),(1,138),(1,117),(2,139),(2,116),(1,116),(1,95),(4,141),(4,145),(2,142),(4,142),(2,143),(1,97),(2,144),(1,144),(1,148),(2,151),(1,151),(4,151),(2,150),(6,150),(1,152),(4,152),(2,156),(1,156),(2,157),(1,157),(4,158),(4,159),(2,160),(1,160),(2,161),(1,161),(2,162),(1,163),(4,163),(2,164),(1,165),(1,166),(4,166),(4,167),(2,168),(4,168),(4,169),(2,171),(2,172),(4,172),(4,173);
/*!40000 ALTER TABLE `derechos_violados2denuncias` ENABLE KEYS */;
UNLOCK TABLES;

--
-- Table structure for table `estado_civil`
--

DROP TABLE IF EXISTS `estado_civil`;
/*!40101 SET @saved_cs_client     = @@character_set_client */;
/*!40101 SET character_set_client = utf8 */;
CREATE TABLE `estado_civil` (
  `id_estado_civil` int(11) NOT NULL AUTO_INCREMENT,
  `nombre` varchar(45) NOT NULL,
  PRIMARY KEY (`id_estado_civil`)
) ENGINE=InnoDB AUTO_INCREMENT=7 DEFAULT CHARSET=latin1;
/*!40101 SET character_set_client = @saved_cs_client */;

--
-- Dumping data for table `estado_civil`
--

LOCK TABLES `estado_civil` WRITE;
/*!40000 ALTER TABLE `estado_civil` DISABLE KEYS */;
INSERT INTO `estado_civil` VALUES (1,'Soltera(o)'),(2,'Casada(o)'),(3,'Viuda(o)'),(4,'Unión libre'),(5,'Divorciada(o)'),(6,'Otro');
/*!40000 ALTER TABLE `estado_civil` ENABLE KEYS */;
UNLOCK TABLES;

--
-- Table structure for table `estados`
--

DROP TABLE IF EXISTS `estados`;
/*!40101 SET @saved_cs_client     = @@character_set_client */;
/*!40101 SET character_set_client = utf8 */;
CREATE TABLE `estados` (
  `id_estado` int(11) NOT NULL AUTO_INCREMENT,
  `nombre` varchar(255) NOT NULL,
  `id_pais` int(11) DEFAULT NULL,
  PRIMARY KEY (`id_estado`)
) ENGINE=InnoDB AUTO_INCREMENT=43 DEFAULT CHARSET=latin1;
/*!40101 SET character_set_client = @saved_cs_client */;

--
-- Dumping data for table `estados`
--

LOCK TABLES `estados` WRITE;
/*!40000 ALTER TABLE `estados` DISABLE KEYS */;
INSERT INTO `estados` VALUES (1,'Aguascalientes',1),(2,'Baja California',1),(3,'Baja California Sur',1),(4,'Campeche',1),(5,'Coahuila',1),(6,'Colima',1),(7,'Chiapas',1),(8,'Chihuahua',1),(9,'Distrito Federal',1),(10,'Durango',1),(11,'Guanajuato',1),(12,'Guerrero',1),(13,'Hidalgo',1),(14,'Jalisco',1),(15,'Edo. De México',1),(16,'Michoacán',1),(17,'Morelos',1),(18,'Nayarit',1),(19,'Nuevo León',1),(20,'Oaxaca',1),(21,'Puebla',1),(22,'Querétaro',1),(23,'Quintana Roo',1),(24,'San Luis Potosí',1),(25,'Sinaloa',1),(26,'Sonora',1),(27,'Tabasco',1),(28,'Tamaulipas',1),(29,'Tlaxcala',1),(30,'Veracruz',1),(31,'Yucatán',1),(32,'Zacatecas',1),(33,'Comayahua',3),(34,'Tegusigalpa',3),(35,'Huehuetenango',4),(36,'Choluteca',3),(37,'Arizona',2),(38,'Escuintla',4),(39,'Cortés',3),(40,'Francisco Morazán',3),(41,'Matagalpa',7),(42,'Suchitepéquez',4);
/*!40000 ALTER TABLE `estados` ENABLE KEYS */;
UNLOCK TABLES;

--
-- Table structure for table `etados_casos`
--

DROP TABLE IF EXISTS `etados_casos`;
/*!40101 SET @saved_cs_client     = @@character_set_client */;
/*!40101 SET character_set_client = utf8 */;
CREATE TABLE `etados_casos` (
  `id_estado_caso` int(11) NOT NULL AUTO_INCREMENT,
  `nombre` varchar(255) NOT NULL,
  PRIMARY KEY (`id_estado_caso`)
) ENGINE=InnoDB AUTO_INCREMENT=5 DEFAULT CHARSET=latin1;
/*!40101 SET character_set_client = @saved_cs_client */;

--
-- Dumping data for table `etados_casos`
--

LOCK TABLES `etados_casos` WRITE;
/*!40000 ALTER TABLE `etados_casos` DISABLE KEYS */;
INSERT INTO `etados_casos` VALUES (1,'Trámite'),(2,'Cerrado por desistimiento estan en transito'),(3,'Cerrado por desistimiento por temor a represalias'),(4,'Cerrado por canalización a una instancia');
/*!40000 ALTER TABLE `etados_casos` ENABLE KEYS */;
UNLOCK TABLES;

--
-- Table structure for table `generos`
--

DROP TABLE IF EXISTS `generos`;
/*!40101 SET @saved_cs_client     = @@character_set_client */;
/*!40101 SET character_set_client = utf8 */;
CREATE TABLE `generos` (
  `id_genero` int(11) NOT NULL AUTO_INCREMENT,
  `nombre` varchar(255) NOT NULL,
  PRIMARY KEY (`id_genero`)
) ENGINE=InnoDB AUTO_INCREMENT=3 DEFAULT CHARSET=latin1;
/*!40101 SET character_set_client = @saved_cs_client */;

--
-- Dumping data for table `generos`
--

LOCK TABLES `generos` WRITE;
/*!40000 ALTER TABLE `generos` DISABLE KEYS */;
INSERT INTO `generos` VALUES (1,'Masculino'),(2,'Femenino');
/*!40000 ALTER TABLE `generos` ENABLE KEYS */;
UNLOCK TABLES;

--
-- Table structure for table `lugares_denuncia`
--

DROP TABLE IF EXISTS `lugares_denuncia`;
/*!40101 SET @saved_cs_client     = @@character_set_client */;
/*!40101 SET character_set_client = utf8 */;
CREATE TABLE `lugares_denuncia` (
  `id_lugar_denuncia` int(11) NOT NULL AUTO_INCREMENT,
  `nombre` varchar(255) NOT NULL,
  PRIMARY KEY (`id_lugar_denuncia`)
) ENGINE=InnoDB AUTO_INCREMENT=4 DEFAULT CHARSET=latin1;
/*!40101 SET character_set_client = @saved_cs_client */;

--
-- Dumping data for table `lugares_denuncia`
--

LOCK TABLES `lugares_denuncia` WRITE;
/*!40000 ALTER TABLE `lugares_denuncia` DISABLE KEYS */;
INSERT INTO `lugares_denuncia` VALUES (1,'Nogales, Sonora'),(2,'Agua Prieta, Sonora'),(3,'Altar, Sonora');
/*!40000 ALTER TABLE `lugares_denuncia` ENABLE KEYS */;
UNLOCK TABLES;

--
-- Table structure for table `migrantes`
--

DROP TABLE IF EXISTS `migrantes`;
/*!40101 SET @saved_cs_client     = @@character_set_client */;
/*!40101 SET character_set_client = utf8 */;
CREATE TABLE `migrantes` (
  `id_migrante` int(11) NOT NULL AUTO_INCREMENT,
  `nombre` varchar(255) NOT NULL,
  `id_pais` int(11) DEFAULT NULL,
  `id_estado` int(11) DEFAULT NULL,
  `municipio` varchar(255) NOT NULL DEFAULT 'Dato no disponible',
  `id_genero` int(11) DEFAULT NULL,
  `edad` int(11) DEFAULT NULL,
  `fecha_nacimiento` timestamp NULL DEFAULT NULL,
  `ocupacion` varchar(255) NOT NULL DEFAULT 'Dato no disponible',
  `ocupacion_homologada` varchar(255) DEFAULT NULL,
  `id_estado_civil` varchar(45) DEFAULT NULL,
  `escolaridad` varchar(255) NOT NULL DEFAULT 'Dato no disponible',
  `pueblo_indigena` tinyint(1) DEFAULT '0',
  `nombre_pueblo_indigena` varchar(255) NOT NULL DEFAULT 'Dato no disponible',
  `espanol` tinyint(1) DEFAULT '1',
  `id_lugar_denuncia` int(11) DEFAULT NULL,
  PRIMARY KEY (`id_migrante`)
) ENGINE=InnoDB AUTO_INCREMENT=247 DEFAULT CHARSET=latin1;
/*!40101 SET character_set_client = @saved_cs_client */;

--
-- Dumping data for table `migrantes`
--

LOCK TABLES `migrantes` WRITE;
/*!40000 ALTER TABLE `migrantes` DISABLE KEYS */;
INSERT INTO `migrantes` VALUES (1,'Jonatan Morales',1,2,'Tijuana',1,21,NULL,'Chofer','Peón','1','Primaria',2,'Dato no disponi',NULL,NULL),(2,'Juan Manuel González Sánchez',1,32,'Noria de Ángeles',1,34,NULL,'campesino','Campesino','2','primaria',2,'Dato no disponi',NULL,NULL),(3,'Ricardo Martínez',1,30,'Pánuco',1,35,NULL,'campesino','Campesino','2','primaria',2,'Dato no disponi',NULL,NULL),(4,'José Hernández Velázquez',3,NULL,'Dato no disponible',1,52,NULL,'comerciante','Comerciante','2','primaria',2,'Dato no disponi',NULL,NULL),(7,'Kader Orellana Flores',3,NULL,'Dato no disponible',1,26,NULL,'comerciante','Comerciante','2','primaria',2,'Dato no disponi',NULL,NULL),(8,'Guillermo',1,14,'Tuxpan',1,43,NULL,'empledo',NULL,'2','preparatoria',2,'Dato no disponi',NULL,NULL),(9,'Apolinar Pacheco Reyes',1,11,'León',1,40,NULL,'campesino ','Campesino','2','primaria',NULL,'Dato no disponi',NULL,NULL),(11,'Miguel ángel ',3,NULL,'Puerto Cortez',NULL,29,NULL,'mecánico','Peón','4','Primamria',2,'Dato no disponi',NULL,NULL),(12,'Carlos Salgado Valdez ',3,NULL,'Puerto Cortez',1,30,NULL,'Chofer','Peón','4','Primaria ',2,'No aplica',NULL,NULL),(13,'Kevin Usiel Pèrez Rodríguez',1,7,'Acacoyuca',1,19,NULL,'Campesino','Campesino','1','Secundaria',2,'Dato no disponi',NULL,NULL),(14,'José Vega ',3,NULL,'Yolo',1,38,NULL,'Ccampesino','Campesino','4','Primaria',2,'Dato no disponi',NULL,NULL),(15,'Zaul Rivas ',5,NULL,'La Unión ',1,43,NULL,'Campesino ','Campesino','2','Primaria',2,'No aplica',NULL,NULL),(16,'Ever Casco ',3,NULL,'Tegucigalpa ',1,38,NULL,'No contesto',NULL,NULL,'Secundaria',2,'No aplica',NULL,NULL),(17,'Rafael Mada Lastra ',1,26,'Sonora',1,38,NULL,'Jornalero','Peón','4','Secundaria ',2,'Dato no disponi',NULL,NULL),(18,'Toribio Velázquez Santos ',1,7,'Chiapas',1,37,NULL,'No contesto',NULL,'1','Secundaria',2,'Dato no disponi',NULL,NULL),(19,'Wilmer Alexis Montoya ',1,NULL,'Catacamas',1,27,NULL,'Marino','Empleado de gobierno','1','Primaria',2,'Dato no disponi',NULL,NULL),(20,'Toribio Jesús López',1,6,'Tecuman',1,14,NULL,'Estudiante','Campesino','1','Secundaria',2,'Dato no disponi',NULL,NULL),(21,'Moisés Rivera Rodríguez',1,2,'Tijuana',1,27,NULL,'Albañil','Albañil','4','Primaria',2,'Dato no disponi',NULL,NULL),(22,'Anselmo Calyn Apen',4,NULL,'Huehuetenango',1,35,NULL,'Comerciante','Comerciante','2','Primaria ',2,'Dato no disponi',NULL,NULL),(23,'Juan Armando Mendez Gonzalez',1,15,'Santiago Tolman',1,23,NULL,'Limpieza','Al hogar','2','Primaria',2,'Dato no disponi',NULL,NULL),(24,'Juan Ramírez Martínez',4,35,'Huehuetenango',1,41,NULL,'Campesino ','Campesino','4','Sin instrucción',2,'Dato no disponi',NULL,3),(25,'Joel Barragán Mendoza',1,16,'Michoacán ',1,26,NULL,'contratista ','Albañil','2','Primaria',2,'Dato no disponi',NULL,NULL),(26,'José Luís Herrera Herrera',1,16,'Tocumbo',1,56,NULL,'campesino','Campesino','3','Primaria',2,'Dato no disponi',NULL,NULL),(27,'Noé Cante Sanit',4,NULL,'Pentec',1,36,NULL,'Campesino','Campesino','4','Primaria',2,'Dato no disponi',NULL,NULL),(28,'José Guadalupe Ramírez López',1,9,'Iztapalapa',1,34,NULL,'Campesino ','Campesino','4','Primaria',2,'Dato no disponi',NULL,NULL),(29,'Darwin Canales López',3,NULL,'San Pedro Sula',1,19,NULL,'Empleado','Empleado','1','Primaria',2,'Dato no disponi',NULL,NULL),(30,'Franklin Ezequiel Alvarado',3,NULL,'Cortez',1,37,NULL,'Empleado','Empleado','2','Secundaria ',2,'Dato no disponi',NULL,NULL),(31,'Franco Eduardo López Domínguez',1,7,'Motocintla',1,28,NULL,'Albañil','Albañil','1','Primaria',2,'Dato no disponi',NULL,NULL),(32,'Yeims James',1,7,'Chiapas',1,31,NULL,'Comerciante','Comerciante','2','Bachillerato',2,'Dato no disponi',NULL,NULL),(33,'Gustavo Adolfo Molina',3,NULL,'Choluteca',1,40,NULL,'Profesor','Empleado de gobierno','1','Licenciatura',2,'Dato no disponi',NULL,NULL),(34,'Elder Díaz',3,NULL,'El Paraíso ',1,33,NULL,'Albañil','Albañil','5','Primaria',2,'Dato no disponi',NULL,NULL),(35,'Elvin Emilio Vázquez',3,NULL,'Catacamos',1,25,NULL,'Campesino','Campesino','1','Primaria',2,'Dato no disponi',NULL,NULL),(37,'Claudia Perez',1,13,'Tulancingo',2,36,NULL,'Ama de Casa','Al hogar','4','Ninguna',2,'Dato no disponi',NULL,NULL),(38,'Armando Hernandez',4,NULL,'Peten',1,28,NULL,'Campesino','Campesino','1','Secundaria ',2,'Dato no disponi',NULL,NULL),(39,'Leoncio Martínez',1,20,'Miahuatlán',1,19,NULL,'Albañil','Albañil','1','Secundaria',2,'Dato no disponi',NULL,NULL),(40,'Kevin  Argueta ',4,NULL,'Tecum ',1,19,NULL,'Pintor','Peón','1','Primaria ',2,'Dato no disponi',NULL,NULL),(41,'Álvaro Julián Ochoa Vera',1,7,'Escuintla',1,19,NULL,'estudiante','Campesino','1','preparatoria',NULL,'Dato no disponi',NULL,NULL),(42,'Guillermo Gómez Vásques',1,20,'Zapotitlán del Río',1,22,NULL,'músico','Peón','1','primaria',NULL,'Dato no disponi',NULL,NULL),(43,'Antonio Esteban Sánchez',1,12,'Atlixtac',1,25,NULL,'campesino','Campesino','2','primaria',NULL,'Dato no disponi',NULL,NULL),(44,'Aniceto Damián',1,16,'Jacona',1,52,NULL,'albañil','Albañil',NULL,'primaria',NULL,'Dato no disponi',NULL,NULL),(45,'Renato Ramírez',1,13,'Pachuca',1,42,NULL,'albañil','Albañil',NULL,'primaria',NULL,'Dato no disponi',NULL,NULL),(46,'Melesio Morán Peña',1,21,'Huilando',1,26,NULL,'campesino','Campesino','4','bachillerato ',NULL,'Dato no disponi',NULL,NULL),(47,'Cristián Goel Meléndez Rivas',3,NULL,'Colón',1,19,NULL,'albañil ','Albañil','1','secundaria',NULL,'Dato no disponi',NULL,NULL),(49,'Manuel de Jesús Hernández',4,NULL,'Dato no disponible',1,NULL,NULL,'',NULL,'2','secundaria',NULL,'Dato no disponi',NULL,NULL),(51,'Marco Antonio Morales Río ',1,21,'Tulcingo',1,17,NULL,'campesino ','Campesino','1','preparatoria ',NULL,'Dato no disponi',NULL,NULL),(52,'Gregorio Gómez Hernández',1,17,'Cuernavaca',1,17,NULL,'Herrero','Peón','4','secundaria',NULL,'Dato no disponi',NULL,NULL),(53,'Carlos Márquez',3,NULL,'Cortés',1,24,NULL,'costurero','Peón','1','secundaria',NULL,'Dato no disponi',NULL,NULL),(55,'Carlos Humberto Posadas',5,NULL,'San Ignacio ',1,49,NULL,'agricultor','Campesino',NULL,'primaria',NULL,'Dato no disponi',NULL,NULL),(56,'Carlos Emilio Flores Marte ',3,NULL,'Tegucigalpa ',1,23,NULL,'cerigrafía ','Peón','1','secundaria ',NULL,'Dato no disponi',NULL,NULL),(58,'Fraklin Alexander ',3,NULL,'Dato no disponible',1,29,NULL,'albañil ','Albañil','4','primaria ',NULL,'Dato no disponi',NULL,NULL),(59,'Lilia',3,NULL,'Yoro ',2,23,NULL,'ama de casa','Al hogar','1','primaria ',2,'Dato no disponi',NULL,NULL),(60,'José Luis ',5,NULL,'Dato no disponible',1,25,NULL,'seguridad ','Empleado de gobierno','1','secuendaria ',2,'Dato no disponi',NULL,NULL),(61,'Leonardo García Paz',1,7,'Tapachula ',1,19,NULL,'campesino ','Campesino','1','secundaria ',2,'Dato no disponi',NULL,NULL),(62,'Andrés Romero Alas ',3,NULL,'Dato no disponible',1,23,NULL,'empleado ','Empleado','1','',2,'Dato no disponi',NULL,NULL),(63,'Andrés Ruiz Mendoza',1,7,'Tapachula',1,29,NULL,'jornalero','Peón','4','primaria',NULL,'Dato no disponi',NULL,NULL),(66,'Erminio Cartagena Hernandez',1,7,'Tecpatan',1,45,NULL,'Agricultor','Campesino','2','primaria incompleta',2,'Dato no disponi',1,NULL),(68,'Anonio Canalaes Cabrera',1,14,'Puerto Vallarta',1,40,'1974-01-14 00:00:00','Jornalero','Peón','2','Primaria',2,'Dato no disponi',NULL,NULL),(69,'Rubén Quiñonez Villarreal',1,3,'San Carlos',1,51,'0000-00-00 00:00:00','Pescador','Campesino','3','Preparatoria terminada',2,'Dato no disponi',1,NULL),(70,'Nestor Velazquez Ramirez',1,20,'Dato no disponible',1,27,NULL,'agrocultor','Campesino','1','primaria',2,'Dato no disponi',NULL,NULL),(72,'Adali Alvarez Flores',3,34,'Tegusigalpa',1,31,'1983-11-04 00:00:00','Comerciante','Comerciante','4','Secunadaria',2,'Dato no disponi',NULL,NULL),(73,'Cándido Flores  Lorenzo',1,12,'Dato no disponible',1,30,NULL,'Agricultor','Campesino',NULL,'Primaria',2,'Dato no disponi',NULL,NULL),(74,'Delvin Arain Hernandez Redondo ',3,NULL,'Holancho',1,41,'1972-09-16 00:00:00','Agricultor','Campesino','4','Primaria',2,'Dato no disponi',NULL,NULL),(75,'Jose Luis Flores Flores',3,NULL,'Holancho',1,25,'1989-02-23 00:00:00','Agricultor','Campesino','1','Sin instruccion',2,'Dato no disponi',NULL,NULL),(76,'Ángel Rubén Rodríguez González',1,7,'Dato no disponible',1,23,'1991-08-17 00:00:00','Agricultor','Campesino','1','Sin instrucción',2,'Dato no disponi',NULL,NULL),(82,'Juvencio Hernandez Lopez ',1,7,'Dato no disponible',1,19,'1995-04-03 00:00:00','Agricultor','Campesino','1','Primaria',NULL,'Dato no disponi',NULL,NULL),(83,'Nery Ramirez Cardona',3,NULL,'Dato no disponible',NULL,37,'1977-04-03 00:00:00','Jornalero','Peón','1','Primaria',2,'Dato no disponi',NULL,NULL),(84,'Jose Hernan Cardenas Rios',1,7,'Dato no disponible',1,24,'1990-09-17 00:00:00','Agricultor','Campesino','1','Primaria',2,'Dato no disponi',NULL,NULL),(85,'Pascual Tomas Arredondo',1,7,'Dato no disponible',1,30,'1984-02-23 00:00:00','Carrocero','Peón','1','Primaria',2,'Dato no disponi',NULL,NULL),(86,'Pascual Tomas Hernandez',1,7,'Dato no disponible',1,NULL,'1984-08-28 00:00:00','Jornalero','Peón','1','Primaria',2,'Dato no disponi',NULL,NULL),(87,'Melvin Geovany Elvir Vega',3,34,'Dato no disponible',1,42,'1972-06-22 00:00:00','Chofer','Peón','1','Sin instrucción',2,'Dato no disponi',NULL,NULL),(88,'Carlos Antonio Rosales Rosales',3,NULL,'Dato no disponible',NULL,52,'0000-00-00 00:00:00','Albañil','Albañil','4','Primaria',2,'Dato no disponi',NULL,NULL),(100,'Nelson Enrique Martínez Peralta',3,36,'Namasigüe',1,38,'1977-03-13 00:00:00','Campesino','Campesino','1','Primaria',2,'Dato no disponi',NULL,2),(101,'Moises Rivera Rodriguez',1,2,'Tijuana',1,27,'1987-05-07 00:00:00','Albañil','Albañil','4','Primaria',2,'Dato no disponi',NULL,3),(103,'Juan Manuel Orozco Romero ',1,25,'Dato no disponible',1,NULL,'1986-02-22 00:00:00','Albañil','Albañil','1','Primaria',2,'Dato no disponi',NULL,3),(106,'Marcos Rodríguez Oliva',1,20,'Dato no disponible',1,40,'1974-03-14 00:00:00','Campesino','Campesino','1','Primaria inconclusa',1,'Dato no disponi',1,1),(107,'Carlos Morales',1,21,'Puebla',1,31,'1983-02-09 00:00:00','Trabajo variado','Peón','1','Preparatoria',2,'Dato no disponi',NULL,1),(108,'Juan Pablo Castellano Marin',1,27,'Dato no disponible',1,32,'1982-11-12 00:00:00','Chofer','Peón','2','Primaria',2,'Dato no disponi',NULL,3),(109,'Perfecto Cristobal Perez Gonzalez',1,7,'Dato no disponible',1,42,'1972-08-02 00:00:00','Agricultor','Campesino','2','Sin instrucción',2,'Dato no disponi',NULL,3),(110,'Carlos Martinez Gonzalez',1,14,'Guadalajara',1,53,'0000-00-00 00:00:00','Albañil','Albañil','1','Preparatoria inconclusa',2,'Dato no disponi',NULL,1),(112,'Wilbert',3,NULL,'Dato no disponible',1,20,'1994-05-05 00:00:00','Albañil','Albañil','4','Primaria inconclusa',2,'Dato no disponi',NULL,1),(114,'Juan Manuel Luevano Dávila',1,1,'Ags.',1,45,'0000-00-00 00:00:00','Jardinero','Peón','1','Licenciatura',2,'Dato no disponi',NULL,1),(115,'Ramón Ramírez Romero',1,26,'Nogales',1,51,'0000-00-00 00:00:00','Jornalero','Peón','4','Preparatoria inconclusa',2,'Dato no disponi',NULL,1),(116,'Francisco Javier Martínez',3,NULL,'Dato no disponible',1,23,'1993-05-17 00:00:00','Campesino','Campesino','1','Primaria inconclusa',2,'Dato no disponi',NULL,1),(117,'Cecilia Mones',1,21,'Puebla',2,30,'1994-09-03 09:00:00','Trabajo en fábrica','Empleado','2','Secundaria',2,'Dato no disponi',NULL,1),(118,'Natividad de Jesús',3,NULL,'Dato no disponible',1,50,'0000-00-00 00:00:00','Campesino','Campesino','2','Primaria inconclusa',2,'Dato no disponi',NULL,1),(119,'Damián Pacheco',1,11,'León',1,40,'1984-03-04 00:00:00','Obrero','Peón','5','Secundaria inconclusa',2,'Dato no disponi',NULL,1),(120,'José Vega',3,NULL,'Dato no disponible',1,38,'1976-10-10 00:00:00','Agricultor','Campesino','4','Secundaria',2,'Dato no disponi',NULL,1),(121,'Melvin Waldemar Meza del Cid',4,NULL,'Dato no disponible',1,28,'1986-03-12 00:00:00','Pintor','Peón','2','Secundaria',2,'Dato no disponi',NULL,1),(122,'Oscar Armando Benítez',3,NULL,'Dato no disponible',1,27,'1987-11-16 00:00:00','Mototaxi','Comerciante','4','Primaria',2,'Dato no disponi',NULL,1),(123,'Celvin Antonio',3,NULL,'Dato no disponible',1,31,'1983-09-18 00:00:00','Campesino','Campesino','2','Primaria',2,'Dato no disponi',NULL,1),(124,'Cipriano Rodríguez González',1,12,'Ometepec',1,62,'0000-00-00 00:00:00','Campesino','Campesino','5','Primaria',1,'Dato no disponi',NULL,1),(126,'Fausto Vidal L.',1,30,'Ixuatlán del café',1,45,'0000-00-00 00:00:00','Campesino','Campesino','2','Secundaria',2,'Dato no disponi',NULL,1),(127,'Wilbert Madrid',3,NULL,'Dato no disponible',1,20,'1994-10-26 00:00:00','Albañil','Albañil','1','Primaria inconclusa',2,'Dato no disponi',NULL,1),(128,'Luis Daniel',1,15,'Dato no disponible',1,41,'1973-10-15 00:00:00','Trabajaba en Estados Unidos','Jornalero','2','Secundaria',2,'Dato no disponi',NULL,1),(129,'Anderson',4,NULL,'Dato no disponible',1,17,'1997-09-04 00:00:00','Campesino','Campesino','1','Primaria inconclusa',2,'Dato no disponi',NULL,1),(130,'ALM',3,NULL,'Dato no disponible',1,32,'1982-02-26 00:00:00','Educador social','Empleado de gobierno','1','Primaria inconclusa',2,'Dato no disponi',NULL,1),(131,'Marina Arcos',1,12,'Dato no disponible',2,23,'1991-08-08 00:00:00','Ama de casa','Al hogar','1','Preparatoria inconclusa',2,'Dato no disponi',NULL,1),(132,'Maricela Silverio Mendoza',1,12,'Campo',2,32,'1972-09-21 00:00:00','Campesina','Campesino','4','Sin instrucción',1,'Dato no disponi',1,1),(133,'Alex David',3,NULL,'Dato no disponible',1,31,'1973-11-18 00:00:00','Campesino','Campesino','2','Primaria',2,'Dato no disponi',NULL,1),(134,'Jorge Vargas',3,NULL,'Dato no disponible',1,30,'1984-03-29 00:00:00','Campesino','Campesino','1','Primaria',2,'Dato no disponi',NULL,1),(135,'Apoloni',1,21,'Dato no disponible',1,53,'0000-00-00 00:00:00','Campesino','Campesino','2','Primaria',2,'Dato no disponi',NULL,1),(136,'Bairo',3,NULL,'Dato no disponible',1,21,'1992-09-09 00:00:00','Albañil','Albañil','2','Primaria',2,'Dato no disponi',NULL,1),(137,'Jesús Ernesto',1,26,'Navojoa',1,33,'1981-11-25 00:00:00','Albañil','Albañil','2','Secundaria',2,'Dato no disponi',NULL,1),(138,'Bairo Jesús Guevara',3,NULL,'Dato no disponible',1,21,'1983-09-09 00:00:00','Carpintero','Peón','1','Primaria',2,'Dato no disponi',NULL,1),(140,'Lucio Castillo',1,13,'Hidalgo',2,41,'1973-11-16 00:00:00','Remodelar tiendas','Albañil','1','Secundaria',2,'Dato no disponi',NULL,1),(141,'Jorge Rolando Vargas Cantarero',3,NULL,'Dato no disponible',1,30,'1984-04-11 00:00:00','Agricultura','Campesino','2','Primaria',2,'Dato no disponi',NULL,1),(142,'Noe Cante Saint',4,NULL,'Dato no disponible',1,36,'1978-10-03 00:00:00','Agricultores','Campesino','2','Primaria',2,'Dato no disponi',NULL,1),(144,'Anderson 2',4,NULL,'Dato no disponible',1,17,NULL,'carpintero','Peón','1','Preparatoria',2,'Dato no disponi',NULL,1),(145,'Denis Roberto Vázquez',3,NULL,'Vallecillos Fco. Morazán',1,34,NULL,'campesino ','Campesino','4','Sin instrucción',2,'Dato no disponi',NULL,1),(146,'Emilio Vázquez',3,NULL,'Holancho',1,25,NULL,'campesino','Campesino','2','Primaria',2,'Dato no disponi',NULL,1),(147,'Francisco Javier Martínez',3,NULL,'Dato no disponible',1,23,'1991-04-24 00:00:00','Campesino','Campesino','1','Primaria',2,'Dato no disponi',NULL,1),(148,'Johan Manzanares',NULL,NULL,'San Pedro Zula',1,36,NULL,'Electricista','Empleado de gobierno','1','Secundaria',2,'Dato no disponi',NULL,1),(149,'Ovidio Marín ',5,NULL,'La Libertad',1,40,NULL,'Albañil','Albañil','4','Secundaria',2,'Dato no disponi',NULL,1),(150,'Simón Costrero Barrán',1,21,'Atlixco',1,49,NULL,'campesino','Campesino','2','Primaria',1,'Náhuatl',1,1),(151,'Rosa Maria Velez Amaro',1,12,'No contestó',2,26,'1987-06-18 00:00:00','Ama de Casa','Al hogar','2','Secundaria',2,'Dato no disponi',NULL,1),(152,'Oscar Gael Coronel Morales',3,39,'San Pedro Sula',1,43,'1970-08-30 00:00:00','Pintor de carros','Peón','1','Primaria',2,'Dato no disponi',NULL,1),(154,'Alejandro Adrián Díaz Quiroz',1,15,'Valle de Chalco',2,17,'1997-01-19 00:00:00','Estudiante','Campesino','1','Preparatoria inconclusa',NULL,'Dato no disponi',NULL,2),(155,'Gandhi Raúl Cano Cano',1,30,'Mixtla',1,17,'1997-06-21 00:00:00','Empleado','Empleado','1','Preparatoria inconclusa',NULL,'Dato no disponi',NULL,2),(156,'Nicolas Morales Ambrosio',1,12,'Quechultenango',1,25,'1988-03-21 00:00:00','Campesino','Campesino','1','Secundaria',2,'Dato no disponi',NULL,1),(157,'Maria Melina ',1,17,'Dato no disponible',2,NULL,NULL,'',NULL,NULL,'',NULL,'Dato no disponi',NULL,1),(158,'Luis Alonso Quintanilla',3,NULL,'El Progreso',1,35,'1979-01-25 00:00:00','albañil','Albañil','1','Primaria inconclusa',2,'Dato no disponi',NULL,1),(159,'Josue Raul Hernandez Morales',1,7,'Tapachula',1,23,'1991-08-22 00:00:00','Cocinero','Peón','4','Secundaria',2,'Dato no disponi',NULL,2),(160,'María Melina Beltran Victoriano',1,17,'Morelos',2,37,'1976-11-02 00:00:00','Vendedora de comida','Comerciante','6','Preparatoria inconclusa',2,'Dato no disponi',NULL,1),(161,'Tomás Eugenio Torres Hernández',3,40,'Cedros',1,35,'1979-05-22 00:00:00','Chofer','Peón','2','Primaria inconclusa',2,'Dato no disponi',NULL,2),(162,'Rigoberto Palafox',1,14,'Ciudad Guzmán',1,46,'1998-11-08 00:00:00','Construcción',NULL,'6','Secundaria inconclusa',NULL,'Dato no disponi',NULL,1),(163,'Oswaldo Ríos Martínez',1,26,'Cajame',1,23,'1991-07-02 00:00:00','Coyote','Peón','4','Secundaria',2,'Dato no disponi',NULL,1),(164,'Horacio Mendoza Torres',1,21,'Cuautlancingo',1,30,'1983-10-17 00:00:00','Empleado','Empleado','1','Primaria',NULL,'Dato no disponi',NULL,2),(165,'Gabriela Ortega Téllez',1,21,'San Juan Cuautlancingo',2,26,'1987-09-18 00:00:00','Empleada','Empleado','1','Preparatoria',NULL,'Dato no disponi',NULL,2),(167,'Florentino Oliva Santiago',1,13,'Ixmiquilpan',1,43,'1971-10-08 00:00:00','Jornalero','Peón','2','Secundaria',1,'Ñañú (Otomí)',1,2),(168,'Jesús Gutiérrez Martínez',1,16,'Chavinda',1,49,'0000-00-00 00:00:00','Campesino','Campesino','2','Secundaria',2,'Dato no disponi',NULL,1),(169,'iveth diaz hernandez',1,20,'puerto escondido',2,NULL,'1988-09-27 00:00:00','ayudante de cocina','Peón','1','Secundaria',2,'Dato no disponi',NULL,1),(170,'Gerardo Guzmán Burgos',1,10,'Zacatecas',1,33,'1981-03-29 00:00:00','Carpintero','Peón','2','Preparatoria',2,'Dato no disponi',NULL,1),(171,'Reyna José Miguel',1,13,'Pochutla',2,43,'0000-00-00 00:00:00','Ama de casa','Al hogar','2','Secundaria',1,'Dato no disponi',1,1),(172,'Sergio Lucio',1,7,'Pinotepa Nacional',1,35,'1978-12-13 00:00:00','Construcción',NULL,'2','Primaria inconclusa',2,'Dato no disponi',NULL,1),(173,'Exel Arnulfo Teque Pivaral',4,NULL,'Santa Rosa',1,37,'1976-11-08 00:00:00','Campesino','Campesino','1','Secundaria inconclusa',1,'Xinca',1,1),(174,'Jorge Antonio',5,7,'Tapachula',1,34,'1980-02-07 00:00:00','Mecánico','Peón','4','Primaria',2,'Dato no disponi',NULL,1),(175,'Jorge Cadena',1,30,'Jalapa',1,42,'1981-06-20 00:00:00','Vendedor','Comerciante','1','Primaria inconclusa',2,'Dato no disponi',NULL,1),(176,'Roberto Quintero Chávez',1,2,'Tijuana',1,53,'1971-04-15 00:00:00','En Estados Unidos. Allá vivó 43 años','Peón','2','Secundaria',2,'Dato no disponi',NULL,1),(178,'Sergio Manuel Ramirez Gutierrez',1,2,'San Quintin',1,33,NULL,'',NULL,'2','Secundaria',2,'Dato no disponi',NULL,1),(179,'René Javier Cruz',1,3,'Mexicali',1,47,'0000-00-00 00:00:00','Albañil','Albañil','2','Secundaria',2,'Dato no disponi',NULL,1),(180,'Mario Moreno',1,26,'Hermosillo',1,42,'1972-10-25 00:00:00','Fontanero, albañil, mecánico, campo.','Peón','1','Secundaria',2,'Dato no disponi',NULL,1),(181,'José Guadalupe Jiménez Juárez',1,21,'Tecamachalco',1,14,'1999-09-20 00:00:00','ninguna','Campesino','1','Secundaria inconclusa',2,'Dato no disponi',NULL,2),(183,'Abel Chavez Villa',1,21,'atzitzintla',1,21,'1992-11-21 00:00:00','albañil','Albañil','5','Preparatoria',2,'Dato no disponi',NULL,3),(184,'Elias Madris Silva',1,14,'Guadalajara',1,34,'1990-01-01 00:00:00','Deportado','Peón','2','Primaria',2,'Dato no disponi',NULL,1),(185,'Miguel',1,21,'Tlacotepec',1,19,'1995-05-26 00:00:00','Invernaderos','Peón','1','Preparatoria',1,'Náhuatl',1,1),(186,'Ignacio Hernández Hernández',1,30,'Tepetlán',1,30,'1984-01-19 00:00:00','Campesino, chofer','Peón','4','Secundaria inconclusa',2,'Dato no disponi',NULL,1),(187,'Jibran Felix Pazos',1,25,'Sinaloa',1,24,'1990-03-31 00:00:00','Construcci}ion','Albañil','4','Secundaria inconclusa',2,'Dato no disponi',NULL,1),(188,'Jovany Carrera Hernández',1,8,'Rosales',1,20,'1994-01-01 00:00:00','Jornalero','Peón','1','Secundaria',2,'Dato no disponi',NULL,1),(191,'Nancy Carolina Galindo Martínez',3,40,'Tegucigalpa',2,27,'1986-10-26 00:00:00','Estudiante','Campesino','4','Preparatoria',2,'Dato no disponi',NULL,2),(192,'Luciana Calvo ',7,41,'Matagalpa ',2,42,'1971-12-16 00:00:00','Ama de casa','Al hogar','2','Primaria',2,'Dato no disponi',NULL,2),(193,'David Barrera Álvarez',1,16,'Morelia',1,46,'0000-00-00 00:00:00','Chofer','Peón','3','Preparatoria',2,'Dato no disponi',NULL,2),(194,'Eric García Aguilar',1,16,'Tuxpan',1,28,'1986-01-18 00:00:00','Campo','Campesino','1','Primaria inconclusa',2,'Dato no disponi',NULL,1),(195,'Francisco Alfredo Hernández Chávez',4,NULL,'Mazatenango',1,36,'1978-02-26 00:00:00','Agricultura','Campesino','1','Primaria',2,'Dato no disponi',NULL,2),(196,'Anónimo',4,NULL,'San Juan Sacatepeques',1,30,NULL,'Aseo','Al hogar','1','Preparatoria',2,'Dato no disponi',NULL,2),(197,'Miguel Angel Diaz Lira',1,26,'Mazatlán',1,32,'1982-10-07 00:00:00','Albañil','Albañil','1','Primaria inconclusa',2,'Dato no disponi',NULL,1),(198,'Carlos Martínez',1,20,'San Juan Mixtepec',1,33,'1981-08-30 00:00:00','Agricultura','Campesino','4','Primaria',1,'Mixteco',1,1),(199,'Ma. Magdalena Díaz Verdugo',1,15,'Dato no disponible',2,32,'1982-07-22 00:00:00','De todo','Peón','4','Secundaria inconclusa',2,'Dato no disponi',NULL,1),(200,'Javier Torres',3,NULL,'Copán',1,34,'2014-01-16 00:00:00','Campesino','Campesino','4','Primaria',2,'Dato no disponi',NULL,1),(201,'Gladis Cruz',1,20,'Cuquila',2,18,'1996-07-10 00:00:00','INEA','Empleado de gobierno','1','Secundaria',1,'Dato no disponi',1,1),(202,'Pedro Ruiz Rivera',3,NULL,'Dato no disponible',1,20,'1994-02-17 00:00:00','Panadero','Peón','1','Primaria',2,'Dato no disponi',NULL,1),(203,'Manuel Zuniga Mendoza',3,NULL,'Dato no disponible',1,23,'1993-06-17 00:00:00','Albañil','Albañil','1','Secundaria',2,'Dato no disponi',NULL,1),(204,'Manuel Gubera',1,26,'Cananea',1,43,'1971-07-23 00:00:00','Ayudante general','Peón','1','Secundaria inconclusa',2,'Dato no disponi',NULL,1),(205,'Víctor',3,NULL,'Progreso',1,25,'1989-02-23 00:00:00','Ayudante de Comerciante','Comerciante','2','Primaria',2,'Dato no disponi',NULL,1),(206,'Nelson Ecarro',3,NULL,'Dato no disponible',1,26,'1986-06-26 00:00:00','Militar','Empleado de gobierno','5','Primaria',2,'Dato no disponi',NULL,1),(207,'José Ramón Pérez Gómez',1,30,'Tres Valles',1,33,'0000-00-00 00:00:00','Chofer','Peón','2','Primaria',2,'Dato no disponi',NULL,2),(208,'Erik Fernando Salas',NULL,NULL,'El es de Costa Rica',1,36,'1978-04-05 00:00:00','Coll Center','Peón','1','Licenciatura',2,'Dato no disponi',NULL,1),(209,'Anónimo',1,16,'Turicato',2,31,NULL,'Hogar','Al hogar','2','Secundaria',2,'Dato no disponi',NULL,2),(210,'Rolando Frías',1,11,'',1,43,'1970-02-28 00:00:00','Campesino','Campesino','2','Primaria',2,'',NULL,1),(211,'Félix Fernández',3,NULL,'Tegucigalpa',1,48,'0000-00-00 00:00:00','Pintor','Peón','5','Primaria',2,'',NULL,1),(212,'Adrián García de la Rosa',1,30,'Maltrata',1,19,NULL,'Aserradero','Peón','2','Primaria',2,'',NULL,1),(213,'Marvin Antonio Cárdenas Candia',3,NULL,'Atlántida',1,19,'0000-00-00 00:00:00','Comerciante','Comerciante','1','Preparatoria',2,'',NULL,2),(214,'Jesús Pérez Villa',4,NULL,'Rancherías',1,47,'0000-00-00 00:00:00','Plomero','5','1','Primaria',2,'',NULL,2),(215,'TEST1',3,2,'DFD',1,23,'2015-02-12 00:00:00','','2','1','Primaria inconclusa',2,'',NULL,2),(216,'TEST',3,1,'DSDS',1,NULL,'2015-02-20 00:00:00','',NULL,NULL,'',NULL,'',NULL,NULL),(217,'TEST',NULL,NULL,'',NULL,NULL,NULL,'',NULL,NULL,'',NULL,'',NULL,NULL),(218,'TEST',2,NULL,'',NULL,NULL,NULL,'',NULL,NULL,'',NULL,'',NULL,NULL),(219,'TEST',NULL,NULL,'',NULL,NULL,NULL,'',NULL,NULL,'',NULL,'',NULL,NULL),(220,'TEST',NULL,NULL,'',NULL,NULL,NULL,'',NULL,NULL,'',NULL,'',NULL,NULL),(221,'TEST',NULL,NULL,'',NULL,NULL,NULL,'',NULL,NULL,'',NULL,'',NULL,NULL),(222,'TEST',NULL,NULL,'',NULL,NULL,NULL,'',NULL,NULL,'',NULL,'',NULL,NULL),(223,'TEST',NULL,NULL,'',NULL,NULL,NULL,'',NULL,NULL,'',NULL,'',NULL,NULL),(224,'TEST',NULL,NULL,'',NULL,NULL,NULL,'',NULL,NULL,'',NULL,'',NULL,NULL),(225,'TEST',NULL,NULL,'',NULL,NULL,NULL,'',NULL,NULL,'',NULL,'',NULL,NULL),(226,'TEST',NULL,NULL,'',NULL,NULL,NULL,'',NULL,NULL,'',NULL,'',NULL,NULL),(227,'TEST',NULL,NULL,'',NULL,NULL,NULL,'',NULL,NULL,'',NULL,'',NULL,NULL),(228,'TEST',NULL,NULL,'',NULL,NULL,NULL,'',NULL,NULL,'',NULL,'',NULL,NULL),(229,'TEST',NULL,NULL,'',NULL,NULL,NULL,'',NULL,NULL,'',NULL,'',NULL,NULL),(230,'TEST',NULL,NULL,'',NULL,NULL,NULL,'',NULL,NULL,'',NULL,'',NULL,NULL),(231,'TEST',NULL,NULL,'',NULL,NULL,NULL,'',NULL,NULL,'',NULL,'',NULL,NULL),(232,'TEST',NULL,NULL,'',NULL,NULL,NULL,'',NULL,NULL,'',NULL,'',NULL,NULL),(233,'TEST',NULL,NULL,'',NULL,NULL,NULL,'',NULL,NULL,'',NULL,'',NULL,NULL),(234,'TEST',NULL,NULL,'',NULL,NULL,NULL,'',NULL,NULL,'',NULL,'',NULL,NULL),(235,'TEST',NULL,NULL,'',NULL,NULL,NULL,'',NULL,NULL,'',NULL,'',NULL,NULL),(236,'TEST',NULL,NULL,'',NULL,NULL,NULL,'',NULL,NULL,'',NULL,'',NULL,NULL),(237,'TEST',NULL,NULL,'',NULL,NULL,NULL,'',NULL,NULL,'',NULL,'',NULL,NULL),(238,'TEST',NULL,NULL,'',NULL,NULL,NULL,'',NULL,NULL,'',NULL,'',NULL,NULL),(239,'TEST',NULL,NULL,'',NULL,NULL,NULL,'',NULL,NULL,'',NULL,'',NULL,NULL),(240,'TEST',NULL,NULL,'',NULL,NULL,NULL,'',NULL,NULL,'',NULL,'',NULL,NULL),(241,'TEST',NULL,NULL,'',NULL,NULL,NULL,'',NULL,NULL,'',NULL,'',NULL,NULL),(242,'TEST',NULL,NULL,'',NULL,NULL,NULL,'',NULL,NULL,'',NULL,'',NULL,NULL),(243,'test',NULL,NULL,'',NULL,NULL,NULL,'',NULL,NULL,'',NULL,'',NULL,NULL),(244,'TEST',NULL,NULL,'',NULL,NULL,NULL,'',NULL,NULL,'',NULL,'',NULL,NULL),(245,'TEST',NULL,NULL,'',NULL,NULL,NULL,'',NULL,NULL,'',NULL,'',NULL,NULL),(246,'TEST',NULL,NULL,'',NULL,NULL,NULL,'',NULL,NULL,'',NULL,'',NULL,NULL);
/*!40000 ALTER TABLE `migrantes` ENABLE KEYS */;
UNLOCK TABLES;

--
-- Table structure for table `migrantes2denuncias`
--

DROP TABLE IF EXISTS `migrantes2denuncias`;
/*!40101 SET @saved_cs_client     = @@character_set_client */;
/*!40101 SET character_set_client = utf8 */;
CREATE TABLE `migrantes2denuncias` (
  `id_migrante` int(11) NOT NULL,
  `id_denuncia` int(11) NOT NULL,
  KEY `id_migrante` (`id_migrante`),
  KEY `id_denuncia` (`id_denuncia`),
  CONSTRAINT `migrantes2denuncias_ibfk_2` FOREIGN KEY (`id_denuncia`) REFERENCES `denuncias` (`id_denuncia`),
  CONSTRAINT `migrantes2denuncias_ibfk_1` FOREIGN KEY (`id_migrante`) REFERENCES `migrantes` (`id_migrante`)
) ENGINE=InnoDB DEFAULT CHARSET=latin1;
/*!40101 SET character_set_client = @saved_cs_client */;

--
-- Dumping data for table `migrantes2denuncias`
--

LOCK TABLES `migrantes2denuncias` WRITE;
/*!40000 ALTER TABLE `migrantes2denuncias` DISABLE KEYS */;
INSERT INTO `migrantes2denuncias` VALUES (1,1),(2,2),(3,3),(4,4),(7,5),(8,6),(9,7),(11,9),(12,10),(13,11),(14,12),(15,13),(16,14),(17,15),(18,16),(19,17),(20,18),(21,19),(22,20),(23,21),(24,22),(39,23),(25,24),(26,25),(27,26),(28,27),(29,28),(30,29),(40,30),(31,31),(32,32),(33,33),(34,34),(35,35),(37,36),(38,37),(41,38),(42,39),(43,40),(44,41),(45,42),(46,43),(47,44),(49,45),(51,46),(52,47),(53,48),(55,49),(56,50),(58,51),(59,52),(60,53),(61,54),(62,56),(63,57),(66,58),(68,61),(69,62),(70,63),(72,64),(74,65),(75,66),(76,67),(100,68),(107,72),(106,74),(110,75),(112,76),(115,78),(116,79),(117,80),(118,81),(119,82),(121,84),(122,85),(123,86),(124,87),(126,89),(127,90),(128,91),(129,92),(130,93),(131,94),(132,95),(133,96),(134,97),(135,98),(136,99),(137,101),(138,102),(140,103),(141,104),(142,105),(144,106),(145,107),(146,108),(148,110),(149,111),(150,112),(114,113),(151,114),(152,115),(154,116),(155,117),(156,118),(158,120),(159,121),(160,122),(161,123),(162,124),(163,125),(165,126),(164,126),(165,129),(167,130),(168,131),(170,132),(171,133),(172,134),(173,135),(174,136),(175,137),(176,138),(169,139),(178,140),(179,141),(180,142),(183,143),(184,144),(185,145),(186,146),(187,147),(188,148),(191,150),(192,151),(193,152),(194,153),(195,154),(198,155),(197,156),(199,157),(200,158),(201,159),(202,160),(203,161),(204,162),(205,163),(206,164),(207,165),(208,166),(209,167),(210,168),(211,169),(211,170),(212,171),(213,172),(214,173);
/*!40000 ALTER TABLE `migrantes2denuncias` ENABLE KEYS */;
UNLOCK TABLES;

--
-- Table structure for table `paises`
--

DROP TABLE IF EXISTS `paises`;
/*!40101 SET @saved_cs_client     = @@character_set_client */;
/*!40101 SET character_set_client = utf8 */;
CREATE TABLE `paises` (
  `id_pais` int(11) NOT NULL AUTO_INCREMENT,
  `nombre` varchar(255) NOT NULL,
  PRIMARY KEY (`id_pais`)
) ENGINE=InnoDB AUTO_INCREMENT=8 DEFAULT CHARSET=latin1;
/*!40101 SET character_set_client = @saved_cs_client */;

--
-- Dumping data for table `paises`
--

LOCK TABLES `paises` WRITE;
/*!40000 ALTER TABLE `paises` DISABLE KEYS */;
INSERT INTO `paises` VALUES (1,'México'),(2,'Estados Unidos'),(3,'Honduras'),(4,'Guatemala'),(5,'El Salvador'),(6,'Belice'),(7,'Nicaragua');
/*!40000 ALTER TABLE `paises` ENABLE KEYS */;
UNLOCK TABLES;

--
-- Table structure for table `paquete_pago`
--

DROP TABLE IF EXISTS `paquete_pago`;
/*!40101 SET @saved_cs_client     = @@character_set_client */;
/*!40101 SET character_set_client = utf8 */;
CREATE TABLE `paquete_pago` (
  `id_paquete` int(11) NOT NULL AUTO_INCREMENT,
  `nombre` varchar(45) DEFAULT NULL,
  PRIMARY KEY (`id_paquete`)
) ENGINE=InnoDB AUTO_INCREMENT=8 DEFAULT CHARSET=latin1;
/*!40101 SET character_set_client = @saved_cs_client */;

--
-- Dumping data for table `paquete_pago`
--

LOCK TABLES `paquete_pago` WRITE;
/*!40000 ALTER TABLE `paquete_pago` DISABLE KEYS */;
INSERT INTO `paquete_pago` VALUES (1,'Hospedaje'),(2,'Transporte'),(3,'Alimentación'),(4,'Pago de cuotas a la mafia'),(5,'No especificó'),(6,'Sólo cruce'),(7,'Cruce');
/*!40000 ALTER TABLE `paquete_pago` ENABLE KEYS */;
UNLOCK TABLES;

--
-- Table structure for table `paquetes2denuncias`
--

DROP TABLE IF EXISTS `paquetes2denuncias`;
/*!40101 SET @saved_cs_client     = @@character_set_client */;
/*!40101 SET character_set_client = utf8 */;
CREATE TABLE `paquetes2denuncias` (
  `id_paquete` int(11) NOT NULL,
  `id_denuncia` int(11) DEFAULT NULL
) ENGINE=InnoDB DEFAULT CHARSET=latin1;
/*!40101 SET character_set_client = @saved_cs_client */;

--
-- Dumping data for table `paquetes2denuncias`
--

LOCK TABLES `paquetes2denuncias` WRITE;
/*!40000 ALTER TABLE `paquetes2denuncias` DISABLE KEYS */;
INSERT INTO `paquetes2denuncias` VALUES (3,1),(1,1),(4,1),(2,1),(4,19),(4,22),(3,24),(4,24),(3,36),(1,36),(4,36),(2,36),(1,43),(4,43),(6,58),(4,64),(4,65),(3,66),(4,66),(3,67),(4,67),(3,72),(1,72),(3,82),(7,82),(1,82),(4,82),(6,95),(7,112),(7,114),(3,116),(7,116),(7,117),(1,117),(7,118),(6,121),(4,122),(3,126),(1,126),(4,126),(2,126),(3,129),(4,129),(2,129),(7,130),(7,132),(4,132),(4,137),(3,139),(1,139),(4,139),(6,141),(7,147),(4,155),(7,157),(6,159),(7,167),(2,167);
/*!40000 ALTER TABLE `paquetes2denuncias` ENABLE KEYS */;
UNLOCK TABLES;

--
-- Table structure for table `tipos_quejas`
--

DROP TABLE IF EXISTS `tipos_quejas`;
/*!40101 SET @saved_cs_client     = @@character_set_client */;
/*!40101 SET character_set_client = utf8 */;
CREATE TABLE `tipos_quejas` (
  `id_tipo_queja` int(11) NOT NULL AUTO_INCREMENT,
  `nombre` varchar(255) NOT NULL,
  PRIMARY KEY (`id_tipo_queja`)
) ENGINE=InnoDB AUTO_INCREMENT=4 DEFAULT CHARSET=latin1;
/*!40101 SET character_set_client = @saved_cs_client */;

--
-- Dumping data for table `tipos_quejas`
--

LOCK TABLES `tipos_quejas` WRITE;
/*!40000 ALTER TABLE `tipos_quejas` DISABLE KEYS */;
INSERT INTO `tipos_quejas` VALUES (1,'Individual'),(2,'Grupal'),(3,'Comunitaria');
/*!40000 ALTER TABLE `tipos_quejas` ENABLE KEYS */;
UNLOCK TABLES;

--
-- Table structure for table `transportes`
--

DROP TABLE IF EXISTS `transportes`;
/*!40101 SET @saved_cs_client     = @@character_set_client */;
/*!40101 SET character_set_client = utf8 */;
CREATE TABLE `transportes` (
  `id_transporte` int(11) NOT NULL AUTO_INCREMENT,
  `nombre` varchar(255) DEFAULT NULL,
  PRIMARY KEY (`id_transporte`)
) ENGINE=InnoDB AUTO_INCREMENT=14 DEFAULT CHARSET=latin1;
/*!40101 SET character_set_client = @saved_cs_client */;

--
-- Dumping data for table `transportes`
--

LOCK TABLES `transportes` WRITE;
/*!40000 ALTER TABLE `transportes` DISABLE KEYS */;
INSERT INTO `transportes` VALUES (1,'Autobús de la Central'),(2,'Autobús de turismo'),(3,'Taxi'),(4,'Tren'),(5,'Camion'),(6,'Otro'),(7,'Vehículos oficiales'),(8,'Vehículos particulares'),(9,'Patrulla'),(10,'A pie'),(11,'Particulares'),(12,'Combi'),(13,'Bicicleta');
/*!40000 ALTER TABLE `transportes` ENABLE KEYS */;
UNLOCK TABLES;

--
-- Table structure for table `users`
--

DROP TABLE IF EXISTS `users`;
/*!40101 SET @saved_cs_client     = @@character_set_client */;
/*!40101 SET character_set_client = utf8 */;
CREATE TABLE `users` (
  `id_user` int(11) NOT NULL AUTO_INCREMENT,
  `id_organization` int(11) NOT NULL,
  `id_area` int(11) NOT NULL,
  `username` varchar(45) NOT NULL,
  `name` varchar(45) DEFAULT NULL,
  `lastname` varchar(45) DEFAULT NULL,
  `pwd` varchar(45) NOT NULL,
  `email` varchar(100) DEFAULT NULL,
  `type` varchar(45) NOT NULL DEFAULT 'normal',
  `date_create` timestamp NOT NULL DEFAULT CURRENT_TIMESTAMP,
  PRIMARY KEY (`id_user`)
) ENGINE=InnoDB AUTO_INCREMENT=8 DEFAULT CHARSET=latin1;
/*!40101 SET character_set_client = @saved_cs_client */;

--
-- Dumping data for table `users`
--

LOCK TABLES `users` WRITE;
/*!40000 ALTER TABLE `users` DISABLE KEYS */;
INSERT INTO `users` VALUES (1,1,1,'peromaty@yahoo.com.mx','Maty','Perez','f0e1bfe4e40b602641bf510bf2310cbd','peromaty@yahoo.com.mx','admin','2014-05-28 16:26:46'),(2,1,1,'carlos@fundar.org.mx','Carlos Hugo','Gonzalez Castell','f0e1bfe4e40b602641bf510bf2310cbd','carlos@fundar.org.mx','admin','2014-05-28 16:27:24'),(3,1,1,'silvia@fundar.org.mx','Silvia','Ruiz','f0e1bfe4e40b602641bf510bf2310cbd','silvia@fundar.org.mx','admin','2014-05-28 16:43:35'),(4,2,1,'rimahr2001@yahoo.com','Ricardo Machuca','Iniciativa Kino para la Frontera','f0e1bfe4e40b602641bf510bf2310cbd','rimahr2001@yahoo.com','nomrmal','2014-05-29 18:57:54'),(5,3,1,'p.delangel@pdib.org','Perla del Ángel','Centro de Recursos para Migrantes','f0e1bfe4e40b602641bf510bf2310cbd','p.delangel@pdib.org','nomrmal','2014-05-29 18:58:05'),(6,4,1,'ccamyn_altar@hotmail.com','Denisse López','Centro Comunitario de Atención al Migrante y ','f0e1bfe4e40b602641bf510bf2310cbd','ccamyn_altar@hotmail.com','nomrmal','2014-05-29 18:58:42'),(7,1,1,'chucho','Jesus','Peralta Lopez','f0e1bfe4e40b602641bf510bf2310cbd','jesus@fundar.org.mx','normal','2014-07-04 18:39:49');
/*!40000 ALTER TABLE `users` ENABLE KEYS */;
UNLOCK TABLES;

--
-- Table structure for table `violacion_derechos`
--

DROP TABLE IF EXISTS `violacion_derechos`;
/*!40101 SET @saved_cs_client     = @@character_set_client */;
/*!40101 SET character_set_client = utf8 */;
CREATE TABLE `violacion_derechos` (
  `id_violacion` int(11) NOT NULL AUTO_INCREMENT,
  `id_derecho` int(11) NOT NULL,
  `nombre` varchar(255) NOT NULL,
  PRIMARY KEY (`id_violacion`)
) ENGINE=InnoDB AUTO_INCREMENT=29 DEFAULT CHARSET=latin1;
/*!40101 SET character_set_client = @saved_cs_client */;

--
-- Dumping data for table `violacion_derechos`
--

LOCK TABLES `violacion_derechos` WRITE;
/*!40000 ALTER TABLE `violacion_derechos` DISABLE KEYS */;
INSERT INTO `violacion_derechos` VALUES (1,1,'Detención ilegal y/o arbitraria'),(2,1,'Omisión de poner inmediatamente a disposición de la autoridad competente a la persona'),(5,1,'Restricción al libre tránsito'),(6,3,'Falta de una defensa adecuada'),(7,3,'Falta de protección consular'),(8,3,'Falta de seguimiento a casos de abusos'),(9,2,'Tortura'),(10,2,'Tratos crueles Inhumanos y degradantes'),(11,2,'Amenazas'),(12,1,'Desaparición forzada'),(13,2,'Incomunicación'),(14,1,'Secuestro'),(15,2,'Trata de personas'),(16,4,'Multa indebida'),(17,4,'Multa excesiva'),(18,4,'Robo'),(19,4,'Daños'),(20,4,'Extorsión'),(21,5,'Despido injustificado'),(22,5,'Riesgo de trabajo'),(23,5,'Falta de herramientas técnicas'),(24,5,'Falta de equipamiento'),(25,5,'Salario digno, justo y equitativo'),(26,6,'Ejecución extrajudicial'),(27,3,'Falta de investigación a casos de abuso'),(28,5,'Trato discriminatorio');
/*!40000 ALTER TABLE `violacion_derechos` ENABLE KEYS */;
UNLOCK TABLES;

--
-- Table structure for table `violacion_derechos2denuncias`
--

DROP TABLE IF EXISTS `violacion_derechos2denuncias`;
/*!40101 SET @saved_cs_client     = @@character_set_client */;
/*!40101 SET character_set_client = utf8 */;
CREATE TABLE `violacion_derechos2denuncias` (
  `id_violacion` int(11) NOT NULL,
  `id_denuncia` int(11) NOT NULL
) ENGINE=InnoDB DEFAULT CHARSET=latin1;
/*!40101 SET character_set_client = @saved_cs_client */;

--
-- Dumping data for table `violacion_derechos2denuncias`
--

LOCK TABLES `violacion_derechos2denuncias` WRITE;
/*!40000 ALTER TABLE `violacion_derechos2denuncias` DISABLE KEYS */;
INSERT INTO `violacion_derechos2denuncias` VALUES (19,1),(10,1),(1,3),(11,4),(5,4),(1,5),(10,5),(14,9),(14,10),(20,12),(18,13),(5,14),(5,15),(18,15),(10,15),(5,16),(5,18),(20,19),(5,19),(20,20),(5,20),(20,22),(5,22),(5,24),(14,25),(5,26),(5,27),(20,28),(5,28),(20,30),(28,31),(14,32),(1,33),(9,33),(5,34),(20,36),(5,36),(18,37),(20,39),(5,39),(20,40),(5,40),(14,41),(20,43),(20,44),(5,44),(20,45),(5,45),(5,47),(18,47),(5,48),(20,49),(5,49),(18,50),(20,51),(10,51),(20,52),(11,54),(14,54),(10,54),(1,56),(18,56),(11,57),(5,57),(20,58),(5,62),(18,62),(10,62),(11,63),(20,63),(10,63),(14,64),(20,65),(5,65),(20,66),(5,66),(14,67),(5,68),(9,68),(5,71),(20,72),(18,75),(10,75),(11,76),(19,76),(5,76),(28,76),(10,76),(5,72),(20,78),(5,78),(1,79),(5,79),(10,79),(20,80),(5,81),(11,82),(18,82),(10,82),(1,84),(20,84),(5,84),(11,86),(20,86),(5,86),(1,87),(10,87),(18,89),(18,91),(20,92),(20,95),(20,97),(20,98),(18,98),(5,50),(11,101),(18,101),(1,104),(18,104),(20,105),(5,105),(5,106),(14,99),(20,102),(5,102),(11,110),(5,110),(5,111),(18,111),(9,111),(5,112),(11,113),(18,113),(18,114),(9,114),(11,115),(18,115),(10,9),(1,12),(20,14),(10,14),(1,21),(18,21),(26,25),(9,25),(20,26),(10,26),(14,29),(10,32),(10,34),(14,35),(10,35),(9,41),(14,42),(10,42),(20,48),(14,48),(5,51),(1,61),(18,61),(10,61),(5,74),(28,74),(5,80),(20,81),(9,81),(11,85),(20,85),(5,85),(18,87),(5,89),(5,94),(9,94),(14,96),(28,96),(5,98),(18,107),(14,108),(5,114),(20,118),(5,118),(1,121),(18,120),(9,122),(20,123),(5,123),(1,124),(10,124),(20,125),(10,125),(20,126),(6,129),(20,130),(5,130),(1,131),(18,131),(5,132),(18,133),(10,133),(5,134),(1,135),(18,136),(5,137),(14,140),(9,140),(1,141),(18,143),(14,6),(1,147),(13,147),(9,147),(10,10),(14,2),(20,5),(14,7),(1,11),(20,11),(10,21),(19,24),(20,33),(5,43),(10,43),(5,101),(14,120),(5,103),(18,103),(6,104),(9,104),(14,122),(9,105),(1,90),(9,90),(14,106),(10,106),(5,107),(10,107),(11,91),(1,91),(10,110),(18,112),(5,113),(1,92),(5,115),(5,138),(10,138),(14,117),(11,139),(18,94),(14,116),(28,116),(10,116),(15,93),(5,95),(18,141),(20,145),(5,145),(20,142),(5,142),(10,142),(10,143),(5,97),(14,144),(9,144),(20,147),(5,148),(18,148),(5,151),(18,151),(9,151),(26,150),(20,152),(5,152),(5,156),(10,156),(20,157),(14,157),(20,158),(11,159),(20,159),(5,160),(10,160),(5,161),(10,161),(10,162),(14,163),(10,163),(10,164),(1,165),(20,166),(10,166),(20,167),(19,168),(20,168),(11,169),(20,171),(11,172),(20,172),(18,173);
/*!40000 ALTER TABLE `violacion_derechos2denuncias` ENABLE KEYS */;
UNLOCK TABLES;
/*!40103 SET TIME_ZONE=@OLD_TIME_ZONE */;

/*!40101 SET SQL_MODE=@OLD_SQL_MODE */;
/*!40014 SET FOREIGN_KEY_CHECKS=@OLD_FOREIGN_KEY_CHECKS */;
/*!40014 SET UNIQUE_CHECKS=@OLD_UNIQUE_CHECKS */;
/*!40101 SET CHARACTER_SET_CLIENT=@OLD_CHARACTER_SET_CLIENT */;
/*!40101 SET CHARACTER_SET_RESULTS=@OLD_CHARACTER_SET_RESULTS */;
/*!40101 SET COLLATION_CONNECTION=@OLD_COLLATION_CONNECTION */;
/*!40111 SET SQL_NOTES=@OLD_SQL_NOTES */;

-- Dump completed on 2015-02-12  2:13:26
